<?xml version="1.0" encoding="utf-8" ?>
<kml xmlns="http://www.opengis.net/kml/2.2">
<Document id="root_doc">
<Schema name="emscw_all" id="emscw_all">
	<SimpleField name="timestamp" type="string"></SimpleField>
	<SimpleField name="begin" type="string"></SimpleField>
	<SimpleField name="end" type="string"></SimpleField>
	<SimpleField name="altitudeMode" type="string"></SimpleField>
	<SimpleField name="tessellate" type="int"></SimpleField>
	<SimpleField name="extrude" type="int"></SimpleField>
	<SimpleField name="visibility" type="int"></SimpleField>
	<SimpleField name="drawOrder" type="int"></SimpleField>
	<SimpleField name="icon" type="string"></SimpleField>
	<SimpleField name="layer" type="string"></SimpleField>
	<SimpleField name="path" type="string"></SimpleField>
</Schema>
<Folder><name>emscw_all</name>
  <Placemark>
	<name>EMSCW-19 Border</name>
	<Style><LineStyle><color>ff0000ff</color></LineStyle><PolyStyle><fill>0</fill></PolyStyle></Style>
	<ExtendedData><SchemaData schemaUrl="#emscw_all">
		<SimpleData name="tessellate">-1</SimpleData>
		<SimpleData name="extrude">0</SimpleData>
		<SimpleData name="visibility">-1</SimpleData>
		<SimpleData name="layer">emscw-19</SimpleData>
		<SimpleData name="path">/home/anomalia/projects/dashboards_minka/emscw_2026/polygons/emscw-19.kml|layername=emscw-19|geometrytype=Polygon</SimpleData>
	</SchemaData></ExtendedData>
      <MultiGeometry><Polygon><outerBoundaryIs><LinearRing><coordinates>-9.567883,39.468296 -9.569165,39.480846 -9.568132,39.483676 -9.557314,39.494604 -9.539937,39.496728 -9.537735,39.496324 -9.522876,39.487271 -9.522079,39.472446 -9.523023,39.470605 -9.537834,39.459779 -9.540124,39.459196 -9.556318,39.459675 -9.567883,39.468296</coordinates></LinearRing></outerBoundaryIs></Polygon><Polygon><outerBoundaryIs><LinearRing><coordinates>-8.961522,42.343451 -8.968373,42.349702 -8.973003,42.362232 -8.971141,42.375248 -8.967517,42.377661 -8.967169,42.388862 -8.953205,42.406876 -8.940598,42.414901 -8.924122,42.415234 -8.916619,42.413392 -8.903425,42.40535 -8.900935,42.392753 -8.91235,42.354436 -8.908463,42.350729 -8.913239,42.33567 -8.917866,42.331314 -8.931935,42.324722 -8.94827,42.326233 -8.959331,42.335149 -8.961354,42.338787 -8.961522,42.343451</coordinates></LinearRing></outerBoundaryIs></Polygon><Polygon><outerBoundaryIs><LinearRing><coordinates>-5.144911,48.431061 -5.145068,48.432712 -5.158722,48.434369 -5.1704,48.445721 -5.166428,48.459255 -5.156235,48.469453 -5.142374,48.476567 -5.14096,48.476891 -5.14096,48.426197 -5.144911,48.431061</coordinates></LinearRing></outerBoundaryIs></Polygon><Polygon><outerBoundaryIs><LinearRing><coordinates>-5.714035,43.535257 -5.707172,43.52184 -5.716086,43.508916 -5.718871,43.50721 -5.728127,43.50532 -5.731582,43.502584 -5.749091,43.5012 -5.763284,43.508614 -5.766991,43.521081 -5.766587,43.523013 -5.758897,43.533609 -5.757774,43.534373 -5.749106,43.536356 -5.748526,43.536939 -5.734322,43.540554 -5.7323,43.540599 -5.714035,43.535257</coordinates></LinearRing></outerBoundaryIs></Polygon><Polygon><outerBoundaryIs><LinearRing><coordinates>-8.937906,38.521721 -8.910414,38.535288 -8.900525,38.537996 -8.885699,38.539255 -8.873234,38.537509 -8.849934,38.528348 -8.841407,38.532827 -8.839879,38.533007 -8.836768,38.532821 -8.834606,38.534854 -8.825277,38.535051 -8.824284,38.538372 -8.824526,38.539609 -8.824497,38.539696 -8.825536,38.542434 -8.822392,38.548722 -8.822337,38.549505 -8.815565,38.561486 -8.800474,38.566984 -8.79734,38.566214 -8.79714,38.566362 -8.793375,38.565742 -8.787182,38.568156 -8.774286,38.564592 -8.773601,38.565664 -8.770652,38.567627 -8.768858,38.570959 -8.765216,38.57232 -8.763334,38.57456 -8.762876,38.574815 -8.762526,38.57501 -8.762109,38.575199 -8.761881,38.575412 -8.761323,38.575641 -8.760273,38.577557 -8.757893,38.579399 -8.757028,38.579648 -8.755923,38.582491 -8.743273,38.589463 -8.740263,38.590137 -8.736958,38.589877 -8.731949,38.59146 -8.730019,38.590847 -8.729876,38.590899 -8.72545,38.589648 -8.708009,38.588159 -8.697915,38.574534 -8.705645,38.559632 -8.709418,38.556938 -8.711124,38.556416 -8.711778,38.555505 -8.714257,38.554129 -8.712773,38.545769 -8.713635,38.54012 -8.711768,38.539456 -8.707343,38.5385 -8.706944,38.538005 -8.690193,38.539154 -8.676885,38.528271 -8.678528,38.517504 -8.942109,38.517504 -8.937906,38.521721</coordinates></LinearRing></outerBoundaryIs></Polygon><Polygon><outerBoundaryIs><LinearRing><coordinates>-9.160781,39.3944 -9.146156,39.398124 -9.13196,39.394005 -9.124362,39.383833 -9.124048,39.38253 -9.126171,39.370996 -9.136842,39.362683 -9.137875,39.362278 -9.155592,39.361209 -9.168776,39.370201 -9.16936,39.371144 -9.170905,39.383313 -9.162083,39.393636 -9.160781,39.3944</coordinates></LinearRing></outerBoundaryIs></Polygon><Polygon><outerBoundaryIs><LinearRing><coordinates>-9.484547,39.430527 -9.478385,39.418723 -9.483991,39.406522 -9.494727,39.396597 -9.507729,39.390417 -9.522662,39.391667 -9.533224,39.39982 -9.534257,39.401481 -9.536504,39.408441 -9.537001,39.417379 -9.529796,39.431386 -9.511619,39.436616 -9.499353,39.435943 -9.484547,39.430527</coordinates></LinearRing></outerBoundaryIs></Polygon><Polygon><outerBoundaryIs><LinearRing><coordinates>-9.205989,38.519495 -9.216597,38.561347 -9.24333,38.612476 -9.281729,38.651291 -9.286122,38.665171 -9.276154,38.677442 -9.272939,38.679182 -9.275143,38.679423 -9.310797,38.658459 -9.335498,38.656883 -9.397759,38.683333 -9.401807,38.683081 -9.403726,38.680488 -9.415297,38.672568 -9.43042,38.671919 -9.484036,38.684223 -9.495129,38.690045 -9.504607,38.69934 -9.508536,38.715625 -9.497954,38.74349 -9.50632,38.749169 -9.512344,38.755763 -9.521691,38.773727 -9.520747,38.7889 -9.494446,38.828896 -9.439248,38.945905 -9.450715,38.998531 -9.45066,39.00483 -9.438837,39.05534 -9.444085,39.068997 -9.442523,39.0824 -9.409992,39.132854 -9.409942,39.132931 -9.379524,39.180039 -9.362709,39.229448 -9.359386,39.269657 -9.368139,39.302128 -9.379062,39.31112 -9.385141,39.321795 -9.386145,39.331412 -9.41949,39.343744 -9.431808,39.355936 -9.426947,39.371276 -9.416842,39.380935 -9.396875,39.387753 -9.395178,39.387663 -9.394343,39.389198 -9.374738,39.393651 -9.361863,39.386351 -9.361199,39.391878 -9.359986,39.39327 -9.345629,39.400972 -9.328659,39.398958 -9.325432,39.395598 -9.317416,39.398472 -9.245707,39.446872 -9.214321,39.486395 -9.213133,39.487074 -9.212739,39.488152 -9.18741,39.513399 -9.179165,39.518637 -9.166837,39.523402 -9.166739,39.527771 -9.154819,39.537521 -9.146339,39.540643 -9.101677,39.594146 -9.108088,39.608473 -9.108581,39.618955 -9.072684,39.724693 -9.071696,39.725714 -9.071717,39.726856 -8.990598,39.885711 -8.900503,40.090957 -8.889401,40.127655 -8.899012,40.134073 -8.901514,40.145949 -8.900222,40.151392 -8.905385,40.15606 -8.920116,40.163692 -8.929977,40.176043 -8.931778,40.186912 -8.930677,40.195092 -8.868021,40.335247 -8.776696,40.622332 -8.776053,40.625899 -8.776161,40.625905 -8.787699,40.63564 -8.787202,40.648912 -8.767857,40.683583 -8.683126,40.932004 -8.668933,41.02028 -8.681558,41.063738 -8.68132,41.064751 -8.682067,41.06578 -8.691343,41.131777 -8.693797,41.135458 -8.697959,41.139087 -8.707453,41.155702 -8.720441,41.157044 -8.731203,41.167094 -8.735069,41.176436 -8.734395,41.188564 -8.732557,41.192016 -8.751958,41.236453 -8.75252,41.246148 -8.748921,41.257842 -8.766039,41.324351 -8.769426,41.326208 -8.774861,41.332181 -8.778585,41.339018 -8.782313,41.354532 -8.794807,41.365091 -8.81126,41.407038 -8.811887,41.41514 -8.800058,41.467364 -8.811674,41.513418 -8.811485,41.514099 -8.81203,41.514831 -8.814906,41.533951 -8.817175,41.538287 -8.83058,41.599501 -8.84407,41.62078 -8.846322,41.627404 -8.848569,41.657136 -8.852551,41.656796 -8.867003,41.667564 -8.904083,41.746562 -8.904531,41.757365 -8.896087,41.779958 -8.89922,41.794668 -8.895938,41.806984 -8.891446,41.812501 -8.899392,41.835292 -8.899024,41.845285 -8.896438,41.851382 -8.900354,41.859982 -8.899771,41.862902 -8.897426,41.865427 -8.903141,41.872365 -8.90539,41.887417 -8.90074,41.897808 -8.907643,41.908776 -8.909889,41.91592 -8.911436,41.965506 -8.910359,41.967595 -8.910904,41.969804 -8.902133,42.000355 -8.912167,42.018925 -8.91232,42.031982 -8.908247,42.040037 -8.919115,42.059664 -8.920269,42.070589 -8.916694,42.081925 -8.924489,42.107923 -8.922843,42.112423 -8.924016,42.117575 -8.916453,42.128012 -8.915869,42.128416 -8.901341,42.133276 -8.886054,42.130482 -8.885743,42.130331 -8.881274,42.133148 -8.888738,42.13894 -8.889412,42.140422 -8.889156,42.152426 -8.878801,42.161786 -8.87633,42.162909 -8.870048,42.163859 -8.868541,42.167941 -8.84957,42.174451 -8.842917,42.174418 -8.836851,42.194143 -8.828216,42.202298 -8.828473,42.20291 -8.817114,42.215914 -8.812217,42.218205 -8.80101,42.220116 -8.798605,42.22662 -8.793876,42.229995 -8.808502,42.23239 -8.81592,42.23703 -8.817763,42.236128 -8.842242,42.235048 -8.845063,42.236122 -8.850007,42.231237 -8.865061,42.227992 -8.872526,42.230163 -8.872496,42.222226 -8.877486,42.210684 -8.877937,42.210368 -8.877607,42.210088 -8.869613,42.201552 -8.865619,42.188828 -8.874374,42.177305 -8.891217,42.173108 -8.908999,42.173737 -8.922675,42.177538 -8.930724,42.186557 -8.935984,42.200525 -8.935693,42.203406 -8.940504,42.208299 -8.937455,42.221976 -8.931379,42.229277 -8.931145,42.23244 -8.938434,42.241378 -8.940271,42.257022 -8.924792,42.267996 -8.903828,42.26591 -8.895685,42.261851 -8.879455,42.313516 -8.868345,42.324984 -8.854601,42.326645 -8.862921,42.336272 -8.856816,42.350791 -8.838,42.356939 -8.799361,42.35649 -8.785604,42.353078 -8.78168,42.349066 -8.774671,42.352224 -8.769458,42.36424 -8.769647,42.364517 -8.766056,42.372598 -8.777996,42.369757 -8.795033,42.377395 -8.796819,42.37936 -8.803365,42.380355 -8.806993,42.376195 -8.823038,42.368103 -8.834623,42.366397 -8.858673,42.373273 -8.881413,42.396385 -8.889379,42.398406 -8.889717,42.398629 -8.889789,42.398627 -8.891429,42.399762 -8.903124,42.407494 -8.903147,42.407865 -8.903255,42.40794 -8.903368,42.411429 -8.903975,42.421236 -8.903691,42.42147 -8.903698,42.421698 -8.897236,42.434149 -8.89858,42.437136 -8.905639,42.439736 -8.928829,42.433778 -8.940594,42.435753 -8.954745,42.442739 -8.964313,42.452753 -8.967603,42.468299 -8.960961,42.48429 -8.950198,42.49457 -8.933026,42.497027 -8.915176,42.494698 -8.914311,42.498422 -8.898893,42.512417 -8.893811,42.513901 -8.901111,42.520781 -8.901833,42.522522 -8.911014,42.521969 -8.918425,42.526545 -8.921112,42.526037 -8.93128,42.53242 -8.937569,42.530049 -8.955396,42.534448 -8.956968,42.535481 -8.961937,42.543056 -8.967189,42.53095 -8.983214,42.520055 -8.982643,42.518247 -8.984358,42.508664 -8.980249,42.504026 -8.979218,42.500567 -8.979489,42.499256 -8.973641,42.49526 -8.972878,42.493598 -8.973509,42.480872 -8.978623,42.476822 -8.975448,42.46598 -8.985331,42.454326 -8.996424,42.448353 -9.017749,42.44555 -9.033375,42.456344 -9.042858,42.475431 -9.038107,42.491472 -9.039165,42.490693 -9.055737,42.489509 -9.069277,42.49644 -9.070849,42.498101 -9.072741,42.516093 -9.070766,42.519148 -9.06635,42.521762 -9.065628,42.536483 -9.060674,42.546787 -9.056895,42.550507 -9.05695,42.550645 -9.060178,42.553169 -9.070492,42.548522 -9.088948,42.552087 -9.106688,42.56237 -9.115224,42.57242 -9.113224,42.584318 -9.103449,42.591433 -9.103659,42.596954 -9.098518,42.608581 -9.08718,42.614025 -9.086117,42.621522 -9.079666,42.632025 -9.064642,42.644062 -9.058152,42.696476 -9.05504,42.703797 -9.044938,42.716959 -9.033929,42.723257 -9.033142,42.728457 -9.026338,42.739119 -9.015015,42.743463 -9.014264,42.745324 -8.99585,42.758026 -8.981398,42.760449 -8.982221,42.761081 -8.985543,42.760613 -9.01913,42.764296 -9.024548,42.766724 -9.028593,42.758523 -9.0387,42.748689 -9.05233,42.742638 -9.052401,42.74067 -9.056888,42.730694 -9.068111,42.724133 -9.078305,42.721124 -9.095492,42.720808 -9.108506,42.728888 -9.113294,42.735271 -9.126078,42.737264 -9.136037,42.745745 -9.1542,42.778467 -9.164104,42.782832 -9.174698,42.792872 -9.173366,42.805672 -9.170543,42.807702 -9.172224,42.814749 -9.165423,42.824885 -9.16394,42.826008 -9.148346,42.831521 -9.142769,42.830405 -9.154465,42.836665 -9.16763,42.85647 -9.167997,42.861121 -9.169903,42.864811 -9.183717,42.860687 -9.199592,42.86443 -9.201074,42.865283 -9.21023,42.878795 -9.210276,42.880367 -9.200012,42.895519 -9.177313,42.898071 -9.175381,42.897577 -9.168694,42.893579 -9.168637,42.894858 -9.168452,42.895236 -9.176761,42.901031 -9.186445,42.898579 -9.195211,42.899364 -9.206885,42.898421 -9.223284,42.901422 -9.230093,42.908596 -9.233003,42.90785 -9.232691,42.90343 -9.246535,42.874776 -9.256973,42.865272 -9.273132,42.862655 -9.287706,42.868109 -9.299115,42.87709 -9.305038,42.892816 -9.301936,42.903788 -9.302173,42.903818 -9.318028,42.911261 -9.321674,42.924871 -9.316561,42.943018 -9.312572,42.949799 -9.285844,42.97785 -9.285637,42.99485 -9.287935,42.995463 -9.303277,43.008658 -9.308843,43.029794 -9.309013,43.029778 -9.324093,43.040864 -9.324768,43.042346 -9.325084,43.052874 -9.322667,43.055645 -9.323539,43.058497 -9.311834,43.070581 -9.304781,43.073681 -9.287853,43.076044 -9.276062,43.071005 -9.275176,43.072645 -9.280537,43.086378 -9.277452,43.101174 -9.260171,43.109368 -9.25096,43.110402 -9.243803,43.109383 -9.24328,43.114564 -9.232374,43.128346 -9.22636,43.129011 -9.236257,43.141865 -9.239325,43.151595 -9.238476,43.162419 -9.231606,43.173965 -9.216155,43.179581 -9.206011,43.177723 -9.204903,43.178613 -9.20476,43.178663 -9.204692,43.178717 -9.204598,43.17872 -9.202283,43.179531 -9.198785,43.193625 -9.19091,43.20395 -9.176067,43.208649 -9.164561,43.206475 -9.14879,43.213276 -9.114284,43.212378 -9.10362,43.207693 -9.091075,43.209943 -9.076368,43.200755 -9.069897,43.201641 -9.060055,43.207287 -9.056261,43.219272 -9.045523,43.230496 -9.036567,43.231811 -9.035117,43.241007 -9.023073,43.249594 -9.006417,43.250713 -8.992792,43.243851 -8.992492,43.243541 -8.984006,43.246753 -8.995702,43.250413 -9.010211,43.262942 -9.015746,43.276454 -9.006051,43.288863 -8.971418,43.308226 -8.957915,43.311968 -8.943969,43.309637 -8.939274,43.307659 -8.93561,43.30881 -8.93582,43.309485 -8.935737,43.30984 -8.9361,43.310241 -8.933638,43.31875 -8.932617,43.323083 -8.932342,43.323228 -8.932191,43.32375 -8.924872,43.331612 -8.911169,43.338927 -8.894361,43.33822 -8.886298,43.335679 -8.884477,43.337493 -8.86905,43.340834 -8.867445,43.340378 -8.866518,43.345953 -8.867537,43.346484 -8.869102,43.36144 -8.865871,43.367819 -8.855867,43.376904 -8.840432,43.379785 -8.830547,43.379246 -8.815379,43.374273 -8.808223,43.363354 -8.807193,43.355583 -8.810803,43.348794 -8.806833,43.344654 -8.803844,43.344464 -8.789844,43.340096 -8.782228,43.330511 -8.780988,43.326175 -8.743682,43.312978 -8.735163,43.315233 -8.71444,43.313943 -8.705347,43.310107 -8.638835,43.33033 -8.635046,43.330344 -8.631587,43.331714 -8.625402,43.332209 -8.617694,43.338339 -8.599545,43.339457 -8.563065,43.331403 -8.561965,43.331733 -8.548067,43.331733 -8.537765,43.336252 -8.538142,43.343844 -8.535623,43.345694 -8.540565,43.350513 -8.537958,43.364001 -8.523151,43.372466 -8.497273,43.377947 -8.478452,43.376437 -8.478163,43.376167 -8.475914,43.377802 -8.477076,43.382424 -8.476762,43.383098 -8.474068,43.385669 -8.473893,43.386816 -8.46421,43.395023 -8.460885,43.396551 -8.458602,43.397484 -8.456355,43.398292 -8.441806,43.398344 -8.438347,43.399566 -8.426653,43.397658 -8.419268,43.401952 -8.405296,43.405502 -8.388689,43.405443 -8.376514,43.398029 -8.376232,43.399012 -8.364152,43.406687 -8.315677,43.421379 -8.312634,43.421442 -8.330221,43.429821 -8.339612,43.44018 -8.348124,43.44176 -8.361641,43.448899 -8.371237,43.460042 -8.367616,43.473064 -8.348385,43.494736 -8.353813,43.504309 -8.354227,43.517123 -8.347405,43.531138 -8.337681,43.540005 -8.346555,43.549955 -8.350248,43.561983 -8.342312,43.573022 -8.328523,43.582232 -8.310371,43.587059 -8.293131,43.581079 -8.287856,43.576719 -8.270369,43.576136 -8.269352,43.575697 -8.259562,43.579715 -8.236103,43.593071 -8.222637,43.611463 -8.218305,43.614561 -8.217101,43.621796 -8.207266,43.631454 -8.188807,43.638861 -8.169329,43.633478 -8.16768,43.632231 -8.141641,43.654792 -8.124944,43.661266 -8.124422,43.661156 -8.118261,43.665209 -8.114651,43.672339 -8.101638,43.682629 -8.093915,43.682897 -8.085928,43.708215 -8.071294,43.720949 -8.042362,43.730025 -8.023814,43.730415 -8.002789,43.724772 -7.975305,43.73783 -7.974936,43.741584 -7.966709,43.753801 -7.949122,43.758559 -7.9392,43.758378 -7.929176,43.770341 -7.927722,43.773609 -7.917697,43.783222 -7.901642,43.786263 -7.892048,43.783143 -7.883097,43.787853 -7.863833,43.791064 -7.847597,43.78318 -7.838481,43.772803 -7.837055,43.766756 -7.834815,43.761978 -7.837232,43.736151 -7.834402,43.732937 -7.834142,43.734356 -7.820021,43.742886 -7.815566,43.742725 -7.80554,43.751121 -7.788522,43.753115 -7.780218,43.751942 -7.743667,43.763443 -7.739722,43.769933 -7.734443,43.77363 -7.729273,43.778491 -7.712924,43.785389 -7.712694,43.790168 -7.706043,43.801862 -7.690472,43.807661 -7.673606,43.804724 -7.647596,43.79192 -7.637366,43.780581 -7.638882,43.775283 -7.622414,43.777782 -7.60589,43.766673 -7.604768,43.764382 -7.604933,43.752111 -7.610007,43.747753 -7.607728,43.736813 -7.600539,43.735592 -7.587643,43.728169 -7.58377,43.729505 -7.580725,43.729468 -7.578349,43.738497 -7.566049,43.746351 -7.557827,43.748822 -7.541135,43.749466 -7.538675,43.748934 -7.516958,43.752885 -7.506932,43.746611 -7.506689,43.746745 -7.483682,43.749581 -7.480492,43.748818 -7.474417,43.744182 -7.460262,43.740937 -7.447887,43.734473 -7.446928,43.733514 -7.429038,43.734297 -7.427645,43.733803 -7.416274,43.725383 -7.415907,43.722572 -7.412448,43.713285 -7.414624,43.710217 -7.412256,43.709975 -7.399961,43.706021 -7.385451,43.697214 -7.348466,43.688087 -7.333678,43.677867 -7.313116,43.640017 -7.296534,43.632582 -7.287777,43.625743 -7.273706,43.606137 -7.233813,43.591044 -7.228808,43.58641 -7.173403,43.58166 -7.159589,43.577006 -7.155936,43.572137 -7.136417,43.571944 -7.136289,43.572073 -7.124312,43.578646 -7.109407,43.579097 -7.075695,43.572452 -7.063832,43.576237 -7.038582,43.574619 -7.033832,43.573146 -7.028856,43.574599 -7.000405,43.574557 -6.987841,43.57937 -6.973743,43.577144 -6.970042,43.578622 -6.969532,43.580598 -6.95387,43.588533 -6.930687,43.592307 -6.910674,43.589274 -6.905492,43.58649 -6.898029,43.58844 -6.872946,43.584796 -6.871877,43.584076 -6.865312,43.586443 -6.844252,43.586827 -6.839984,43.583221 -6.837022,43.58379 -6.814914,43.580249 -6.806033,43.574833 -6.796234,43.57647 -6.796039,43.576431 -6.795522,43.577047 -6.780456,43.585222 -6.761958,43.583521 -6.759597,43.582549 -6.746772,43.584393 -6.740639,43.58151 -6.737616,43.581924 -6.719237,43.579174 -6.718762,43.578646 -6.703899,43.581173 -6.682131,43.577253 -6.633983,43.589485 -6.618235,43.589651 -6.605667,43.582896 -6.604359,43.581524 -6.592886,43.581678 -6.579396,43.571903 -6.5791,43.57137 -6.543204,43.572519 -6.526098,43.565191 -6.50364,43.568045 -6.501873,43.567758 -6.500594,43.568199 -6.495441,43.568399 -6.495268,43.571045 -6.488808,43.582394 -6.473907,43.588231 -6.457442,43.585862 -6.425677,43.571853 -6.404213,43.576602 -6.390544,43.576773 -6.354695,43.56975 -6.307491,43.585443 -6.30657,43.585749 -6.30589,43.585975 -6.303793,43.587404 -6.302131,43.587718 -6.300884,43.587637 -6.277446,43.595417 -6.270519,43.59591 -6.265733,43.60271 -6.248037,43.612369 -6.226921,43.608116 -6.214539,43.599979 -6.203803,43.602318 -6.196144,43.597894 -6.196036,43.597941 -6.178863,43.595647 -6.168225,43.585664 -6.167825,43.584702 -6.157621,43.586834 -6.139041,43.585395 -6.113324,43.57527 -6.101578,43.577088 -6.095664,43.581928 -6.080886,43.587846 -6.069309,43.586279 -6.063118,43.588011 -6.05827,43.590918 -6.053382,43.600467 -6.049744,43.603567 -6.031219,43.609994 -6.012528,43.604207 -6.012093,43.603214 -5.998995,43.600287 -5.993643,43.596377 -5.990249,43.597031 -5.970377,43.596161 -5.970538,43.603921 -5.955777,43.614023 -5.940858,43.61788 -5.937738,43.627839 -5.92807,43.638525 -5.911167,43.642007 -5.893136,43.640913 -5.887595,43.642986 -5.884044,43.653278 -5.88982,43.662822 -5.882019,43.676041 -5.880267,43.677254 -5.863611,43.682307 -5.84677,43.677927 -5.846148,43.677053 -5.83029,43.676708 -5.817469,43.666799 -5.814719,43.661483 -5.814111,43.66156 -5.803912,43.659538 -5.791352,43.653577 -5.791058,43.653019 -5.789179,43.653166 -5.781454,43.647798 -5.769658,43.646375 -5.758938,43.634451 -5.756293,43.622907 -5.757138,43.621344 -5.747611,43.61436 -5.739068,43.597332 -5.724574,43.589832 -5.717619,43.587954 -5.71579,43.591761 -5.703554,43.598198 -5.685763,43.602511 -5.667634,43.601825 -5.65519,43.592336 -5.655122,43.579145 -5.658551,43.576421 -5.657204,43.575168 -5.657753,43.567951 -5.657427,43.567935 -5.657562,43.566722 -5.657883,43.566249 -5.657953,43.565325 -5.650737,43.563531 -5.631554,43.573348 -5.616628,43.576671 -5.602038,43.572898 -5.591778,43.567052 -5.536757,43.563961 -5.533211,43.565976 -5.508023,43.568379 -5.489877,43.56266 -5.412885,43.571943 -5.392245,43.567493 -5.373897,43.555191 -5.358349,43.554531 -5.347004,43.548994 -5.298012,43.552942 -5.280065,43.549205 -5.248575,43.531009 -5.242965,43.518213 -5.241361,43.517774 -5.232145,43.513286 -5.207649,43.494164 -5.156139,43.496484 -5.14096,43.499747 -5.14096,43.462345 -5.145435,43.461382 -5.1484,43.461609 -5.151048,43.460673 -5.216785,43.45771 -5.236185,43.463309 -5.264645,43.48552 -5.277363,43.489 -5.290537,43.497623 -5.292118,43.509905 -5.303284,43.516355 -5.351141,43.512495 -5.361048,43.51425 -5.373448,43.502654 -5.386127,43.496341 -5.399384,43.493466 -5.39939,43.493267 -5.40011,43.490573 -5.406752,43.481331 -5.407111,43.481061 -5.426517,43.475539 -5.444677,43.482658 -5.446777,43.490142 -5.448855,43.491712 -5.448804,43.503 -5.449007,43.504013 -5.448799,43.504172 -5.448795,43.50512 -5.443767,43.514194 -5.432966,43.523223 -5.42524,43.526458 -5.42088,43.5279 -5.412906,43.529894 -5.412453,43.530584 -5.412642,43.531882 -5.417303,43.535006 -5.489587,43.526285 -5.503437,43.527511 -5.515062,43.531176 -5.531603,43.527532 -5.603535,43.531573 -5.609768,43.533886 -5.616837,43.535298 -5.618542,43.53627 -5.637636,43.526496 -5.654362,43.523246 -5.661625,43.525814 -5.670386,43.524512 -5.695262,43.526308 -5.710469,43.531671 -5.717206,43.542946 -5.717196,43.54297 -5.722204,43.542968 -5.73479,43.550201 -5.736138,43.55439 -5.745407,43.556892 -5.751058,43.559067 -5.774321,43.571102 -5.783062,43.579443 -5.790372,43.593993 -5.800504,43.596752 -5.813342,43.604853 -5.815033,43.613413 -5.828287,43.618475 -5.830989,43.623155 -5.837521,43.622395 -5.842919,43.626067 -5.855199,43.614841 -5.877293,43.606579 -5.890817,43.604619 -5.894257,43.604828 -5.895575,43.600631 -5.890823,43.591062 -5.889858,43.571591 -5.878808,43.558474 -5.878674,43.557171 -5.891488,43.539913 -5.892701,43.539419 -5.904053,43.538155 -5.910905,43.535444 -5.92835,43.538615 -5.932662,43.54086 -5.940178,43.547229 -5.943278,43.551675 -5.945839,43.558269 -5.946425,43.563457 -5.947944,43.562731 -5.963193,43.559763 -5.978835,43.56045 -5.98293,43.556853 -5.998822,43.554277 -6.01336,43.559383 -6.022466,43.566037 -6.034862,43.55861 -6.038759,43.557729 -6.041939,43.555554 -6.050146,43.553258 -6.049229,43.539357 -6.053856,43.52976 -6.051922,43.523527 -6.052481,43.520696 -6.05151,43.518609 -6.051828,43.510749 -6.054257,43.503463 -6.057852,43.497984 -6.058439,43.497411 -6.058484,43.491233 -6.06036,43.489704 -6.060228,43.488281 -6.069981,43.478297 -6.076246,43.477028 -6.076334,43.4768 -6.087134,43.466257 -6.104785,43.463704 -6.119993,43.470486 -6.124747,43.483032 -6.124523,43.484604 -6.1221,43.490735 -6.120798,43.492667 -6.111187,43.499307 -6.110381,43.50342 -6.110409,43.503506 -6.110346,43.503602 -6.110158,43.504562 -6.109545,43.504824 -6.107136,43.508502 -6.107184,43.508848 -6.104391,43.514656 -6.105213,43.515107 -6.105284,43.515194 -6.105589,43.515349 -6.106083,43.516113 -6.106154,43.516259 -6.115232,43.527367 -6.117097,43.537749 -6.12548,43.538883 -6.154283,43.550227 -6.17804,43.545258 -6.196577,43.546679 -6.206295,43.555327 -6.212505,43.555883 -6.217941,43.56005 -6.218089,43.560006 -6.235042,43.56458 -6.23786,43.566432 -6.245924,43.560794 -6.262205,43.559599 -6.265217,43.560125 -6.286493,43.553063 -6.287414,43.552757 -6.342794,43.534346 -6.359613,43.533311 -6.397231,43.540684 -6.422468,43.535099 -6.442457,43.53689 -6.449858,43.540156 -6.462452,43.532126 -6.471113,43.533337 -6.498321,43.532284 -6.532525,43.527935 -6.54786,43.529567 -6.556757,43.536096 -6.594912,43.534869 -6.60922,43.537648 -6.616344,43.543887 -6.621999,43.543585 -6.635491,43.550541 -6.635968,43.55104 -6.673382,43.541531 -6.687562,43.541037 -6.699599,43.543206 -6.699534,43.529453 -6.700828,43.526991 -6.700468,43.525574 -6.703164,43.522545 -6.70412,43.520727 -6.697238,43.512152 -6.697059,43.511164 -6.703507,43.496473 -6.705213,43.495126 -6.717069,43.489866 -6.718191,43.489641 -6.737792,43.491698 -6.743126,43.49746 -6.74963,43.499271 -6.757211,43.511611 -6.75771,43.523603 -6.755149,43.532158 -6.754206,43.533551 -6.751285,43.535819 -6.753213,43.543272 -6.75337,43.543251 -6.766133,43.544776 -6.775942,43.538755 -6.791775,43.538104 -6.798974,43.539552 -6.810974,43.536202 -6.827077,43.540344 -6.837399,43.54664 -6.845577,43.545068 -6.864118,43.546804 -6.864224,43.546903 -6.86571,43.546367 -6.88025,43.544637 -6.89346,43.549181 -6.896028,43.55091 -6.901801,43.549401 -6.924814,43.5518 -6.931548,43.555418 -6.932333,43.55529 -6.937187,43.550942 -6.962605,43.540794 -6.97473,43.538537 -6.991506,43.538567 -6.98552,43.529334 -6.992798,43.515989 -7.011088,43.510557 -7.011251,43.510559 -7.022106,43.473736 -7.027359,43.465881 -7.033154,43.460806 -7.047888,43.454493 -7.053815,43.453685 -7.056143,43.454106 -7.058782,43.451672 -7.060741,43.451388 -7.062243,43.449463 -7.070403,43.443459 -7.073939,43.437377 -7.09091,43.431917 -7.108175,43.43647 -7.114187,43.445576 -7.114964,43.445374 -7.115368,43.446227 -7.11531,43.447276 -7.116118,43.4485 -7.116253,43.450072 -7.115151,43.450134 -7.114642,43.459265 -7.110751,43.462153 -7.108238,43.467159 -7.097594,43.476459 -7.091614,43.478977 -7.091602,43.478998 -7.09039,43.480301 -7.084814,43.483219 -7.08357,43.4848 -7.077191,43.488305 -7.076392,43.48842 -7.079407,43.495066 -7.079139,43.498659 -7.077816,43.500422 -7.077088,43.508951 -7.075741,43.511557 -7.072482,43.514239 -7.072585,43.527543 -7.067582,43.53592 -7.078864,43.535659 -7.109074,43.541617 -7.124763,43.535844 -7.160864,43.536204 -7.166174,43.536677 -7.180902,43.539191 -7.19099,43.546886 -7.221667,43.549517 -7.226911,43.54326 -7.247947,43.529561 -7.248012,43.529519 -7.256457,43.52141 -7.276325,43.519904 -7.291056,43.529507 -7.29191,43.5309 -7.293493,43.541871 -7.293089,43.543264 -7.289869,43.54678 -7.289848,43.548014 -7.288995,43.549497 -7.287018,43.551131 -7.286517,43.552176 -7.285711,43.552861 -7.28467,43.553747 -7.285163,43.55423 -7.281494,43.56827 -7.295611,43.573607 -7.297744,43.572771 -7.314538,43.575392 -7.324754,43.58535 -7.323521,43.59716 -7.328765,43.604459 -7.346533,43.612423 -7.356363,43.620952 -7.375784,43.656661 -7.406258,43.664177 -7.40963,43.666344 -7.414151,43.667357 -7.426859,43.67507 -7.443714,43.676787 -7.452881,43.681272 -7.453717,43.681188 -7.46107,43.682535 -7.471603,43.678223 -7.489415,43.681408 -7.490358,43.681902 -7.500436,43.696567 -7.49834,43.699411 -7.49974,43.700826 -7.499926,43.704442 -7.502427,43.703749 -7.503389,43.703978 -7.504604,43.703051 -7.523983,43.702796 -7.532649,43.709133 -7.536841,43.703212 -7.553875,43.695786 -7.554905,43.685842 -7.565678,43.67708 -7.569399,43.675543 -7.569094,43.669026 -7.570104,43.663297 -7.573745,43.654359 -7.582749,43.647241 -7.584701,43.638341 -7.599437,43.630076 -7.617813,43.631403 -7.629623,43.641586 -7.633444,43.650164 -7.631066,43.663757 -7.633264,43.665795 -7.637803,43.674732 -7.637151,43.688253 -7.633532,43.694151 -7.63894,43.70173 -7.638167,43.706335 -7.654415,43.719086 -7.655902,43.726197 -7.657552,43.725904 -7.65792,43.725956 -7.659822,43.72269 -7.666527,43.717973 -7.665938,43.716295 -7.669201,43.702046 -7.685836,43.693945 -7.705773,43.691251 -7.726838,43.695535 -7.734714,43.71029 -7.725134,43.721712 -7.724828,43.725965 -7.724614,43.726384 -7.725653,43.73012 -7.768124,43.716756 -7.777438,43.716011 -7.777539,43.71582 -7.786733,43.708964 -7.786878,43.708048 -7.787834,43.707405 -7.787725,43.707347 -7.786063,43.705685 -7.782594,43.689824 -7.798106,43.678113 -7.798959,43.677888 -7.810473,43.677684 -7.812304,43.677018 -7.823315,43.678847 -7.822353,43.677176 -7.822356,43.66954 -7.829634,43.656748 -7.847189,43.651285 -7.849422,43.65193 -7.859755,43.646485 -7.866081,43.647039 -7.87317,43.644374 -7.881182,43.647008 -7.887014,43.647217 -7.912654,43.653908 -7.926871,43.663716 -7.926505,43.678048 -7.911864,43.68774 -7.908327,43.696046 -7.904176,43.698021 -7.904205,43.698233 -7.898518,43.708812 -7.900848,43.71406 -7.899998,43.7221 -7.894192,43.72948 -7.897239,43.733997 -7.890445,43.745591 -7.89247,43.745231 -7.904404,43.730998 -7.926633,43.722168 -7.930341,43.722236 -7.937986,43.712848 -7.986579,43.689768 -8.008962,43.687881 -8.032424,43.694181 -8.040346,43.691697 -8.045808,43.674431 -8.03872,43.672221 -8.031121,43.662145 -8.028789,43.652263 -8.031267,43.645375 -8.026255,43.642549 -8.026557,43.626696 -8.044057,43.616979 -8.048278,43.616351 -8.059169,43.616493 -8.070305,43.618468 -8.074056,43.619737 -8.076412,43.618749 -8.077759,43.61857 -8.092794,43.621535 -8.094258,43.621413 -8.095065,43.621983 -8.098384,43.622637 -8.100048,43.625504 -8.101783,43.62673 -8.110208,43.621776 -8.114723,43.622503 -8.130758,43.608615 -8.131224,43.606769 -8.13095,43.603357 -8.143412,43.586558 -8.147948,43.584628 -8.167023,43.58272 -8.177415,43.588619 -8.178933,43.587194 -8.185367,43.586181 -8.194896,43.573177 -8.201646,43.567332 -8.230839,43.550717 -8.234014,43.549175 -8.258085,43.539296 -8.273345,43.539376 -8.277367,43.522083 -8.287474,43.512967 -8.302289,43.508449 -8.302212,43.508313 -8.296746,43.507044 -8.29212,43.503855 -8.284603,43.492004 -8.289518,43.481142 -8.286359,43.481882 -8.28171,43.493501 -8.269561,43.504482 -8.258824,43.50875 -8.24314,43.510793 -8.229131,43.505513 -8.224954,43.502324 -8.223189,43.498203 -8.21524,43.501498 -8.211991,43.500859 -8.210121,43.502592 -8.193812,43.509316 -8.19132,43.516756 -8.172354,43.530307 -8.156764,43.532868 -8.13921,43.531019 -8.128079,43.521089 -8.129103,43.508197 -8.139797,43.490901 -8.139952,43.488259 -8.146694,43.474516 -8.158776,43.464411 -8.161634,43.464185 -8.164593,43.459694 -8.176886,43.455424 -8.179292,43.452058 -8.196417,43.442555 -8.198557,43.442222 -8.184427,43.442707 -8.16466,43.436957 -8.162765,43.43543 -8.160433,43.437288 -8.142777,43.443713 -8.122451,43.444358 -8.108579,43.433719 -8.110535,43.418986 -8.114983,43.413283 -8.127986,43.406282 -8.135341,43.398088 -8.146524,43.391757 -8.150402,43.391354 -8.152697,43.389596 -8.163978,43.389945 -8.171135,43.389201 -8.188295,43.394271 -8.189865,43.393921 -8.195458,43.387468 -8.194292,43.37821 -8.181789,43.368233 -8.180264,43.362034 -8.181791,43.351923 -8.183804,43.348393 -8.18153,43.343068 -8.181899,43.335419 -8.181556,43.335034 -8.181294,43.33162 -8.179231,43.328904 -8.178769,43.326219 -8.178559,43.324996 -8.180457,43.320722 -8.180291,43.318567 -8.180243,43.318348 -8.180272,43.318318 -8.1802,43.317382 -8.18113,43.315999 -8.182127,43.314517 -8.186371,43.308205 -8.193375,43.284902 -8.203537,43.2738 -8.221256,43.270653 -8.236924,43.277167 -8.242044,43.289812 -8.238866,43.315099 -8.235276,43.320115 -8.2351,43.320986 -8.264778,43.335324 -8.275,43.346159 -8.273056,43.355063 -8.283368,43.364283 -8.284019,43.365939 -8.299347,43.367161 -8.306088,43.369875 -8.313819,43.37211 -8.314473,43.373249 -8.315666,43.37373 -8.315572,43.371632 -8.32486,43.35664 -8.324764,43.341368 -8.340998,43.331361 -8.34492,43.330579 -8.338894,43.324146 -8.336444,43.315396 -8.335347,43.313114 -8.335668,43.312625 -8.335132,43.310708 -8.341844,43.303243 -8.343567,43.300625 -8.344396,43.300404 -8.345562,43.299107 -8.354892,43.297611 -8.361404,43.295877 -8.36278,43.296345 -8.364071,43.296137 -8.369026,43.298465 -8.378413,43.301651 -8.383431,43.305687 -8.38852,43.306277 -8.389643,43.306681 -8.39986,43.313666 -8.400534,43.31452 -8.401486,43.3202 -8.405004,43.323026 -8.41127,43.335359 -8.410983,43.343979 -8.423569,43.350339 -8.424313,43.355009 -8.432665,43.358839 -8.457982,43.340442 -8.474734,43.335089 -8.478306,43.334987 -8.478679,43.333719 -8.482312,43.327442 -8.485053,43.324433 -8.485392,43.324252 -8.485273,43.323119 -8.496423,43.312718 -8.528892,43.298483 -8.535205,43.297772 -8.541876,43.295774 -8.5628,43.295774 -8.567733,43.297273 -8.576565,43.296631 -8.600518,43.301921 -8.608484,43.297454 -8.623552,43.29625 -8.640851,43.290996 -8.641999,43.288026 -8.641443,43.283975 -8.652358,43.273364 -8.670137,43.270882 -8.67804,43.271959 -8.687243,43.276887 -8.698325,43.273513 -8.720151,43.274488 -8.72987,43.27859 -8.73734,43.276612 -8.737619,43.27662 -8.737769,43.276524 -8.747281,43.276917 -8.756192,43.27719 -8.756315,43.277289 -8.756602,43.277301 -8.813857,43.297553 -8.814966,43.298474 -8.816315,43.298644 -8.820495,43.303064 -8.826209,43.307807 -8.826091,43.30898 -8.826515,43.309427 -8.827514,43.307783 -8.839847,43.302062 -8.853947,43.299188 -8.860501,43.300225 -8.862999,43.298032 -8.87036,43.297478 -8.870839,43.297144 -8.874338,43.297178 -8.881822,43.296613 -8.882334,43.296921 -8.886116,43.284124 -8.904454,43.276779 -8.906446,43.276674 -8.917689,43.265814 -8.928262,43.266084 -8.926267,43.259225 -8.916496,43.26134 -8.898389,43.259947 -8.882383,43.253752 -8.876803,43.241156 -8.884701,43.229061 -8.896398,43.22565 -8.901132,43.218255 -8.91088,43.209678 -8.920661,43.20441 -8.937007,43.199471 -8.952927,43.198702 -8.965992,43.205193 -8.966607,43.206622 -8.967086,43.206549 -8.974403,43.207715 -8.978274,43.204533 -8.99812,43.198371 -9.006811,43.201823 -9.011816,43.200482 -9.014036,43.193488 -9.023032,43.183181 -9.044724,43.170743 -9.055613,43.167132 -9.086416,43.162912 -9.102586,43.164739 -9.107458,43.168724 -9.112936,43.167599 -9.129965,43.176218 -9.13042,43.176799 -9.135514,43.176932 -9.136834,43.175049 -9.152732,43.165649 -9.155729,43.166004 -9.156016,43.164853 -9.15133,43.164061 -9.141899,43.151357 -9.141872,43.151101 -9.137897,43.152977 -9.119072,43.153831 -9.099901,43.14832 -9.093559,43.133994 -9.104535,43.121012 -9.111226,43.117734 -9.12418,43.114643 -9.127789,43.114542 -9.140283,43.108183 -9.140528,43.108175 -9.144432,43.099112 -9.152769,43.090243 -9.160657,43.087965 -9.16361,43.081136 -9.180073,43.074552 -9.192152,43.07352 -9.193726,43.073847 -9.194572,43.07358 -9.200023,43.075158 -9.205007,43.076194 -9.207182,43.073363 -9.226032,43.07072 -9.22639,43.065666 -9.239109,43.042177 -9.250365,43.032826 -9.259145,43.031803 -9.257586,43.025866 -9.24057,43.021321 -9.225098,43.007527 -9.223798,43.001463 -9.226695,42.989784 -9.236671,42.983244 -9.23681,42.972557 -9.241322,42.96228 -9.249139,42.954087 -9.232457,42.959244 -9.217945,42.959468 -9.210358,42.957676 -9.208937,42.961965 -9.195254,42.969431 -9.178386,42.968727 -9.166523,42.960312 -9.164427,42.960448 -9.150027,42.948975 -9.141221,42.926835 -9.136391,42.92599 -9.128256,42.929187 -9.122775,42.929906 -9.104598,42.927012 -9.094707,42.915538 -9.098829,42.902135 -9.11316,42.887001 -9.120129,42.883257 -9.120794,42.868642 -9.115973,42.861383 -9.114138,42.8628 -9.093254,42.861829 -9.081332,42.849348 -9.081018,42.847955 -9.082063,42.843254 -9.081636,42.84242 -9.081464,42.824274 -9.083369,42.81717 -9.090874,42.803921 -9.103917,42.794132 -9.108809,42.792546 -9.099011,42.774877 -9.097147,42.775188 -9.091765,42.774422 -9.085752,42.774285 -9.084449,42.773881 -9.084723,42.77342 -9.083808,42.77329 -9.081609,42.774188 -9.084028,42.776974 -9.087544,42.789117 -9.079427,42.800171 -9.063573,42.804824 -9.050893,42.80509 -9.03615,42.814405 -9.034948,42.814744 -9.03199,42.817462 -9.030956,42.817867 -9.025161,42.817503 -9.020412,42.818842 -9.013698,42.817143 -9.013115,42.818986 -9.012261,42.818851 -9.007394,42.816386 -9.004318,42.816192 -9.00324,42.815563 -9.00414,42.814738 -8.997189,42.811216 -8.996936,42.810203 -8.996082,42.809689 -8.994798,42.80711 -8.992684,42.809207 -8.973907,42.811294 -8.968796,42.808435 -8.967662,42.808521 -8.96412,42.806594 -8.953915,42.816129 -8.936531,42.823085 -8.929832,42.821429 -8.927989,42.835738 -8.9184,42.848501 -8.899236,42.85212 -8.884288,42.84492 -8.88236,42.845914 -8.868972,42.847532 -8.85591,42.846482 -8.855491,42.846358 -8.843824,42.849843 -8.825352,42.841968 -8.822755,42.826311 -8.825857,42.819709 -8.834486,42.811001 -8.844546,42.805433 -8.850919,42.805084 -8.857377,42.802604 -8.862011,42.803409 -8.862379,42.802845 -8.874825,42.799323 -8.872119,42.79467 -8.864246,42.789139 -8.864497,42.774945 -8.864632,42.774721 -8.874401,42.766476 -8.875883,42.765802 -8.884535,42.763357 -8.884983,42.763297 -8.886432,42.76252 -8.896962,42.764642 -8.902668,42.765396 -8.903209,42.7659 -8.906912,42.766646 -8.910341,42.768881 -8.926437,42.749747 -8.931361,42.747292 -8.934444,42.740588 -8.952592,42.728529 -8.971581,42.725349 -8.972353,42.723442 -8.986154,42.714576 -8.986981,42.709137 -8.992868,42.699224 -9.00532,42.693444 -9.007659,42.69298 -9.009971,42.689972 -9.016785,42.635296 -9.02328,42.624556 -9.038433,42.612425 -9.040367,42.598859 -9.045382,42.590438 -9.038702,42.589296 -9.017277,42.572539 -9.012048,42.565807 -9.009401,42.575161 -8.992125,42.582733 -8.981413,42.583682 -8.976188,42.591818 -8.958588,42.600968 -8.960501,42.611962 -8.954854,42.616806 -8.952271,42.621943 -8.924204,42.647303 -8.924037,42.648316 -8.922556,42.650607 -8.903289,42.660951 -8.900503,42.66122 -8.882572,42.657671 -8.881627,42.656432 -8.874618,42.670635 -8.865667,42.677564 -8.866102,42.683173 -8.857703,42.697909 -8.836838,42.702218 -8.819775,42.692741 -8.812303,42.68161 -8.808018,42.680795 -8.79222,42.670978 -8.792622,42.658303 -8.789914,42.661258 -8.765349,42.669131 -8.765222,42.669116 -8.764254,42.671462 -8.754488,42.680315 -8.754365,42.691563 -8.743637,42.712451 -8.724922,42.72403 -8.683273,42.729826 -8.665911,42.727442 -8.655519,42.717021 -8.657556,42.70404 -8.670946,42.695324 -8.700846,42.687058 -8.702084,42.683253 -8.702076,42.670866 -8.707244,42.662899 -8.707466,42.662185 -8.707982,42.661761 -8.708516,42.660937 -8.710355,42.658102 -8.723421,42.637946 -8.725669,42.636436 -8.726509,42.634324 -8.748803,42.613661 -8.744883,42.60437 -8.747629,42.59121 -8.755211,42.580616 -8.770007,42.575701 -8.773522,42.576359 -8.774973,42.573938 -8.794661,42.563103 -8.799709,42.562636 -8.800006,42.554137 -8.802477,42.54969 -8.805622,42.5476 -8.802712,42.539777 -8.802808,42.538739 -8.798761,42.537323 -8.792573,42.524755 -8.792688,42.522437 -8.784156,42.521044 -8.769459,42.51361 -8.765857,42.500658 -8.775305,42.489239 -8.790513,42.486021 -8.794367,42.482434 -8.802189,42.478773 -8.802858,42.478203 -8.803471,42.478172 -8.804252,42.477807 -8.800142,42.471398 -8.798125,42.460932 -8.801259,42.449218 -8.813558,42.441374 -8.81645,42.441276 -8.823005,42.436246 -8.839475,42.434786 -8.84278,42.436388 -8.847017,42.436793 -8.848433,42.436117 -8.848718,42.427857 -8.850398,42.424626 -8.846303,42.422391 -8.834414,42.410306 -8.823647,42.41702 -8.809177,42.41811 -8.776649,42.413168 -8.774196,42.411954 -8.761531,42.420345 -8.761285,42.42041 -8.761127,42.420639 -8.748146,42.428951 -8.747388,42.429141 -8.746928,42.429721 -8.70951,42.450972 -8.690329,42.454503 -8.674159,42.446429 -8.672194,42.444073 -8.671576,42.444909 -8.662444,42.451086 -8.661998,42.451517 -8.661765,42.451545 -8.659644,42.45298 -8.654176,42.453296 -8.653133,42.453939 -8.649201,42.458993 -8.641617,42.461029 -8.635839,42.464585 -8.634446,42.46472 -8.625962,42.464436 -8.624345,42.464167 -8.608532,42.455213 -8.607447,42.440391 -8.609646,42.438773 -8.612211,42.428523 -8.616479,42.423987 -8.620699,42.422195 -8.628383,42.417235 -8.630134,42.416741 -8.633226,42.416874 -8.634961,42.416137 -8.635005,42.416149 -8.639033,42.411754 -8.657133,42.401381 -8.658105,42.40118 -8.658756,42.400479 -8.669757,42.395102 -8.670334,42.391406 -8.674962,42.385613 -8.685683,42.378345 -8.699962,42.376766 -8.70143,42.376933 -8.722681,42.358446 -8.72239,42.355738 -8.73129,42.335258 -8.742077,42.325143 -8.77019,42.31248 -8.785789,42.309934 -8.794199,42.310663 -8.794052,42.278761 -8.793745,42.279002 -8.775345,42.279624 -8.769628,42.278097 -8.763796,42.2814 -8.753968,42.294011 -8.740656,42.302197 -8.725654,42.301958 -8.724262,42.302923 -8.705071,42.302142 -8.70061,42.298129 -8.683215,42.303269 -8.683267,42.303342 -8.685392,42.315661 -8.676191,42.326205 -8.664938,42.332542 -8.664562,42.345731 -8.654235,42.358758 -8.652381,42.35996 -8.650253,42.364208 -8.649444,42.364836 -8.62995,42.370513 -8.618262,42.365636 -8.610625,42.364166 -8.590496,42.364915 -8.571401,42.358999 -8.566954,42.35527 -8.561054,42.342376 -8.569188,42.329969 -8.586641,42.32523 -8.593198,42.327462 -8.598091,42.313191 -8.593926,42.30833 -8.590325,42.297104 -8.592753,42.293075 -8.589146,42.288426 -8.597216,42.27373 -8.617671,42.269166 -8.641652,42.272037 -8.643895,42.271235 -8.655959,42.255838 -8.671417,42.247201 -8.684553,42.244764 -8.688581,42.236201 -8.709952,42.223901 -8.719492,42.223325 -8.724617,42.216901 -8.72627,42.215967 -8.726803,42.214667 -8.733183,42.21206 -8.739513,42.208481 -8.741478,42.208668 -8.743183,42.207971 -8.747963,42.208988 -8.749584,42.208185 -8.755797,42.207117 -8.759428,42.197316 -8.772283,42.185708 -8.792237,42.178294 -8.800149,42.152628 -8.801009,42.151615 -8.799624,42.150738 -8.797517,42.13798 -8.799433,42.13224 -8.799254,42.132162 -8.797808,42.130627 -8.795995,42.130155 -8.782643,42.121366 -8.781331,42.108032 -8.792779,42.097535 -8.810649,42.095682 -8.816948,42.096846 -8.82057,42.096416 -8.829335,42.098601 -8.832375,42.097716 -8.848812,42.097358 -8.85661,42.101968 -8.865271,42.09651 -8.870921,42.095269 -8.86827,42.086399 -8.868347,42.07837 -8.871423,42.068643 -8.859895,42.047791 -8.85968,42.034602 -8.863799,42.02647 -8.854535,42.009299 -8.85336,41.998862 -8.863107,41.965008 -8.861776,41.921224 -8.858858,41.916581 -8.853285,41.91967 -8.851415,41.921967 -8.847552,41.924304 -8.839322,41.926485 -8.839124,41.926728 -8.836521,41.927231 -8.83399,41.929119 -8.827315,41.92924 -8.823455,41.930437 -8.821167,41.930198 -8.819627,41.930038 -8.815476,41.929606 -8.813448,41.93105 -8.811877,41.931205 -8.775155,41.949103 -8.770493,41.969037 -8.768651,41.971226 -8.768772,41.971873 -8.76457,41.976075 -8.760585,41.980809 -8.75967,41.980975 -8.757623,41.983021 -8.741406,41.990344 -8.7253,41.992813 -8.71099,41.987079 -8.705065,41.975782 -8.710248,41.964124 -8.719232,41.955501 -8.719945,41.955194 -8.720148,41.954739 -8.721371,41.953672 -8.721371,41.952573 -8.721701,41.951975 -8.721282,41.951226 -8.721285,41.943051 -8.723613,41.938827 -8.724192,41.934306 -8.736144,41.91733 -8.745802,41.909864 -8.800343,41.886588 -8.806974,41.879256 -8.804518,41.870647 -8.813063,41.85938 -8.82937,41.855083 -8.830564,41.85545 -8.840885,41.849235 -8.847104,41.849197 -8.851009,41.840009 -8.842252,41.814831 -8.845074,41.80083 -8.850274,41.794452 -8.847722,41.782423 -8.848329,41.77472 -8.856165,41.753799 -8.834772,41.708174 -8.834221,41.70822 -8.831804,41.709644 -8.822048,41.71313 -8.801921,41.716545 -8.788627,41.715355 -8.751103,41.71865 -8.718063,41.729008 -8.700706,41.729395 -8.687762,41.720931 -8.685976,41.708031 -8.696275,41.697417 -8.719583,41.685966 -8.727506,41.683425 -8.738775,41.681469 -8.738833,41.681433 -8.783378,41.671106 -8.794157,41.670496 -8.798065,41.670943 -8.799948,41.670844 -8.801556,41.670974 -8.801425,41.670763 -8.798647,41.633647 -8.785727,41.613243 -8.78376,41.608516 -8.77068,41.548588 -8.770554,41.548445 -8.769709,41.5478 -8.769173,41.546886 -8.755827,41.531811 -8.755359,41.531669 -8.75322,41.531882 -8.75066,41.533766 -8.732319,41.533757 -8.71551,41.528467 -8.710914,41.530887 -8.707457,41.533413 -8.690651,41.538636 -8.674004,41.533632 -8.666971,41.521244 -8.67354,41.508507 -8.67553,41.506898 -8.67738,41.50421 -8.683553,41.498454 -8.689032,41.495041 -8.702394,41.490878 -8.710085,41.490349 -8.710908,41.489396 -8.71239,41.488632 -8.71862,41.48788 -8.716007,41.479961 -8.716232,41.478478 -8.727601,41.464955 -8.748591,41.46321 -8.750073,41.463614 -8.752179,41.465019 -8.763795,41.413918 -8.763063,41.412049 -8.75088,41.410898 -8.749532,41.410359 -8.738391,41.400438 -8.739178,41.389206 -8.73884,41.389131 -8.739252,41.388149 -8.73931,41.387317 -8.741431,41.385729 -8.744333,41.382822 -8.73946,41.377952 -8.738745,41.378418 -8.720402,41.382824 -8.719818,41.382779 -8.704423,41.376723 -8.698861,41.364297 -8.702968,41.357434 -8.703228,41.352104 -8.708172,41.34375 -8.711691,41.341444 -8.713468,41.338377 -8.719656,41.336223 -8.720153,41.335898 -8.701097,41.261647 -8.701295,41.254133 -8.704539,41.243618 -8.690614,41.211671 -8.678509,41.21317 -8.664561,41.206701 -8.659721,41.194844 -8.666307,41.183294 -8.669462,41.180755 -8.660603,41.165239 -8.638602,41.166217 -8.626561,41.164327 -8.610864,41.15829 -8.58371,41.161016 -8.57654,41.159612 -8.568101,41.158923 -8.560599,41.155554 -8.549401,41.142359 -8.547205,41.127311 -8.551568,41.114726 -8.565893,41.107426 -8.582786,41.109179 -8.593532,41.11908 -8.595078,41.122687 -8.612674,41.119977 -8.628461,41.121676 -8.639319,41.126037 -8.64233,41.124531 -8.634952,41.071734 -8.621625,41.025741 -8.621255,41.019707 -8.627551,40.980742 -8.622113,40.979251 -8.616225,40.96393 -8.6169,40.9611 -8.621695,40.954971 -8.621868,40.952798 -8.624545,40.951326 -8.625555,40.950035 -8.628062,40.949392 -8.633059,40.946645 -8.636202,40.927183 -8.636798,40.924809 -8.652546,40.878849 -8.651575,40.879022 -8.636426,40.871963 -8.632351,40.858753 -8.632376,40.858633 -8.631782,40.858562 -8.625454,40.849876 -8.61789,40.845879 -8.616453,40.844172 -8.616101,40.842777 -8.611031,40.840963 -8.604944,40.828527 -8.605874,40.826867 -8.60246,40.821375 -8.601519,40.807879 -8.613204,40.797486 -8.61562,40.797291 -8.615894,40.797138 -8.617168,40.788019 -8.621262,40.785021 -8.621852,40.782647 -8.623868,40.780758 -8.623344,40.775702 -8.62735,40.770974 -8.62735,40.770409 -8.629069,40.768944 -8.629474,40.768467 -8.630069,40.76647 -8.631702,40.765836 -8.631715,40.765821 -8.631809,40.765795 -8.632711,40.765445 -8.632965,40.764964 -8.634254,40.764528 -8.635098,40.763809 -8.638865,40.753661 -8.651703,40.748818 -8.639597,40.744456 -8.632302,40.749216 -8.616887,40.753658 -8.60159,40.749478 -8.591663,40.743054 -8.589837,40.740048 -8.578379,40.735288 -8.567496,40.725229 -8.568667,40.712066 -8.57537,40.707152 -8.565045,40.701269 -8.556179,40.690662 -8.551182,40.689833 -8.550284,40.689474 -8.547066,40.687915 -8.546213,40.68742 -8.537574,40.67685 -8.540228,40.664394 -8.550472,40.65769 -8.550858,40.654053 -8.551082,40.653469 -8.56466,40.641712 -8.584953,40.642145 -8.596962,40.654449 -8.597174,40.655297 -8.597391,40.655494 -8.598065,40.657066 -8.599088,40.661973 -8.599184,40.661967 -8.59932,40.663809 -8.598496,40.665695 -8.600685,40.669507 -8.601096,40.669808 -8.605023,40.676157 -8.613949,40.675244 -8.613561,40.667557 -8.616769,40.66468 -8.616636,40.655791 -8.62679,40.640609 -8.628152,40.640462 -8.636357,40.635661 -8.637198,40.634661 -8.640796,40.621797 -8.646525,40.615657 -8.648072,40.613081 -8.650712,40.611169 -8.651153,40.610697 -8.65379,40.604474 -8.653792,40.604473 -8.653539,40.602498 -8.656193,40.600252 -8.65622,40.600161 -8.656407,40.600071 -8.662548,40.594874 -8.64885,40.555476 -8.649626,40.549969 -8.649092,40.550027 -8.648957,40.549174 -8.649379,40.548015 -8.648935,40.546668 -8.649115,40.54559 -8.650228,40.54568 -8.650233,40.545667 -8.650661,40.542633 -8.651509,40.542037 -8.651677,40.541697 -8.653813,40.535823 -8.66,40.53305 -8.663941,40.529592 -8.668938,40.529042 -8.669512,40.528785 -8.670148,40.528909 -8.68051,40.527768 -8.694269,40.534759 -8.698328,40.547064 -8.697935,40.549652 -8.702654,40.556569 -8.704805,40.561204 -8.705894,40.565282 -8.70601,40.56537 -8.706258,40.566646 -8.707005,40.569442 -8.707456,40.571129 -8.712352,40.589447 -8.712899,40.589563 -8.714202,40.590506 -8.715587,40.594955 -8.716655,40.596149 -8.722531,40.588001 -8.722928,40.58792 -8.722766,40.5869 -8.733691,40.556853 -8.738874,40.54956 -8.743627,40.545442 -8.74232,40.538485 -8.745418,40.52664 -8.755976,40.512942 -8.765146,40.507069 -8.77882,40.464195 -8.772526,40.460741 -8.772228,40.456776 -8.770641,40.458283 -8.754984,40.460885 -8.750087,40.46039 -8.735314,40.454117 -8.733922,40.452814 -8.729697,40.436495 -8.744873,40.424228 -8.749678,40.422925 -8.767358,40.423509 -8.779228,40.433375 -8.780014,40.435016 -8.787379,40.429174 -8.789993,40.429134 -8.822604,40.326647 -8.823225,40.325022 -8.884133,40.189008 -8.875951,40.184767 -8.874142,40.182626 -8.871263,40.181516 -8.85716,40.168757 -8.856129,40.165753 -8.854573,40.165848 -8.816025,40.160996 -8.809101,40.159221 -8.800897,40.155922 -8.798183,40.156301 -8.797285,40.156122 -8.790579,40.153849 -8.788782,40.15295 -8.783487,40.145668 -8.783103,40.145376 -8.781208,40.142665 -8.768457,40.153428 -8.766791,40.154076 -8.768253,40.161272 -8.760607,40.171738 -8.746258,40.176416 -8.745404,40.176461 -8.730678,40.173364 -8.726897,40.16932 -8.724049,40.169726 -8.71319,40.164152 -8.712637,40.164089 -8.712212,40.16365 -8.709636,40.162328 -8.709143,40.160475 -8.702236,40.153328 -8.704688,40.139862 -8.718601,40.131299 -8.735553,40.127313 -8.755829,40.103193 -8.765465,40.096593 -8.773997,40.09336 -8.788359,40.093429 -8.793998,40.087518 -8.811124,40.084959 -8.814491,40.085453 -8.827615,40.092651 -8.83711,40.095337 -8.838626,40.097702 -8.84201,40.097867 -8.842035,40.097786 -8.842759,40.097904 -8.844026,40.097966 -8.849044,40.097683 -8.850374,40.098438 -8.855156,40.082666 -8.855797,40.080937 -8.942085,39.884711 -8.94004,39.880714 -8.94629,39.868335 -8.95053,39.866684 -9.028102,39.714971 -9.061808,39.615898 -9.050103,39.589689 -9.050557,39.577017 -9.061624,39.567497 -9.069864,39.566646 -9.111263,39.517081 -9.116499,39.513519 -9.11561,39.511695 -9.116296,39.49774 -9.121457,39.493989 -9.117542,39.49025 -9.116286,39.487016 -9.118145,39.473154 -9.124376,39.469151 -9.113263,39.463887 -9.108468,39.452189 -9.114558,39.44065 -9.114827,39.440417 -9.11517,39.438951 -9.116023,39.437828 -9.136486,39.428681 -9.138192,39.428681 -9.155319,39.434729 -9.160585,39.448822 -9.160406,39.44981 -9.153064,39.460755 -9.151607,39.461254 -9.148958,39.464833 -9.148116,39.465354 -9.153426,39.465933 -9.163321,39.479204 -9.163341,39.479413 -9.175694,39.467105 -9.198562,39.438337 -9.189557,39.431638 -9.184484,39.421167 -9.178217,39.420193 -9.163896,39.412741 -9.160541,39.399496 -9.170043,39.387943 -9.18703,39.384607 -9.188984,39.384818 -9.212768,39.371198 -9.227915,39.367617 -9.24227,39.372337 -9.249223,39.383186 -9.245755,39.394559 -9.246449,39.395351 -9.245771,39.39966 -9.290133,39.369713 -9.29582,39.366855 -9.316514,39.359436 -9.315737,39.358965 -9.312521,39.347146 -9.312881,39.34508 -9.319607,39.334505 -9.333132,39.329194 -9.334344,39.329059 -9.337166,39.329791 -9.329786,39.323711 -9.324129,39.315265 -9.313452,39.275557 -9.314066,39.273015 -9.313014,39.270621 -9.316713,39.226245 -9.317453,39.222729 -9.335526,39.169732 -9.337277,39.166145 -9.368835,39.117322 -9.368884,39.117245 -9.397233,39.073327 -9.39305,39.062417 -9.392475,39.054 -9.394204,39.046638 -9.393163,39.045329 -9.395696,39.032913 -9.397448,39.030443 -9.398111,39.029999 -9.404598,39.002364 -9.392812,38.948098 -9.39283,38.947956 -9.38735,38.940371 -9.392121,38.926998 -9.401563,38.922642 -9.451751,38.816387 -9.452775,38.815503 -9.452924,38.814212 -9.475125,38.780491 -9.471784,38.774062 -9.45648,38.763667 -9.44977,38.745106 -9.460566,38.716738 -9.432588,38.710319 -9.416502,38.718328 -9.393499,38.719766 -9.380999,38.717713 -9.325683,38.694219 -9.294214,38.712721 -9.277079,38.71624 -9.216508,38.709614 -9.199479,38.712847 -9.199287,38.712824 -9.199171,38.712888 -9.143557,38.72298 -9.125054,38.736853 -9.113483,38.761907 -9.113099,38.781132 -9.12251,38.784632 -9.123813,38.785664 -9.126765,38.788571 -9.127529,38.789514 -9.130707,38.802068 -9.129711,38.803416 -9.131831,38.815686 -9.120222,38.827068 -9.104554,38.828177 -9.104438,38.82973 -9.094189,38.846541 -9.095772,38.848968 -9.091296,38.861644 -9.089994,38.863037 -9.072518,38.870238 -9.056536,38.87888 -9.039309,38.881878 -9.02472,38.874505 -9.024666,38.874295 -9.023218,38.873691 -9.022802,38.872151 -9.016398,38.868701 -8.985097,38.832718 -8.984708,38.831209 -8.983386,38.83029 -8.981018,38.826385 -8.955234,38.826092 -8.936195,38.817366 -8.924744,38.801777 -8.924682,38.801606 -8.911011,38.805567 -8.908181,38.805342 -8.891658,38.797416 -8.891254,38.796922 -8.887841,38.785308 -8.894479,38.774385 -8.897852,38.773056 -8.898106,38.770375 -8.898136,38.76845 -8.894715,38.767214 -8.884918,38.760279 -8.881822,38.750128 -8.882228,38.744872 -8.882243,38.744844 -8.881972,38.744599 -8.876523,38.731964 -8.883772,38.719641 -8.899696,38.71446 -8.907779,38.71437 -8.910539,38.715375 -8.914699,38.714921 -8.919585,38.71768 -8.927958,38.717206 -8.940912,38.726135 -8.942215,38.728246 -8.942681,38.73499 -8.947574,38.737945 -8.948338,38.738888 -8.94903,38.742003 -8.95407,38.740093 -8.954441,38.737592 -8.955115,38.73638 -8.958293,38.734076 -8.959207,38.731321 -8.965508,38.728844 -8.96918,38.726181 -8.971796,38.726372 -8.974141,38.72545 -8.975879,38.724361 -8.976981,38.724106 -8.97734,38.723695 -8.980028,38.719094 -8.980077,38.719053 -8.980168,38.718226 -8.980187,38.718205 -8.973318,38.717426 -8.972365,38.717579 -8.970209,38.717579 -8.966457,38.716648 -8.955234,38.715375 -8.937028,38.702904 -8.935008,38.697379 -8.936456,38.684454 -8.948484,38.675389 -8.955994,38.675138 -8.958604,38.668839 -8.975456,38.662685 -8.972947,38.656784 -8.97527,38.64146 -8.991683,38.6328 -9.010281,38.637083 -9.018609,38.643001 -9.029891,38.638255 -9.039694,38.639818 -9.038542,38.636435 -9.032912,38.630301 -9.032598,38.628998 -9.033311,38.621068 -9.02925,38.609128 -9.030951,38.596281 -9.04304,38.587371 -9.059369,38.586929 -9.071637,38.595179 -9.086204,38.616654 -9.088931,38.6108 -9.102344,38.604392 -9.117635,38.606085 -9.127803,38.615104 -9.131057,38.621648 -9.137546,38.622789 -9.147949,38.622618 -9.150059,38.623201 -9.161789,38.630788 -9.162045,38.631865 -9.162102,38.631895 -9.165787,38.644447 -9.165159,38.64795 -9.161624,38.652625 -9.163232,38.6532 -9.168663,38.664047 -9.189047,38.659641 -9.191578,38.659888 -9.193861,38.659022 -9.22883,38.65733 -9.205058,38.633278 -9.202059,38.629205 -9.173461,38.574446 -9.173475,38.572573 -9.17212,38.571 -9.164444,38.540649 -9.163664,38.540955 -9.157318,38.540093 -9.149621,38.54455 -9.134447,38.544125 -9.131437,38.543182 -9.119266,38.533798 -9.119071,38.520194 -9.122235,38.517504 -9.206385,38.517504 -9.205989,38.519495</coordinates></LinearRing></outerBoundaryIs><innerBoundaryIs><LinearRing><coordinates>-9.021566,38.754195 -8.966883,38.774934 -8.967446,38.786895 -8.969811,38.790111 -8.996778,38.790415 -9.016644,38.800362 -9.024395,38.813135 -9.032735,38.822721 -9.032867,38.822585 -9.055058,38.809435 -9.064037,38.800384 -9.065348,38.799829 -9.066494,38.79436 -9.066926,38.793735 -9.067639,38.759202 -9.069045,38.753237 -9.083877,38.72117 -9.089829,38.714022 -9.117093,38.693589 -9.12489,38.690279 -9.123401,38.687886 -9.123439,38.679386 -9.11904,38.674291 -9.11857,38.67289 -9.113241,38.671205 -9.112862,38.671342 -9.107589,38.671522 -9.101455,38.676231 -9.095387,38.678295 -9.095207,38.679083 -9.083973,38.687148 -9.078943,38.688886 -9.070498,38.698301 -9.068045,38.717031 -9.055124,38.731728 -9.042025,38.736926 -9.034878,38.746175 -9.026478,38.7517 -9.021566,38.754195</coordinates></LinearRing></innerBoundaryIs><innerBoundaryIs><LinearRing><coordinates>-8.70858,40.625753 -8.709989,40.627609 -8.71523,40.61659 -8.714716,40.614984 -8.709653,40.619863 -8.706472,40.620428 -8.708653,40.624447 -8.70858,40.625753</coordinates></LinearRing></innerBoundaryIs><innerBoundaryIs><LinearRing><coordinates>-8.757527,41.492783 -8.756612,41.49367 -8.757734,41.493607 -8.757527,41.492783</coordinates></LinearRing></innerBoundaryIs><innerBoundaryIs><LinearRing><coordinates>-9.256905,42.941744 -9.249672,42.953529 -9.264916,42.937544 -9.257038,42.939564 -9.256905,42.941744</coordinates></LinearRing></innerBoundaryIs><innerBoundaryIs><LinearRing><coordinates>-8.261623,43.400393 -8.245237,43.390352 -8.24189,43.400457 -8.259411,43.402806 -8.287345,43.41794 -8.291388,43.417652 -8.28452,43.413301 -8.27612,43.40155 -8.261623,43.400393</coordinates></LinearRing></innerBoundaryIs><innerBoundaryIs><LinearRing><coordinates>-8.213598,43.438775 -8.208407,43.44069 -8.215286,43.439619 -8.213598,43.438775</coordinates></LinearRing></innerBoundaryIs><innerBoundaryIs><LinearRing><coordinates>-8.249501,43.44264 -8.247993,43.443614 -8.248592,43.444246 -8.24895,43.443937 -8.250625,43.443249 -8.249501,43.44264</coordinates></LinearRing></innerBoundaryIs><innerBoundaryIs><LinearRing><coordinates>-8.833168,42.609041 -8.83306,42.607233 -8.842662,42.591996 -8.859446,42.589662 -8.862524,42.587813 -8.85992,42.585951 -8.853526,42.585301 -8.849558,42.583899 -8.84822,42.585918 -8.828949,42.596107 -8.815437,42.597359 -8.817998,42.598626 -8.822062,42.611101 -8.821748,42.612853 -8.816549,42.618276 -8.816065,42.620978 -8.816917,42.621061 -8.817964,42.621511 -8.822117,42.616164 -8.833168,42.609041</coordinates></LinearRing></innerBoundaryIs><innerBoundaryIs><LinearRing><coordinates>-8.898116,42.592252 -8.896629,42.587093 -8.893572,42.588421 -8.898116,42.592252</coordinates></LinearRing></innerBoundaryIs><innerBoundaryIs><LinearRing><coordinates>-8.91825,42.568886 -8.931439,42.567948 -8.931104,42.567864 -8.926292,42.563303 -8.913706,42.563756 -8.915413,42.569854 -8.91825,42.568886</coordinates></LinearRing></innerBoundaryIs></Polygon></MultiGeometry>
  </Placemark>
  <Placemark>
	<name>EMSCW-20 Border</name>
	<Style><LineStyle><color>ff0000ff</color></LineStyle><PolyStyle><fill>0</fill></PolyStyle></Style>
	<ExtendedData><SchemaData schemaUrl="#emscw_all">
		<SimpleData name="tessellate">-1</SimpleData>
		<SimpleData name="extrude">0</SimpleData>
		<SimpleData name="visibility">-1</SimpleData>
		<SimpleData name="layer">emscw-20</SimpleData>
		<SimpleData name="path">/home/anomalia/projects/dashboards_minka/emscw_2026/polygons/emscw-20.kml|layername=emscw-20|geometrytype=Polygon</SimpleData>
	</SchemaData></ExtendedData>
      <MultiGeometry><Polygon><outerBoundaryIs><LinearRing><coordinates>2.59763,39.761393 2.607412,39.770955 2.608984,39.771719 2.611783,39.772882 2.61358,39.773511 2.614828,39.773597 2.617556,39.776275 2.634936,39.783179 2.640102,39.781518 2.64291,39.783083 2.646972,39.796299 2.655756,39.806689 2.666717,39.813068 2.676401,39.815729 2.680045,39.820289 2.687036,39.825887 2.692766,39.828839 2.693143,39.829618 2.694849,39.830876 2.699273,39.832192 2.729262,39.847631 2.74471,39.850549 2.746489,39.849864 2.752545,39.856757 2.755974,39.857308 2.756055,39.857742 2.766246,39.870301 2.785013,39.872822 2.788363,39.872155 2.797783,39.879556 2.817461,39.877206 2.829646,39.881586 2.833551,39.881998 2.834194,39.882903 2.849932,39.891952 2.863613,39.894184 2.879196,39.907126 2.890573,39.912352 2.919724,39.918097 2.93205,39.930736 2.944707,39.937354 2.959859,39.936525 2.979391,39.930033 2.984974,39.935019 2.992799,39.939596 3.032333,39.953883 3.050667,39.954336 3.055456,39.950643 3.073345,39.946951 3.074619,39.944131 3.086178,39.950406 3.103661,39.953415 3.109649,39.950421 3.109654,39.952949 3.110552,39.954207 3.124654,39.962919 3.126272,39.963278 3.127557,39.963124 3.131579,39.966628 3.142912,39.97209 3.173732,39.97865 3.191313,39.976965 3.193397,39.974891 3.204424,39.978708 3.222812,39.978918 3.235565,39.968706 3.234741,39.954433 3.223328,39.93602 3.20658,39.925995 3.191049,39.923676 3.169647,39.909409 3.164524,39.908361 3.162845,39.90592 3.160015,39.904438 3.143342,39.901541 3.139915,39.90311 3.136183,39.899919 3.13354,39.89907 3.128619,39.887577 3.113161,39.881211 3.108766,39.882194 3.112525,39.87889 3.15761,39.891512 3.173804,39.90473 3.197971,39.909506 3.211943,39.905956 3.22519,39.897248 3.226887,39.883782 3.21609,39.873095 3.213409,39.871889 3.218837,39.868293 3.216437,39.851478 3.199411,39.831853 3.190319,39.82651 3.189558,39.824025 3.188435,39.822992 3.164102,39.817235 3.16271,39.817549 3.161774,39.818218 3.148077,39.814729 3.145563,39.814836 3.145257,39.807833 3.169246,39.78168 3.246162,39.750236 3.306737,39.771033 3.312746,39.788411 3.323818,39.799548 3.335902,39.804894 3.34979,39.807178 3.362735,39.802763 3.391493,39.782916 3.406133,39.781967 3.418853,39.777952 3.441858,39.76322 3.456524,39.764718 3.471232,39.7624 3.480969,39.753535 3.481659,39.741837 3.479702,39.73659 3.483644,39.733478 3.484216,39.733292 3.484451,39.73284 3.491363,39.727381 3.496571,39.717319 3.497286,39.705405 3.488341,39.695674 3.47832,39.693413 3.477384,39.654536 3.468944,39.64085 3.459702,39.638893 3.456605,39.62852 3.445896,39.617019 3.427924,39.615001 3.418157,39.617028 3.410763,39.59814 3.419895,39.589627 3.425254,39.577725 3.419316,39.565924 3.404981,39.559981 3.397947,39.559249 3.389939,39.544058 3.380399,39.535364 3.358813,39.525163 3.356836,39.522105 3.316357,39.490174 3.300519,39.453552 3.298061,39.415202 3.290994,39.403007 3.284389,39.400849 3.259403,39.362623 3.256394,39.360929 3.253721,39.35529 3.24225,39.345282 3.230304,39.340612 3.224329,39.339953 3.218286,39.336885 3.21059,39.33607 3.204055,39.324199 3.186673,39.312838 3.16791,39.308865 3.154806,39.310632 3.092805,39.259054 3.088622,39.257567 3.085048,39.254702 3.064436,39.247742 3.04036,39.250607 3.030074,39.257568 3.02933,39.258736 3.027881,39.259279 3.00084,39.28299 2.995861,39.290624 2.991399,39.292188 2.990096,39.293491 2.989531,39.294807 2.988837,39.295455 2.981139,39.296926 2.973639,39.300653 2.964847,39.308782 2.963481,39.319428 2.966622,39.331625 2.961112,39.337731 2.949404,39.344713 2.939639,39.345165 2.927458,39.337868 2.90213,39.336415 2.876006,39.34791 2.852814,39.347744 2.844488,39.342261 2.831594,39.338052 2.818025,39.340408 2.80261,39.347425 2.794277,39.345425 2.769805,39.351175 2.724123,39.39478 2.719072,39.408291 2.723393,39.437421 2.701987,39.466687 2.702744,39.4856 2.721111,39.507617 2.713899,39.514514 2.705868,39.515937 2.69583,39.519931 2.659512,39.544791 2.655264,39.537006 2.648212,39.531841 2.632662,39.526903 2.619281,39.526724 2.613773,39.527564 2.612304,39.524653 2.603361,39.516059 2.601327,39.515614 2.598847,39.512576 2.596018,39.511543 2.578402,39.51089 2.574735,39.5135 2.569651,39.513643 2.56889,39.506798 2.570577,39.503123 2.565633,39.49177 2.559374,39.4886 2.552884,39.474696 2.5446,39.468327 2.54586,39.45916 2.541983,39.447005 2.528997,39.439644 2.513094,39.440587 2.48436,39.450888 2.47422,39.448306 2.458527,39.454567 2.453165,39.467722 2.454313,39.478386 2.451584,39.479265 2.439954,39.478293 2.425973,39.48927 2.428145,39.504762 2.429938,39.507043 2.413693,39.505265 2.408603,39.508217 2.396814,39.504124 2.381418,39.503169 2.368766,39.509996 2.367011,39.514741 2.358547,39.513712 2.344496,39.521421 2.341238,39.534638 2.346377,39.540904 2.336318,39.545923 2.328906,39.552974 2.327747,39.560863 2.324092,39.558955 2.31354,39.556934 2.293076,39.560713 2.285146,39.575917 2.286086,39.584407 2.296705,39.598179 2.326667,39.61332 2.342049,39.616121 2.342884,39.615792 2.350289,39.62375 2.369551,39.63129 2.378265,39.631187 2.401504,39.641572 2.414304,39.654736 2.448089,39.666653 2.465643,39.68316 2.46756,39.683955 2.468444,39.685319 2.512822,39.715239 2.529733,39.71964 2.548784,39.718593 2.573879,39.733365 2.597688,39.756765 2.59763,39.761393</coordinates></LinearRing></outerBoundaryIs><innerBoundaryIs><LinearRing><coordinates>2.631564,39.585605 2.631884,39.585684 2.632015,39.585673 2.636248,39.586311 2.640062,39.585916 2.641403,39.585776 2.647075,39.585188 2.649115,39.584327 2.64999,39.584258 2.650498,39.583743 2.65215,39.583046 2.673535,39.580082 2.684633,39.575925 2.722131,39.550254 2.73218,39.548473 2.744848,39.542348 2.767709,39.52047 2.772851,39.51 2.769074,39.499122 2.74918,39.475301 2.767314,39.450481 2.770184,39.43944 2.766097,39.412024 2.79587,39.383593 2.799084,39.384364 2.817378,39.382734 2.827468,39.378142 2.829715,39.379622 2.844451,39.383902 2.882101,39.384171 2.893531,39.381877 2.911767,39.373854 2.918683,39.377997 2.926895,39.379724 2.934234,39.381716 2.959484,39.380548 2.971996,39.376921 2.98732,39.367781 2.987416,39.367933 2.990372,39.369976 2.990568,39.370708 2.994383,39.372747 3.000607,39.377047 3.002301,39.376977 3.004986,39.378412 3.006828,39.378726 3.025925,39.375301 3.034636,39.361564 3.03468,39.359902 3.033116,39.356308 3.030842,39.342022 3.023902,39.338924 3.021194,39.335458 3.01982,39.335075 3.016552,39.332078 3.016214,39.331936 3.016265,39.33171 3.01834,39.330477 3.029217,39.336416 3.042855,39.336527 3.046494,39.335673 3.06092,39.325597 3.060403,39.311334 3.062883,39.309594 3.070026,39.299865 3.068854,39.291676 3.129951,39.342509 3.150745,39.347981 3.16556,39.345986 3.1656,39.346012 3.165223,39.350661 3.17046,39.363378 3.185345,39.369906 3.19127,39.370534 3.191937,39.374529 3.209508,39.382678 3.210945,39.382231 3.223282,39.387256 3.223819,39.387319 3.23921,39.410889 3.236916,39.420847 3.240058,39.429741 3.248925,39.439707 3.253437,39.440744 3.254505,39.457594 3.2557,39.462515 3.274282,39.505548 3.279822,39.512562 3.314542,39.539968 3.313708,39.545345 3.322774,39.555897 3.338419,39.559271 3.340286,39.558572 3.350086,39.563205 3.360349,39.582694 3.362781,39.584614 3.36355,39.586813 3.365712,39.587789 3.362791,39.599085 3.377781,39.637446 3.386955,39.647196 3.396793,39.652453 3.415887,39.655035 3.416926,39.65482 3.418595,39.660421 3.42839,39.67147 3.431418,39.671981 3.432082,39.700385 3.435209,39.709156 3.437509,39.712264 3.43477,39.714601 3.430853,39.727803 3.419935,39.730229 3.394759,39.74635 3.379747,39.747322 3.373448,39.74986 3.36628,39.751771 3.351598,39.761906 3.348654,39.753407 3.335444,39.741433 3.254342,39.713593 3.234203,39.714106 3.142592,39.751557 3.13456,39.757005 3.129069,39.762992 3.126425,39.762657 3.124407,39.761311 3.122207,39.760817 3.11588,39.761321 3.10943,39.760503 3.107904,39.760952 3.106475,39.762069 3.104963,39.762189 3.104199,39.762503 3.101633,39.765247 3.094582,39.766464 3.092222,39.769316 3.082108,39.767209 3.06691,39.773871 3.06529,39.778247 3.06148,39.785441 3.061164,39.789977 3.067346,39.801146 3.067044,39.801377 3.06646,39.80259 3.066337,39.815015 3.076534,39.824637 3.078196,39.825401 3.087641,39.826938 3.085258,39.829815 3.084808,39.831611 3.085747,39.837468 3.074555,39.842041 3.070693,39.845094 3.069888,39.846396 3.068467,39.846963 3.062347,39.858274 3.062167,39.861059 3.06446,39.866876 3.059235,39.876934 3.057789,39.902266 3.058282,39.903228 3.055092,39.903212 3.037493,39.909384 3.036055,39.913224 3.031401,39.913751 3.016699,39.908437 3.003188,39.896374 2.990764,39.890564 2.976385,39.891546 2.958941,39.897348 2.958582,39.896767 2.953572,39.89313 2.951187,39.890685 2.948532,39.889468 2.946117,39.887714 2.944683,39.887706 2.94026,39.885679 2.938134,39.884453 2.937168,39.884263 2.935786,39.88363 2.934876,39.883812 2.908334,39.878582 2.892382,39.865338 2.880054,39.859939 2.869646,39.858242 2.865338,39.852188 2.848393,39.842969 2.839123,39.845242 2.824889,39.840123 2.817178,39.840699 2.81143,39.835254 2.796143,39.833709 2.789705,39.825477 2.780118,39.8238 2.771435,39.815743 2.756616,39.810983 2.742942,39.809991 2.741411,39.810655 2.727694,39.803594 2.727688,39.803583 2.727616,39.803553 2.723376,39.80137 2.722672,39.801007 2.716741,39.797952 2.715088,39.795886 2.716657,39.785588 2.702165,39.774317 2.688304,39.775617 2.686047,39.76829 2.676862,39.757675 2.654946,39.745461 2.642604,39.742883 2.608516,39.709406 2.60593,39.708276 2.604256,39.706074 2.569539,39.685642 2.553826,39.681998 2.535666,39.682998 2.499756,39.658794 2.480203,39.640415 2.471799,39.635417 2.443158,39.625318 2.43345,39.61429 2.395457,39.597316 2.383521,39.594907 2.380535,39.594943 2.373385,39.587263 2.375096,39.570668 2.385293,39.563843 2.387402,39.564068 2.406238,39.559393 2.408027,39.55581 2.419749,39.556493 2.429948,39.554381 2.435755,39.550958 2.439748,39.552761 2.456505,39.554759 2.470417,39.547316 2.479633,39.536623 2.480453,39.5366 2.49695,39.530427 2.502407,39.51676 2.494478,39.505695 2.50204,39.490772 2.501387,39.484746 2.502642,39.484297 2.504265,39.48784 2.512658,39.494299 2.511479,39.503799 2.514155,39.514178 2.515368,39.515123 2.516048,39.523722 2.520043,39.531404 2.532048,39.541177 2.552534,39.548456 2.562978,39.550075 2.575335,39.54973 2.57923,39.557453 2.591915,39.567608 2.607295,39.567602 2.611872,39.575622 2.621809,39.584135 2.631564,39.585605</coordinates></LinearRing></innerBoundaryIs></Polygon><Polygon><outerBoundaryIs><LinearRing><coordinates>0.671187,39.8798 0.660243,39.892659 0.659928,39.89441 0.661827,39.904473 0.662725,39.906 0.667029,39.910967 0.668556,39.912225 0.687741,39.917906 0.70513,39.909678 0.7073,39.893894 0.705188,39.889358 0.691013,39.878344 0.671187,39.8798</coordinates></LinearRing></outerBoundaryIs></Polygon><Polygon><outerBoundaryIs><LinearRing><coordinates>1.452207,38.801187 1.453868,38.806083 1.466562,38.817995 1.48615,38.817877 1.498289,38.805816 1.500398,38.798584 1.500981,38.794387 1.500934,38.789581 1.49187,38.775203 1.472028,38.771992 1.456874,38.782451 1.453144,38.789592 1.452207,38.801187</coordinates></LinearRing></outerBoundaryIs></Polygon><Polygon><outerBoundaryIs><LinearRing><coordinates>-0.297036,39.123262 -0.312325,39.120135 -0.326467,39.125446 -0.332842,39.13671 -0.332978,39.138282 -0.322853,39.154627 -0.322269,39.154941 -0.307592,39.158109 -0.293711,39.153434 -0.292408,39.152491 -0.285175,39.137889 -0.295285,39.124205 -0.297036,39.123262</coordinates></LinearRing></outerBoundaryIs></Polygon><Polygon><outerBoundaryIs><LinearRing><coordinates>2.995781,39.192605 2.994657,39.189865 2.99304,39.188445 2.993407,39.181122 2.993061,39.180406 2.999042,39.16862 2.998997,39.166329 2.995096,39.158672 2.994972,39.15 2.989714,39.140704 2.979208,39.134901 2.978948,39.125352 2.969709,39.11116 2.949885,39.108069 2.931005,39.112006 2.922416,39.111091 2.90615,39.114213 2.896998,39.125225 2.897465,39.12738 2.897105,39.127541 2.892076,39.140046 2.893686,39.15936 2.901393,39.171785 2.917933,39.176421 2.926932,39.173096 2.928608,39.172993 2.929137,39.174562 2.939259,39.180623 2.937893,39.189689 2.940991,39.196113 2.951576,39.205207 2.951803,39.209443 2.969054,39.218683 2.972064,39.218997 2.988599,39.215697 2.997588,39.204324 2.995593,39.196824 2.995781,39.192605</coordinates></LinearRing></outerBoundaryIs></Polygon><Polygon><outerBoundaryIs><LinearRing><coordinates>1.264223,38.988753 1.262824,38.991205 1.261342,39.002445 1.268616,39.012257 1.272042,39.014663 1.268758,39.021491 1.274263,39.040944 1.295509,39.057341 1.304441,39.061642 1.327252,39.067629 1.339327,39.08299 1.355405,39.091449 1.370104,39.08822 1.370824,39.089071 1.392541,39.097154 1.403311,39.09627 1.405234,39.099572 1.422387,39.110005 1.434564,39.106876 1.44321,39.113083 1.464863,39.121439 1.470861,39.121313 1.473027,39.12404 1.490015,39.127328 1.4915,39.126628 1.491735,39.126978 1.506047,39.131801 1.506167,39.131774 1.514638,39.13489 1.540697,39.13507 1.558768,39.128273 1.562853,39.113367 1.565001,39.111885 1.578493,39.113521 1.582727,39.115154 1.596766,39.116757 1.60925,39.111588 1.619715,39.103098 1.621986,39.093151 1.630139,39.087689 1.630492,39.072905 1.617076,39.062979 1.624852,39.054071 1.642011,39.058847 1.646683,39.058577 1.666114,39.047396 1.670289,39.039176 1.670319,39.025821 1.658733,39.015986 1.641831,39.015014 1.635673,39.016546 1.632726,39.012961 1.617499,39.010305 1.613438,39.005578 1.606763,39.002819 1.602744,38.985963 1.593325,38.974386 1.5764,38.971232 1.563211,38.97286 1.553913,38.967563 1.552045,38.952155 1.548503,38.946164 1.5496,38.942165 1.540393,38.930515 1.527097,38.927875 1.526911,38.927418 1.513642,38.91607 1.503859,38.912881 1.496039,38.903273 1.485219,38.896178 1.475989,38.895614 1.474547,38.891901 1.458194,38.885434 1.44984,38.887857 1.436743,38.884472 1.434488,38.884612 1.427035,38.87358 1.429067,38.832377 1.427541,38.828798 1.429989,38.827179 1.432818,38.822911 1.433597,38.811614 1.443179,38.80429 1.454627,38.782234 1.454382,38.77855 1.456258,38.776417 1.467188,38.743369 1.467952,38.742902 1.478853,38.744108 1.493033,38.731419 1.498867,38.71175 1.50757,38.704894 1.530097,38.694199 1.552683,38.70657 1.570444,38.709435 1.585133,38.701195 1.601883,38.679228 1.60354,38.663248 1.594327,38.6447 1.585567,38.636114 1.57222,38.633068 1.530101,38.633966 1.517477,38.637336 1.473253,38.66257 1.457403,38.664893 1.449006,38.655112 1.443144,38.650398 1.39958,38.626149 1.384532,38.622878 1.37044,38.627992 1.363846,38.639118 1.357944,38.690905 1.364001,38.702966 1.359184,38.712548 1.36269,38.73068 1.378992,38.746717 1.391497,38.753034 1.406188,38.752028 1.40749,38.751071 1.408867,38.751817 1.410552,38.766408 1.409888,38.766832 1.403518,38.770568 1.395494,38.779404 1.395406,38.79034 1.396335,38.792722 1.394987,38.799716 1.39624,38.800824 1.383772,38.805703 1.383367,38.806197 1.381753,38.815701 1.374115,38.81252 1.35853,38.815398 1.349264,38.825678 1.341966,38.847491 1.334331,38.842892 1.314602,38.839715 1.305595,38.84585 1.291118,38.845134 1.27848,38.852835 1.277692,38.856029 1.265975,38.844487 1.246388,38.837654 1.22834,38.846473 1.224782,38.851293 1.210988,38.847673 1.206915,38.849521 1.201205,38.84606 1.192763,38.844893 1.172773,38.849847 1.171919,38.850521 1.165437,38.865309 1.176067,38.878671 1.18887,38.885096 1.200635,38.886412 1.194033,38.896103 1.193941,38.913056 1.209111,38.936039 1.204488,38.940293 1.201516,38.939136 1.189931,38.938418 1.173553,38.942524 1.165541,38.954504 1.165863,38.955366 1.155752,38.954954 1.145778,38.964924 1.137565,38.971712 1.136139,38.983405 1.144128,38.993403 1.146868,38.995155 1.162417,38.999231 1.177354,38.99415 1.183156,38.984148 1.186171,38.981294 1.184311,38.98601 1.187363,38.995263 1.191772,39.002161 1.195724,39.006025 1.211638,39.012777 1.228716,39.008464 1.236476,38.995733 1.236793,38.990006 1.242064,38.989204 1.249262,38.985544 1.264223,38.988753</coordinates></LinearRing></outerBoundaryIs><innerBoundaryIs><LinearRing><coordinates>1.365602,38.883655 1.371981,38.885941 1.374386,38.886387 1.37686,38.887187 1.378297,38.887457 1.378505,38.887441 1.378612,38.887749 1.379824,38.888872 1.389122,38.89405 1.401242,38.912003 1.418444,38.919477 1.424674,38.929616 1.440476,38.93448 1.448024,38.932079 1.460746,38.934622 1.466418,38.933559 1.469292,38.937092 1.479986,38.944147 1.486549,38.946287 1.488995,38.952291 1.498754,38.962209 1.502332,38.962818 1.503876,38.965463 1.507774,38.966974 1.509672,38.982709 1.515766,38.993419 1.528848,38.999028 1.531199,38.999348 1.532298,39.000967 1.542406,39.008723 1.556289,39.01044 1.561771,39.009764 1.56255,39.013042 1.563256,39.0139 1.562249,39.015938 1.569339,39.028682 1.581288,39.032436 1.584459,39.036128 1.569249,39.053536 1.565834,39.067839 1.568143,39.075673 1.560997,39.074805 1.542474,39.079025 1.522824,39.092574 1.520245,39.091272 1.511702,39.083298 1.503619,39.081232 1.489586,39.08118 1.483068,39.084837 1.474647,39.085045 1.469201,39.082943 1.459986,39.071071 1.442771,39.062403 1.433077,39.065153 1.428491,39.061201 1.414597,39.058881 1.401203,39.059983 1.39472,39.05232 1.378683,39.044327 1.365163,39.047397 1.361807,39.04313 1.349351,39.03537 1.323634,39.028623 1.317072,39.023561 1.320635,39.016139 1.321427,39.005368 1.314303,38.996089 1.312596,38.994892 1.316241,38.9948 1.32801,38.985691 1.32885,38.972638 1.325389,38.96433 1.314273,38.953875 1.297159,38.952374 1.283394,38.955426 1.254808,38.949295 1.259426,38.940879 1.256935,38.930446 1.240202,38.905127 1.245972,38.896647 1.24862,38.886851 1.248614,38.886782 1.24968,38.886019 1.25442,38.890688 1.275693,38.897382 1.300583,38.894596 1.315895,38.887218 1.317798,38.885088 1.323166,38.885193 1.325877,38.883113 1.329618,38.885366 1.343393,38.889115 1.357165,38.885595 1.36203,38.882744 1.365602,38.883655</coordinates></LinearRing></innerBoundaryIs><innerBoundaryIs><LinearRing><coordinates>1.428199,38.694954 1.434578,38.697078 1.424477,38.700651 1.419926,38.704313 1.411881,38.704013 1.412634,38.695495 1.405481,38.686063 1.404517,38.685385 1.405843,38.673687 1.413701,38.67806 1.428199,38.694954</coordinates></LinearRing></innerBoundaryIs></Polygon><Polygon><outerBoundaryIs><LinearRing><coordinates>-1.396548,46.440421 -1.394101,46.425695 -1.408518,46.414639 -1.410584,46.414011 -1.425631,46.412749 -1.439095,46.417482 -1.440712,46.41856 -1.448577,46.432331 -1.438738,46.445563 -1.417888,46.449245 -1.414203,46.448795 -1.396548,46.440421</coordinates></LinearRing></outerBoundaryIs></Polygon><Polygon><outerBoundaryIs><LinearRing><coordinates>-2.311669,46.673567 -2.312353,46.673284 -2.320122,46.670186 -2.346865,46.670346 -2.377129,46.682997 -2.392159,46.682738 -2.40654,46.691965 -2.42465,46.719045 -2.425355,46.732844 -2.411578,46.742977 -2.382421,46.752098 -2.356531,46.750479 -2.342605,46.743763 -2.328099,46.741591 -2.326437,46.740647 -2.324335,46.739136 -2.323596,46.739202 -2.300948,46.733504 -2.259581,46.702191 -2.253047,46.688019 -2.264349,46.675257 -2.285722,46.672666 -2.305549,46.67618 -2.311669,46.673567</coordinates></LinearRing></outerBoundaryIs></Polygon><Polygon><outerBoundaryIs><LinearRing><coordinates>-1.978673,46.950276 -1.996689,46.952494 -2.008143,46.962223 -2.007473,46.974741 -2.005273,46.97838 -2.000241,46.983757 -1.997142,46.986049 -1.985378,46.991088 -1.982997,46.991582 -1.96151,46.989674 -1.949517,46.977387 -1.955155,46.963066 -1.962837,46.956644 -1.978673,46.950276</coordinates></LinearRing></outerBoundaryIs></Polygon><Polygon><outerBoundaryIs><LinearRing><coordinates>-0.655229,45.240825 -0.642392,45.25102 -0.623188,45.252005 -0.622604,45.25187 -0.621349,45.251555 -0.618878,45.250881 -0.604871,45.241428 -0.604448,45.227698 -0.617847,45.217686 -0.637266,45.21722 -0.64032,45.218028 -0.654373,45.227244 -0.655229,45.240825</coordinates></LinearRing></outerBoundaryIs></Polygon><Polygon><outerBoundaryIs><LinearRing><coordinates>-0.92488,45.386246 -0.920342,45.385931 -0.901487,45.377798 -0.898879,45.36229 -0.914475,45.351105 -0.920627,45.349534 -0.940907,45.350409 -0.953747,45.361458 -0.951,45.375674 -0.949384,45.377561 -0.92488,45.386246</coordinates></LinearRing></outerBoundaryIs></Polygon><Polygon><outerBoundaryIs><LinearRing><coordinates>-1.121089,45.603527 -1.125424,45.591645 -1.127985,45.588995 -1.149109,45.581031 -1.155889,45.580986 -1.171777,45.584745 -1.180868,45.59462 -1.179255,45.606368 -1.177235,45.609468 -1.16684,45.61756 -1.151743,45.620014 -1.14442,45.61961 -1.128575,45.614551 -1.121089,45.603527</coordinates></LinearRing></outerBoundaryIs></Polygon><Polygon><outerBoundaryIs><LinearRing><coordinates>-1.18972,45.728365 -1.18433,45.744646 -1.183836,45.745051 -1.165053,45.751391 -1.14581,45.745959 -1.144507,45.745016 -1.137366,45.733258 -1.143242,45.7211 -1.144455,45.720067 -1.160478,45.713658 -1.178439,45.716362 -1.189135,45.726793 -1.18972,45.728365</coordinates></LinearRing></outerBoundaryIs></Polygon><Polygon><outerBoundaryIs><LinearRing><coordinates>-2.046079,43.28219 -2.030637,43.288704 -2.01333,43.285969 -2.011937,43.285295 -2.008459,43.283252 -2.006618,43.281949 -2.000904,43.275684 -2.000589,43.2751 -2.002335,43.25931 -2.020405,43.25049 -2.040862,43.255443 -2.04441,43.258002 -2.051629,43.269812 -2.046079,43.28219</coordinates></LinearRing></outerBoundaryIs></Polygon><Polygon><outerBoundaryIs><LinearRing><coordinates>-0.219028,38.526992 -0.21712,38.526926 -0.215264,38.527874 -0.182948,38.532599 -0.158711,38.549881 -0.14097,38.554491 -0.107993,38.551795 -0.098155,38.548381 -0.081592,38.561906 -0.086428,38.574957 -0.084186,38.584929 -0.079293,38.593346 -0.033348,38.637775 -0.021672,38.643828 0.005015,38.649758 0.019892,38.649067 0.021258,38.648618 0.025563,38.652407 0.040658,38.657978 0.050932,38.658145 0.060351,38.6612 0.079901,38.683087 0.097246,38.690817 0.10477,38.691219 0.113749,38.699037 0.130382,38.705047 0.135394,38.70513 0.139029,38.710192 0.165483,38.732699 0.169596,38.73547 0.191697,38.74715 0.198713,38.747363 0.188449,38.750706 0.165585,38.774552 0.161014,38.786249 0.161729,38.798197 0.161887,38.798546 0.146317,38.80746 0.145418,38.808627 0.143887,38.80909 0.137136,38.814184 0.122554,38.815233 0.109109,38.820002 0.107125,38.822989 0.103387,38.824442 0.092832,38.833289 0.091977,38.834895 0.011738,38.84597 0.006396,38.847256 -0.035726,38.862074 -0.042232,38.865541 -0.11158,38.918441 -0.113649,38.920249 -0.162746,38.969513 -0.16417,38.971114 -0.168833,38.977022 -0.173963,38.977997 -0.18304,38.98931 -0.181041,38.997044 -0.231836,39.073747 -0.231995,39.075201 -0.233215,39.076262 -0.248546,39.110527 -0.258361,39.113439 -0.270789,39.12241 -0.27191,39.135723 -0.265257,39.142136 -0.273417,39.149279 -0.275154,39.153103 -0.277668,39.154661 -0.279022,39.156507 -0.293752,39.156241 -0.306138,39.164721 -0.308115,39.167685 -0.308639,39.171748 -0.311502,39.171712 -0.324525,39.17471 -0.325468,39.175204 -0.334691,39.185154 -0.333539,39.197517 -0.322548,39.206505 -0.310578,39.207577 -0.31057,39.208095 -0.308953,39.208095 -0.305735,39.207918 -0.304522,39.207783 -0.289993,39.201299 -0.288011,39.196253 -0.283142,39.198174 -0.267878,39.195378 -0.266709,39.194139 -0.263117,39.194705 -0.261455,39.19439 -0.259362,39.193085 -0.255362,39.203084 -0.254508,39.203758 -0.253314,39.203991 -0.289951,39.261223 -0.301475,39.263135 -0.303766,39.264258 -0.31346,39.274213 -0.313685,39.274797 -0.312981,39.282088 -0.313381,39.283427 -0.312777,39.284207 -0.312431,39.287793 -0.306581,39.292205 -0.306409,39.292427 -0.306465,39.292536 -0.308523,39.293302 -0.311679,39.293524 -0.322457,39.297745 -0.325664,39.299273 -0.327968,39.300586 -0.335542,39.295339 -0.341818,39.293511 -0.343231,39.292306 -0.34573,39.292371 -0.356962,39.289098 -0.37966,39.292085 -0.402431,39.306949 -0.410368,39.323354 -0.404943,39.352056 -0.397994,39.362596 -0.384281,39.367618 -0.37972,39.368002 -0.371004,39.37627 -0.369214,39.376403 -0.369083,39.378378 -0.356926,39.387715 -0.345828,39.387992 -0.351289,39.410547 -0.352215,39.410911 -0.352752,39.411374 -0.374629,39.418583 -0.386394,39.427427 -0.387598,39.440228 -0.377628,39.450535 -0.375101,39.450945 -0.378438,39.462067 -0.365885,39.474533 -0.345718,39.47468 -0.344844,39.474355 -0.345018,39.510625 -0.341755,39.519987 -0.302105,39.572322 -0.300985,39.573052 -0.276687,39.626309 -0.272231,39.632236 -0.253952,39.648543 -0.24172,39.654221 -0.241802,39.654553 -0.230761,39.665416 -0.230348,39.667645 -0.211592,39.724782 -0.209598,39.726869 -0.209113,39.729571 -0.205915,39.733834 -0.20618,39.734208 -0.207828,39.735129 -0.212375,39.740364 -0.213032,39.740699 -0.213481,39.741238 -0.213482,39.741637 -0.216685,39.745322 -0.214987,39.757643 -0.213502,39.758768 -0.213504,39.760802 -0.211484,39.763273 -0.209599,39.764229 -0.209542,39.764355 -0.206104,39.766002 -0.195115,39.771575 -0.187779,39.769917 -0.180553,39.769153 -0.179671,39.768793 -0.1088,39.862989 -0.104783,39.866951 -0.09306,39.875711 -0.078913,39.880714 -0.07783,39.88141 -0.071561,39.881191 -0.026809,39.922957 -0.017975,39.959858 -0.014687,39.964317 -0.014686,39.964317 -0.010248,39.970334 -0.009362,39.97061 -0.003239,39.980995 -0.002893,39.981103 -0.002556,39.983331 0.003265,39.986456 0.027828,40.041131 0.035547,40.049514 0.070539,40.070853 0.080581,40.074431 0.109475,40.078838 0.126429,40.091945 0.135501,40.122812 0.137269,40.126714 0.161276,40.165099 0.154626,40.174072 0.156195,40.180663 0.155345,40.187718 0.169225,40.198704 0.172415,40.199647 0.184688,40.19974 0.184713,40.19995 0.194306,40.212984 0.199709,40.213877 0.201311,40.215104 0.209492,40.215494 0.213234,40.216112 0.213936,40.215705 0.217882,40.215892 0.222735,40.214724 0.22458,40.213719 0.22617,40.214083 0.228242,40.215785 0.24491,40.221646 0.256235,40.249542 0.263144,40.257775 0.31226,40.29137 0.373145,40.3618 0.381615,40.367317 0.38136,40.369145 0.395811,40.405709 0.400037,40.411857 0.416429,40.427535 0.418543,40.42843 0.423821,40.441809 0.427577,40.447498 0.456543,40.477102 0.457605,40.477608 0.457776,40.478551 0.461121,40.485665 0.491933,40.523831 0.516063,40.573426 0.520525,40.579134 0.573208,40.624912 0.580233,40.628203 0.581586,40.630996 0.58481,40.63215 0.585117,40.632419 0.585599,40.633061 0.585927,40.633131 0.588014,40.634963 0.593156,40.63525 0.590944,40.641936 0.597146,40.648617 0.597316,40.649394 0.598318,40.649878 0.602526,40.65441 0.603649,40.654904 0.609956,40.655499 0.613831,40.65737 0.616752,40.657685 0.621499,40.656588 0.62191,40.656627 0.622251,40.656414 0.623945,40.656023 0.626713,40.661728 0.627431,40.662357 0.628931,40.663556 0.630593,40.664769 0.640938,40.666682 0.646093,40.670271 0.66605,40.674759 0.674122,40.673695 0.673836,40.676036 0.68626,40.686895 0.704998,40.687445 0.711153,40.685603 0.723855,40.676389 0.724191,40.670511 0.742946,40.670043 0.750485,40.670574 0.751932,40.67024 0.752526,40.671262 0.764507,40.680499 0.764767,40.680511 0.760083,40.682224 0.744256,40.691462 0.714636,40.694047 0.711482,40.69537 0.686889,40.69519 0.682553,40.696535 0.677774,40.696499 0.666112,40.700115 0.627451,40.687859 0.616685,40.686523 0.59805,40.687555 0.582543,40.693286 0.576406,40.705626 0.576449,40.708366 0.581701,40.719557 0.594841,40.725917 0.681641,40.741552 0.689029,40.740626 0.696643,40.740491 0.727417,40.730023 0.727778,40.729692 0.755354,40.72853 0.757336,40.728142 0.75392,40.739284 0.757708,40.744751 0.75575,40.744631 0.723958,40.751906 0.716012,40.756369 0.715602,40.756436 0.71048,40.756509 0.707827,40.759519 0.706982,40.759697 0.705028,40.762373 0.701737,40.764115 0.701367,40.765723 0.69823,40.767805 0.697736,40.768838 0.697744,40.768983 0.697212,40.768954 0.684017,40.776822 0.683029,40.77808 0.682491,40.791634 0.680727,40.793629 0.67726,40.807568 0.688063,40.819214 0.721287,40.834902 0.726544,40.84846 0.735783,40.858257 0.774871,40.879138 0.84268,40.95693 0.84569,40.959733 0.897702,40.999357 0.911555,41.004548 0.917319,41.005112 0.945648,41.037295 0.953564,41.042939 1.034784,41.078701 1.043672,41.080992 1.092697,41.085802 1.09278,41.085842 1.132002,41.091189 1.139624,41.089914 1.147395,41.089264 1.14687,41.102365 1.16158,41.11264 1.181291,41.110862 1.183492,41.109828 1.18604,41.107385 1.192703,41.111312 1.195426,41.111046 1.196324,41.111421 1.19799,41.113288 1.210433,41.120881 1.21859,41.124134 1.231484,41.127055 1.242301,41.12633 1.245585,41.128167 1.285388,41.143353 1.297576,41.145244 1.343006,41.143045 1.392568,41.149639 1.452092,41.180325 1.459778,41.182928 1.579644,41.205393 1.584939,41.204778 1.590206,41.205545 1.598212,41.204288 1.607,41.207081 1.60806,41.206776 1.610782,41.208056 1.65055,41.211337 1.688471,41.224416 1.698327,41.226039 1.716961,41.22604 1.729568,41.233207 1.732486,41.232966 1.738978,41.235854 1.779334,41.24095 1.802291,41.251392 1.815777,41.253953 1.849414,41.252648 1.927099,41.278991 1.935001,41.280513 1.96875,41.28248 1.96883,41.282944 1.977148,41.294495 1.993522,41.298789 2.009313,41.29356 2.014161,41.285109 2.029366,41.285984 2.033912,41.287287 2.033865,41.287569 2.034193,41.287897 2.033321,41.292691 2.043986,41.303718 2.061703,41.306011 2.07142,41.300888 2.076586,41.301556 2.078754,41.300129 2.087529,41.302638 2.08846,41.304055 2.096157,41.309748 2.094775,41.311269 2.094276,41.312953 2.089012,41.319758 2.082721,41.324241 2.075298,41.336636 2.081465,41.349502 2.097705,41.35549 2.114739,41.351177 2.123858,41.345202 2.126262,41.342932 2.127345,41.348745 2.134545,41.359372 2.148864,41.364342 2.150493,41.364459 2.162341,41.387091 2.17631,41.39746 2.180773,41.397246 2.203281,41.4144 2.203904,41.417714 2.209142,41.424335 2.209896,41.431222 2.237603,41.462264 2.244285,41.467271 2.287051,41.488656 2.293797,41.490991 2.359128,41.504867 2.404796,41.531422 2.405662,41.531599 2.406145,41.53215 2.470158,41.564902 2.472242,41.565227 2.473845,41.566509 2.757288,41.662529 2.7716,41.681783 2.779019,41.687906 2.819538,41.708842 2.826448,41.711304 2.919174,41.731543 2.958344,41.768659 2.965254,41.773129 2.999216,41.787775 3.011558,41.789795 3.012794,41.792178 3.027008,41.796242 3.035287,41.80262 3.030959,41.811182 3.031003,41.812754 3.038262,41.825356 3.052521,41.829745 3.053314,41.830765 3.084529,41.857046 3.097692,41.862746 3.11746,41.865801 3.122165,41.864627 3.122416,41.866143 3.135798,41.874696 3.156022,41.879959 3.159056,41.890697 3.175899,41.904374 3.184836,41.906353 3.185087,41.906694 3.190505,41.938547 3.197539,41.949198 3.205593,41.955155 3.199312,41.9576 3.18712,41.969254 3.18085,41.988502 3.180256,41.988647 3.177966,41.98968 3.167492,41.999664 3.167879,42.004784 3.167554,42.004777 3.163382,42.004953 3.16006,42.005312 3.153916,42.006621 3.15226,42.007162 3.148976,42.007563 3.143866,42.009878 3.135994,42.009431 3.132267,42.010463 3.123952,42.015696 3.120465,42.015704 3.119522,42.016018 3.114582,42.018969 3.113084,42.019116 3.108728,42.020867 3.10489,42.02279 3.100938,42.025215 3.092388,42.03671 3.096585,42.049549 3.111294,42.056873 3.128655,42.054767 3.13773,42.050723 3.13978,42.048642 3.143733,42.047623 3.145665,42.04641 3.147816,42.044426 3.149931,42.044453 3.15375,42.04324 3.153784,42.04322 3.154583,42.043419 3.176066,42.042456 3.18437,42.06484 3.16599,42.087175 3.164362,42.08745 3.151145,42.09354 3.147961,42.09991 3.136249,42.097533 3.121457,42.10254 3.115148,42.112227 3.106467,42.11561 3.099901,42.125719 3.092607,42.166113 3.08364,42.162264 3.081753,42.161379 3.081535,42.16136 3.080495,42.160914 3.073266,42.160689 3.056296,42.165216 3.052526,42.17095 3.054763,42.16204 3.041152,42.150116 3.039132,42.149443 3.030928,42.147915 3.027425,42.147735 3.007758,42.153783 3.006545,42.154816 3.000626,42.167729 3.008532,42.180102 3.025731,42.184832 3.032471,42.184652 3.048744,42.178239 3.053864,42.190195 3.063018,42.193921 3.068757,42.200645 3.080048,42.206842 3.079885,42.207088 3.079792,42.208297 3.076903,42.209007 3.069531,42.223359 3.079694,42.236811 3.081806,42.237934 3.083427,42.238333 3.081012,42.240822 3.082849,42.250101 3.081576,42.251537 3.081261,42.253468 3.087335,42.267799 3.09813,42.271321 3.105975,42.284649 3.126472,42.288653 3.128584,42.288339 3.133129,42.285743 3.136575,42.286755 3.152818,42.282167 3.157131,42.279274 3.16622,42.28121 3.183516,42.280052 3.19523,42.270524 3.198915,42.263491 3.21053,42.260914 3.221856,42.268594 3.240606,42.267181 3.253128,42.270625 3.257318,42.270707 3.252993,42.282012 3.2541,42.294218 3.264118,42.302157 3.263983,42.309117 3.268276,42.313107 3.264887,42.315563 3.264781,42.3155 3.246379,42.311713 3.230093,42.319028 3.22222,42.327226 3.220437,42.324154 3.205695,42.318558 3.197477,42.317795 3.181804,42.320345 3.171782,42.329667 3.167766,42.338246 3.151683,42.344367 3.141542,42.35171 3.138687,42.362056 3.139284,42.366759 3.13142,42.374729 3.133519,42.381371 3.132573,42.381924 3.128896,42.393423 3.134271,42.402082 3.131554,42.406736 3.138973,42.419057 3.136533,42.429744 3.14257,42.439266 3.141476,42.440205 3.135655,42.45342 3.136194,42.454201 3.132976,42.457296 3.13161,42.465449 3.116137,42.471475 3.104478,42.48165 3.105517,42.495046 3.105806,42.495507 3.101593,42.500471 3.095117,42.500792 3.091042,42.505299 3.083118,42.505974 3.064661,42.515245 3.062611,42.518062 3.041832,42.523493 3.0258,42.538978 3.022383,42.570634 3.020508,42.570839 3.009488,42.581669 3.011834,42.595185 3.014547,42.596791 3.011999,42.599372 3.007342,42.609295 3.010949,42.619494 3.013653,42.622758 3.005836,42.624778 2.997335,42.634772 2.997687,42.637189 2.996503,42.637918 2.995919,42.638772 2.995344,42.641011 2.990998,42.646555 2.990593,42.648576 2.991095,42.650502 2.990711,42.652398 2.989564,42.653109 2.989544,42.65651 2.978892,42.666521 2.976329,42.674021 2.97852,42.687052 2.992026,42.695592 3.003232,42.698492 3.001986,42.701927 2.997574,42.709216 2.997529,42.709441 3.002701,42.723479 3.015125,42.728273 3.015139,42.735498 3.012099,42.736683 2.999584,42.749288 3.000413,42.751531 2.995125,42.751773 2.982866,42.76192 2.983766,42.775565 2.997316,42.784894 3.000191,42.785703 3.003584,42.785649 3.003693,42.785758 2.985789,42.787572 2.975534,42.802231 2.975509,42.864484 2.97617,42.865669 2.975715,42.866919 2.984962,42.919226 2.983795,42.920334 2.982941,42.922086 2.986123,42.938761 2.987521,42.939279 2.98575,42.942101 2.981602,42.94373 2.975561,42.955575 2.975556,42.967702 2.978444,42.976226 2.982889,42.98238 2.990585,42.988055 2.990613,42.9881 2.990531,42.988166 2.990749,42.988314 2.991923,42.98911 2.992076,42.989154 2.993064,42.989883 2.995843,42.990975 2.99734,42.991562 3.01939,43.000217 3.029692,43.001176 3.027118,43.007271 3.023943,43.007305 3.021034,43.009533 3.003878,43.01353 2.992018,43.019611 2.986935,43.02959 2.986213,43.038752 2.987065,43.040664 2.982653,43.043876 2.97543,43.056695 2.97547,43.06698 2.97608,43.068041 2.975424,43.069573 2.975394,43.142246 2.985568,43.156924 3.007661,43.15951 3.023745,43.155646 3.037978,43.146605 3.03886,43.136765 3.04908,43.138981 3.050023,43.138936 3.067397,43.132045 3.077045,43.133853 3.094612,43.132011 3.099049,43.129646 3.103742,43.136228 3.116494,43.143523 3.117825,43.144399 3.119361,43.14711 3.13056,43.15616 3.139498,43.157123 3.154742,43.173588 3.160511,43.186835 3.161768,43.187734 3.174088,43.192368 3.169508,43.202825 3.16973,43.20808 3.175691,43.219336 3.180868,43.221523 3.181899,43.222211 3.181305,43.222791 3.173548,43.224791 3.172425,43.225465 3.16537,43.232401 3.164651,43.233658 3.164157,43.234593 3.163483,43.235985 3.164037,43.249099 3.176542,43.25852 3.177684,43.258568 3.180164,43.269103 3.180838,43.269956 3.196867,43.278586 3.199338,43.27899 3.204443,43.278322 3.21694,43.281869 3.233474,43.282499 3.247675,43.279816 3.257212,43.271663 3.262375,43.262813 3.26226,43.256579 3.265131,43.252791 3.265309,43.249946 3.272919,43.254367 3.272896,43.254835 3.275409,43.260135 3.279782,43.265802 3.28155,43.267357 3.281542,43.267359 3.27269,43.278292 3.275928,43.29083 3.289645,43.298712 3.291398,43.299116 3.298243,43.299945 3.303724,43.300035 3.306402,43.299972 3.308514,43.299837 3.312948,43.298213 3.317843,43.297929 3.319974,43.296119 3.328059,43.300605 3.328206,43.300707 3.328585,43.301159 3.328877,43.301179 3.331326,43.3029 3.346987,43.304218 3.348694,43.303949 3.351283,43.30319 3.351288,43.303208 3.352635,43.303028 3.35274,43.302972 3.352955,43.302989 3.354617,43.302585 3.354467,43.302257 3.3563,43.301719 3.357603,43.301135 3.359364,43.299498 3.36271,43.298996 3.374902,43.299191 3.37726,43.300334 3.412096,43.305314 3.416367,43.309714 3.434313,43.312305 3.437012,43.311041 3.443924,43.32008 3.438469,43.321918 3.43775,43.322277 3.432851,43.32736 3.426798,43.332013 3.424526,43.336938 3.424524,43.336938 3.410426,43.345064 3.407679,43.35808 3.408352,43.360281 3.409843,43.363609 3.410382,43.364507 3.413947,43.368752 3.414755,43.369471 3.422292,43.372712 3.426805,43.381855 3.44384,43.38778 3.461549,43.383183 3.469587,43.370751 3.469898,43.366135 3.471659,43.363845 3.468007,43.354765 3.474014,43.349284 3.474084,43.349124 3.476592,43.348311 3.477535,43.347637 3.478459,43.34668 3.481513,43.346022 3.492641,43.339823 3.49364,43.340877 3.495347,43.341775 3.498124,43.342271 3.501268,43.345793 3.510994,43.346957 3.511517,43.361827 3.516026,43.371794 3.559307,43.416771 3.559078,43.417456 3.560091,43.42835 3.567559,43.435099 3.569764,43.448133 3.571515,43.450155 3.575758,43.452351 3.575758,43.305512 3.571372,43.302161 3.535403,43.264209 3.520911,43.256919 3.518656,43.256517 3.51853,43.256404 3.517069,43.256235 3.513592,43.255616 3.512422,43.255698 3.501065,43.254386 3.439144,43.26413 3.433143,43.267658 3.426776,43.269016 3.424698,43.270389 3.390572,43.265513 3.311637,43.230546 3.31078,43.230473 3.256434,43.198887 3.255963,43.198766 3.194786,43.152884 3.149474,43.103948 3.148757,43.100641 3.107557,43.04922 3.106622,43.048705 3.088571,43.01403 3.088437,43.007253 3.069072,42.970003 3.064356,42.943496 3.0802,42.927972 3.084713,42.914025 3.074456,42.871087 3.073399,42.869959 3.073294,42.864539 3.072891,42.863845 3.073202,42.863116 3.063156,42.779035 3.063645,42.778051 3.063045,42.753594 3.063908,42.752112 3.063803,42.713934 3.063552,42.713612 3.063577,42.713559 3.063438,42.703633 3.062891,42.702689 3.064033,42.698999 3.055098,42.657411 3.064176,42.62432 3.063617,42.621991 3.0647,42.620431 3.069,42.591055 3.068798,42.590443 3.069065,42.59009 3.072966,42.553701 3.087745,42.549836 3.100935,42.541465 3.101432,42.54078 3.116839,42.539464 3.122692,42.537164 3.13361,42.536711 3.149198,42.530376 3.16162,42.516333 3.156631,42.507321 3.158568,42.505513 3.157696,42.496145 3.165478,42.493112 3.178192,42.479442 3.179562,42.471222 3.188365,42.465446 3.190932,42.453448 3.190735,42.453196 3.19336,42.450943 3.199243,42.438848 3.192772,42.426864 3.189843,42.4245 3.19029,42.423852 3.190812,42.419011 3.192913,42.414575 3.191524,42.412408 3.191775,42.410085 3.187782,42.406571 3.186662,42.404823 3.188801,42.401322 3.186003,42.395941 3.188905,42.393679 3.184942,42.378262 3.188691,42.372965 3.188442,42.371019 3.198563,42.367165 3.201291,42.364831 3.226551,42.367828 3.249914,42.360572 3.255602,42.354649 3.267867,42.357612 3.283506,42.352565 3.293885,42.345043 3.305371,42.345412 3.332551,42.335572 3.344161,42.326457 3.344894,42.313859 3.3344,42.303926 3.317852,42.296376 3.318385,42.292217 3.31944,42.290134 3.319462,42.277432 3.308656,42.268133 3.307305,42.25554 3.301058,42.245525 3.284804,42.237551 3.284746,42.229751 3.270093,42.219914 3.250576,42.221414 3.240466,42.225764 3.240073,42.2251 3.222899,42.214659 3.201629,42.218955 3.188651,42.227824 3.186159,42.22752 3.170384,42.229627 3.159912,42.238664 3.159118,42.240178 3.153736,42.236899 3.13554,42.198384 3.145583,42.142574 3.154248,42.139141 3.155688,42.136809 3.16135,42.137011 3.186957,42.126138 3.198282,42.114564 3.201793,42.112687 3.230936,42.077243 3.233404,42.064024 3.236374,42.06285 3.248714,42.050302 3.243305,42.035175 3.241104,42.033244 3.224365,42.026911 3.220567,42.027886 3.219014,42.023705 3.231291,41.985947 3.24036,41.982415 3.242201,41.980764 3.24461,41.980207 3.247604,41.975918 3.252141,41.971847 3.251889,41.969776 3.253132,41.967994 3.255192,41.950566 3.248045,41.936017 3.237131,41.92795 3.232164,41.898879 3.229324,41.892378 3.222,41.882453 3.207655,41.87381 3.203038,41.872788 3.200152,41.862601 3.184376,41.849184 3.163961,41.843874 3.161194,41.837383 3.146238,41.827818 3.131159,41.82349 3.120831,41.82331 3.11155,41.825766 3.092268,41.809539 3.079337,41.781096 3.064501,41.769812 3.063712,41.76988 3.057645,41.763839 3.048928,41.762017 3.046648,41.757737 3.02776,41.752776 3.016195,41.75359 2.992884,41.743539 2.95139,41.704238 2.943144,41.70077 2.93909,41.69834 2.935521,41.697564 2.935334,41.697485 2.935246,41.697504 2.843204,41.67742 2.810546,41.66055 2.795068,41.639743 2.783838,41.63201 2.495345,41.534311 2.433099,41.502471 2.384345,41.474128 2.376163,41.471025 2.309991,41.456975 2.274368,41.439166 2.255039,41.417529 2.255004,41.407485 2.251319,41.401467 2.245028,41.397016 2.242582,41.393303 2.216855,41.373707 2.212197,41.360935 2.202241,41.352078 2.195409,41.336973 2.183931,41.326997 2.188225,41.322867 2.1902,41.317656 2.18935,41.305823 2.179037,41.296873 2.176538,41.296512 2.176919,41.295791 2.169329,41.282867 2.151867,41.27795 2.141359,41.278309 2.139539,41.278987 2.086337,41.26378 2.086032,41.263472 2.084103,41.26314 2.081122,41.262287 2.080866,41.262214 2.042608,41.251254 2.039025,41.251338 2.035882,41.250135 1.942381,41.244719 1.863265,41.217889 1.852303,41.216331 1.820204,41.217578 1.799592,41.208203 1.791207,41.205861 1.755404,41.201343 1.748123,41.194464 1.733625,41.18793 1.719824,41.189898 1.70308,41.189897 1.666381,41.177239 1.659072,41.175718 1.6257,41.172968 1.622094,41.171153 1.621458,41.170218 1.619564,41.16988 1.611486,41.165813 1.604417,41.167173 1.601954,41.166733 1.585417,41.16933 1.474934,41.148625 1.414703,41.117578 1.40538,41.114707 1.347993,41.107074 1.342379,41.106839 1.300566,41.108865 1.270207,41.097284 1.247423,41.079332 1.241632,41.073472 1.237096,41.070553 1.235191,41.070118 1.232282,41.067392 1.2308,41.066359 1.227764,41.064561 1.226866,41.064112 1.209969,41.061356 1.203648,41.064215 1.20028,41.059742 1.20027,41.059664 1.191059,41.046326 1.174691,41.036928 1.154925,41.040635 1.135103,41.05308 1.131736,41.054496 1.100724,41.050268 1.099998,41.050389 1.099198,41.050041 1.054046,41.045613 0.981812,41.013814 0.950502,40.978264 0.933667,40.970314 0.92521,40.969487 0.880666,40.935565 0.811636,40.856424 0.8054,40.85155 0.769462,40.832361 0.763975,40.818232 0.756606,40.810875 0.766461,40.810556 0.783532,40.804056 0.838416,40.75288 0.861701,40.753948 0.875223,40.7514 0.881926,40.745592 0.883428,40.745493 0.894882,40.734025 0.898606,40.722211 0.896863,40.71002 0.885076,40.691457 0.88486,40.689897 0.88432,40.688998 0.882477,40.687362 0.875339,40.676113 0.872571,40.673835 0.872321,40.673225 0.871332,40.672815 0.865793,40.668256 0.774921,40.627961 0.753201,40.607818 0.727501,40.581074 0.724833,40.575325 0.722048,40.57308 0.721439,40.572606 0.72072,40.572067 0.717958,40.571136 0.705784,40.558453 0.70146,40.556432 0.698229,40.55328 0.667242,40.539809 0.659514,40.537697 0.626465,40.533386 0.609891,40.535974 0.586808,40.54738 0.577344,40.55674 0.575164,40.561761 0.565408,40.554893 0.56011,40.553187 0.556239,40.553108 0.535126,40.509769 0.533047,40.50652 0.503625,40.47011 0.501078,40.456058 0.493686,40.44517 0.479078,40.440339 0.467518,40.428528 0.457953,40.404318 0.448505,40.394464 0.440049,40.392778 0.439355,40.392115 0.429129,40.366288 0.430868,40.351807 0.418016,40.340901 0.40825,40.337537 0.34944,40.26955 0.34541,40.265983 0.298922,40.234202 0.286377,40.203347 0.273546,40.192142 0.249741,40.183775 0.208726,40.158257 0.180465,40.113126 0.17045,40.079132 0.16408,40.070229 0.137175,40.049437 0.125031,40.044421 0.094672,40.039792 0.069603,40.024508 0.050187,39.981359 0.052726,39.97802 0.055388,39.965052 0.05179,39.952207 0.042819,39.9414 0.03808,39.94033 0.025277,39.932672 0.022707,39.932204 0.017868,39.912045 0.012792,39.903672 -0.049063,39.845966 -0.062431,39.839726 -0.071908,39.840734 -0.167366,39.713876 -0.184047,39.663171 -0.173953,39.653604 -0.173819,39.653289 -0.175453,39.638918 -0.182097,39.634809 -0.182029,39.631194 -0.187993,39.618756 -0.203159,39.612704 -0.205854,39.613295 -0.2066,39.612692 -0.225022,39.612815 -0.230587,39.614749 -0.234526,39.611236 -0.261337,39.552548 -0.268501,39.546003 -0.298694,39.506181 -0.298585,39.479406 -0.298347,39.479386 -0.285318,39.474893 -0.273186,39.464831 -0.273882,39.450919 -0.278844,39.447309 -0.275957,39.440792 -0.279734,39.429474 -0.288828,39.420987 -0.290183,39.41797 -0.297493,39.40982 -0.302479,39.406632 -0.303164,39.406556 -0.292755,39.363409 -0.253183,39.285971 -0.253162,39.285422 -0.251274,39.284136 -0.24891,39.278164 -0.195515,39.194632 -0.194022,39.181499 -0.204286,39.170948 -0.213839,39.16635 -0.212455,39.153071 -0.2128,39.152406 -0.207752,39.129993 -0.207913,39.129202 -0.190275,39.089731 -0.139692,39.013275 -0.136018,39.012225 -0.12331,39.003119 -0.122366,38.989527 -0.123177,38.988785 -0.078373,38.943802 -0.012996,38.893916 0.022931,38.881276 0.130047,38.866472 0.1441,38.859726 0.147679,38.84984 0.149732,38.849692 0.163297,38.844831 0.174846,38.836116 0.210503,38.815688 0.219316,38.804949 0.216806,38.792203 0.210487,38.788022 0.217081,38.781141 0.220037,38.781462 0.236392,38.778266 0.245379,38.767035 0.25269,38.735817 0.250434,38.724058 0.239485,38.71584 0.224846,38.710542 0.205596,38.711191 0.196924,38.706609 0.176077,38.68888 0.170741,38.674421 0.157553,38.662652 0.137846,38.663295 0.136196,38.665093 0.132113,38.661539 0.116547,38.655566 0.110711,38.655254 0.099387,38.642583 0.101513,38.638196 0.101062,38.624387 0.088477,38.614718 0.071071,38.614804 0.052544,38.620999 0.052177,38.620154 0.039839,38.609382 0.02161,38.609102 0.009192,38.613185 -0.002835,38.610513 -0.03792,38.576604 -0.034272,38.573513 -0.028206,38.560985 -0.034774,38.548486 -0.072732,38.517504 -0.134701,38.517504 -0.136112,38.51762 -0.136273,38.517504 -0.251927,38.517504 -0.219028,38.526992</coordinates></LinearRing></outerBoundaryIs><innerBoundaryIs><LinearRing><coordinates>0.68426,40.608844 0.68675,40.607818 0.687566,40.607702 0.688006,40.60746 0.688751,40.607202 0.690171,40.607495 0.691566,40.606875 0.70177,40.617423 0.6903,40.616899 0.626731,40.603971 0.62679,40.60317 0.625185,40.601809 0.632467,40.600284 0.632769,40.600113 0.635855,40.600144 0.637641,40.599486 0.640386,40.602122 0.642992,40.604009 0.654533,40.608622 0.657094,40.609026 0.659916,40.608489 0.660762,40.608985 0.663143,40.609569 0.664194,40.609567 0.664665,40.609846 0.667047,40.610341 0.676135,40.609551 0.677591,40.609548 0.67795,40.609459 0.678065,40.609383 0.68426,40.608844</coordinates></LinearRing></innerBoundaryIs><innerBoundaryIs><LinearRing><coordinates>3.494283,43.303212 3.493805,43.303479 3.491077,43.304254 3.490314,43.304568 3.489962,43.304875 3.487518,43.302453 3.481587,43.294401 3.48482,43.293892 3.485067,43.294146 3.48676,43.294881 3.491791,43.298475 3.496186,43.299714 3.494411,43.30242 3.494283,43.303212</coordinates></LinearRing></innerBoundaryIs></Polygon><Polygon><outerBoundaryIs><LinearRing><coordinates>-1.174674,43.581958 -1.175126,43.577625 -1.167917,43.569317 -1.167964,43.5646 -1.170407,43.561338 -1.172103,43.558718 -1.163287,43.547912 -1.170049,43.537163 -1.164537,43.532262 -1.164996,43.51974 -1.172167,43.513924 -1.170355,43.513385 -1.163232,43.500519 -1.163277,43.498138 -1.170598,43.485535 -1.187873,43.480203 -1.205208,43.485195 -1.20642,43.486048 -1.213583,43.496071 -1.211298,43.506295 -1.211947,43.506457 -1.213846,43.506997 -1.216091,43.507716 -1.217518,43.508794 -1.277358,43.481956 -1.292425,43.47932 -1.352234,43.482912 -1.3677,43.488191 -1.374644,43.499574 -1.371125,43.508154 -1.372122,43.50893 -1.373111,43.511266 -1.37146,43.524835 -1.357272,43.533779 -1.338643,43.532992 -1.326355,43.523041 -1.315278,43.522829 -1.295618,43.518727 -1.236527,43.548915 -1.243052,43.55706 -1.240784,43.562953 -1.242831,43.563956 -1.253565,43.577448 -1.248,43.587759 -1.25578,43.597061 -1.251284,43.610472 -1.235115,43.617737 -1.216726,43.614606 -1.184742,43.597803 -1.174674,43.581958</coordinates></LinearRing></outerBoundaryIs></Polygon><Polygon><outerBoundaryIs><LinearRing><coordinates>-1.415506,43.565909 -1.415662,43.566051 -1.41811,43.567284 -1.418319,43.567389 -1.418888,43.567675 -1.422383,43.571868 -1.426627,43.574838 -1.426653,43.576101 -1.42799,43.577323 -1.428095,43.57762 -1.428575,43.578985 -1.428578,43.579297 -1.429236,43.580087 -1.430362,43.586509 -1.429718,43.587928 -1.431421,43.591211 -1.430033,43.603473 -1.414583,43.618818 -1.398185,43.623715 -1.375784,43.622389 -1.364278,43.608401 -1.362892,43.592994 -1.36858,43.580238 -1.370029,43.579658 -1.370081,43.579446 -1.376776,43.570689 -1.392851,43.561813 -1.412556,43.564487 -1.415369,43.565903 -1.415506,43.565909</coordinates></LinearRing></outerBoundaryIs></Polygon><Polygon><outerBoundaryIs><LinearRing><coordinates>-1.333412,43.781018 -1.328156,43.779431 -1.323234,43.779306 -1.320421,43.777096 -1.315928,43.775739 -1.313768,43.771865 -1.310405,43.769221 -1.310591,43.766167 -1.308824,43.762997 -1.311011,43.759249 -1.311243,43.75544 -1.31731,43.745964 -1.333338,43.736081 -1.348479,43.737895 -1.347195,43.737619 -1.337998,43.726857 -1.336877,43.72268 -1.33761,43.719652 -1.333708,43.71675 -1.332601,43.714879 -1.331602,43.71336 -1.330232,43.700467 -1.338764,43.69238 -1.341867,43.685014 -1.356355,43.67823 -1.363225,43.677107 -1.373139,43.678102 -1.38273,43.677807 -1.384706,43.678346 -1.399131,43.688956 -1.397427,43.703903 -1.396529,43.705071 -1.395924,43.705442 -1.397691,43.714083 -1.396569,43.716463 -1.390732,43.721398 -1.388344,43.730584 -1.380673,43.7346 -1.379894,43.735862 -1.375347,43.737389 -1.373256,43.738484 -1.372357,43.738393 -1.363945,43.741218 -1.355801,43.739469 -1.368105,43.7456 -1.378227,43.756627 -1.3751,43.76976 -1.360425,43.777833 -1.348474,43.780259 -1.345172,43.779971 -1.341679,43.781018 -1.333412,43.781018</coordinates></LinearRing></outerBoundaryIs></Polygon><Polygon><outerBoundaryIs><LinearRing><coordinates>-1.349231,43.876143 -1.356077,43.888919 -1.355723,43.900417 -1.34957,43.91192 -1.33469,43.917947 -1.317752,43.919969 -1.298916,43.91666 -1.288539,43.911045 -1.279577,43.901553 -1.280463,43.890019 -1.285003,43.881801 -1.294441,43.873387 -1.308774,43.870349 -1.324425,43.870563 -1.332327,43.869505 -1.341249,43.87362 -1.349231,43.876143</coordinates></LinearRing></outerBoundaryIs></Polygon><Polygon><outerBoundaryIs><LinearRing><coordinates>-1.239832,44.245987 -1.225672,44.251129 -1.211789,44.252611 -1.189667,44.246911 -1.184089,44.230472 -1.18899,44.216684 -1.19918,44.206189 -1.211979,44.199857 -1.230373,44.196912 -1.246305,44.204015 -1.250765,44.21715 -1.246955,44.235791 -1.239832,44.245987</coordinates></LinearRing></outerBoundaryIs></Polygon><Polygon><outerBoundaryIs><LinearRing><coordinates>-1.219004,44.313303 -1.219454,44.31483 -1.217663,44.326152 -1.216361,44.328174 -1.201877,44.337678 -1.182384,44.336879 -1.16973,44.326263 -1.168608,44.323702 -1.168672,44.320433 -1.16665,44.315792 -1.166651,44.313008 -1.166663,44.312461 -1.166799,44.309272 -1.173414,44.297581 -1.189022,44.291793 -1.206004,44.294732 -1.216075,44.304963 -1.218503,44.31161 -1.218364,44.312532 -1.219004,44.313303</coordinates></LinearRing></outerBoundaryIs></Polygon><Polygon><outerBoundaryIs><LinearRing><coordinates>-0.743931,45.026083 -0.753265,45.029557 -0.755961,45.031982 -0.75673,45.033764 -0.758509,45.034676 -0.760441,45.036697 -0.760613,45.038769 -0.763529,45.040753 -0.764607,45.04255 -0.765737,45.054302 -0.756367,45.064083 -0.747946,45.066005 -0.746936,45.067523 -0.745992,45.068017 -0.72598,45.071237 -0.709242,45.062945 -0.706683,45.059935 -0.706379,45.055947 -0.705877,45.055861 -0.696645,45.041812 -0.696691,45.038983 -0.704855,45.025919 -0.719014,45.02231 -0.721826,45.021149 -0.724924,45.020925 -0.741968,45.024059 -0.743931,45.026083</coordinates></LinearRing></outerBoundaryIs></Polygon><Polygon><outerBoundaryIs><LinearRing><coordinates>-0.73985,45.115322 -0.740569,45.113616 -0.753897,45.102485 -0.774412,45.101905 -0.788733,45.112252 -0.789632,45.113958 -0.790547,45.124369 -0.790502,45.124504 -0.780238,45.135215 -0.762536,45.138361 -0.760964,45.138226 -0.742886,45.130273 -0.73985,45.115322</coordinates></LinearRing></outerBoundaryIs></Polygon><Polygon><outerBoundaryIs><LinearRing><coordinates>-5.130031,43.502096 -5.115116,43.501896 -5.103188,43.495485 -5.101832,43.494114 -5.085743,43.494214 -5.073789,43.492038 -5.058936,43.486131 -4.985859,43.475894 -4.970728,43.479924 -4.941898,43.476182 -4.940895,43.47673 -4.914215,43.478225 -4.869617,43.460571 -4.843242,43.464096 -4.826596,43.462037 -4.817976,43.454528 -4.807666,43.4565 -4.80497,43.456231 -4.799582,43.453764 -4.787086,43.45342 -4.775749,43.451038 -4.738445,43.435282 -4.737858,43.435432 -4.732859,43.435312 -4.73065,43.435769 -4.713515,43.434783 -4.694546,43.428326 -4.616803,43.413621 -4.585018,43.41704 -4.579674,43.416179 -4.575707,43.417368 -4.57427,43.417368 -4.567958,43.414291 -4.567929,43.414286 -4.562526,43.411682 -4.540564,43.41668 -4.523867,43.416168 -4.508573,43.41159 -4.477942,43.413317 -4.464527,43.4097 -4.403669,43.415296 -4.38631,43.412092 -4.385238,43.411529 -4.357396,43.421418 -4.347237,43.423245 -4.33888,43.423425 -4.321667,43.418777 -4.315499,43.409286 -4.291972,43.411673 -4.278128,43.408071 -4.264468,43.4129 -4.261485,43.413032 -4.259125,43.414253 -4.237829,43.417847 -4.220414,43.416095 -4.217155,43.414783 -4.188666,43.422199 -4.175467,43.419995 -4.124389,43.434381 -4.096764,43.451649 -4.074362,43.455471 -4.068991,43.451889 -4.067476,43.453825 -4.051987,43.46247 -4.04379,43.461571 -4.04282,43.464418 -4.022954,43.470993 -4.020663,43.470948 -4.005784,43.466905 -4.00511,43.4665 -4.000744,43.46059 -4.000114,43.460303 -3.996193,43.461794 -3.988234,43.46263 -3.963686,43.482849 -3.951167,43.488438 -3.936586,43.487938 -3.932207,43.486779 -3.927131,43.487944 -3.917509,43.492357 -3.918139,43.493382 -3.916387,43.493966 -3.913725,43.494093 -3.912328,43.494733 -3.911519,43.494823 -3.911399,43.494204 -3.898731,43.494807 -3.897332,43.493998 -3.892581,43.493633 -3.890502,43.494757 -3.865034,43.496607 -3.863925,43.49622 -3.858776,43.498685 -3.842428,43.501246 -3.836635,43.505655 -3.814752,43.511072 -3.802403,43.509656 -3.78467,43.509492 -3.765784,43.502727 -3.764872,43.49977 -3.762227,43.499005 -3.754286,43.488558 -3.755314,43.484351 -3.752248,43.482955 -3.751847,43.483623 -3.737041,43.493589 -3.724509,43.492821 -3.716415,43.495615 -3.699524,43.496782 -3.691436,43.495239 -3.659525,43.512952 -3.643844,43.516676 -3.621796,43.516309 -3.60729,43.526376 -3.591317,43.531389 -3.574865,43.527578 -3.568324,43.52381 -3.554997,43.526149 -3.539127,43.525086 -3.527564,43.517178 -3.522613,43.51033 -3.511908,43.510019 -3.49514,43.504489 -3.488462,43.491989 -3.488485,43.490738 -3.42118,43.476489 -3.403818,43.461625 -3.401219,43.446443 -3.406454,43.437421 -3.356323,43.430863 -3.329176,43.436126 -3.308261,43.433242 -3.303429,43.426503 -3.222936,43.414065 -3.206613,43.405186 -3.193303,43.387309 -3.156174,43.369704 -3.133496,43.372672 -3.130935,43.371979 -3.126224,43.376264 -3.10071,43.39109 -3.083085,43.394986 -3.066791,43.388941 -3.061888,43.3785 -3.061804,43.37849 -3.050495,43.389115 -3.006627,43.405665 -2.984404,43.425466 -2.977904,43.427226 -2.977559,43.429711 -2.969029,43.442558 -2.948785,43.452787 -2.908394,43.455438 -2.906344,43.454969 -2.904679,43.45539 -2.898271,43.45312 -2.892822,43.451871 -2.886234,43.453266 -2.866978,43.451553 -2.858837,43.448087 -2.814449,43.448292 -2.8101,43.450386 -2.810186,43.452396 -2.798942,43.462312 -2.795393,43.463795 -2.792057,43.464109 -2.784061,43.469526 -2.770926,43.469239 -2.765563,43.471818 -2.744248,43.473945 -2.728894,43.463108 -2.71808,43.441325 -2.705867,43.435914 -2.700322,43.442238 -2.67928,43.444128 -2.674293,43.442915 -2.65881,43.430627 -2.641517,43.433487 -2.626076,43.42702 -2.609155,43.411589 -2.606593,43.412021 -2.585226,43.408261 -2.579046,43.404434 -2.571413,43.406809 -2.555224,43.40763 -2.541943,43.400938 -2.532907,43.391856 -2.512492,43.393901 -2.497714,43.392007 -2.487726,43.384523 -2.483464,43.384183 -2.477052,43.378915 -2.468651,43.374946 -2.443459,43.352041 -2.418324,43.348132 -2.407062,43.339933 -2.398929,43.340162 -2.37166,43.329873 -2.371627,43.329844 -2.366098,43.328179 -2.355538,43.32121 -2.351701,43.320676 -2.349694,43.319727 -2.340159,43.320374 -2.287326,43.313157 -2.255084,43.322539 -2.252,43.322448 -2.237732,43.327269 -2.217021,43.327277 -2.214449,43.326402 -2.213028,43.327588 -2.194119,43.328529 -2.180027,43.319381 -2.17414,43.310381 -2.132685,43.311416 -2.131201,43.310923 -2.057189,43.330678 -2.056978,43.330671 -2.056645,43.330885 -2.015896,43.341084 -2.013548,43.340977 -2.011586,43.341845 -2.004709,43.34062 -1.995502,43.344419 -1.991356,43.343848 -1.977747,43.35313 -1.965527,43.355107 -1.947486,43.352939 -1.943921,43.351355 -1.938403,43.352588 -1.935326,43.35259 -1.90168,43.363161 -1.893222,43.376493 -1.884345,43.384039 -1.862244,43.394732 -1.856773,43.396722 -1.803034,43.410555 -1.799027,43.412788 -1.781672,43.411952 -1.780459,43.411548 -1.766598,43.398469 -1.7666,43.398466 -1.744548,43.402139 -1.734225,43.399906 -1.690131,43.413262 -1.683994,43.413535 -1.678962,43.415929 -1.675547,43.416379 -1.674901,43.416299 -1.621695,43.442887 -1.593858,43.478237 -1.594202,43.483059 -1.58856,43.495525 -1.574786,43.501205 -1.555114,43.526131 -1.557856,43.532925 -1.549548,43.544847 -1.537743,43.547987 -1.525908,43.564095 -1.480722,43.630082 -1.471387,43.6561 -1.472149,43.658852 -1.447311,43.765756 -1.447097,43.766004 -1.447188,43.766332 -1.324824,44.21419 -1.324854,44.21427 -1.276411,44.489265 -1.283323,44.529434 -1.280896,44.539645 -1.27783,44.54409 -1.277635,44.547237 -1.277006,44.548584 -1.276032,44.550358 -1.275718,44.550852 -1.270769,44.554326 -1.270542,44.554655 -1.276021,44.556452 -1.283064,44.568297 -1.277176,44.580534 -1.271188,44.585664 -1.275257,44.60263 -1.27409,44.604606 -1.26752,44.609275 -1.276856,44.615302 -1.285081,44.628666 -1.284827,44.661185 -1.284264,44.662143 -1.284675,44.66315 -1.215001,45.112139 -1.215011,45.112162 -1.187799,45.301553 -1.182152,45.470904 -1.180422,45.477008 -1.156005,45.5213 -1.151807,45.526323 -1.132136,45.542992 -1.119686,45.565868 -1.119396,45.566084 -1.119394,45.566471 -1.114771,45.574242 -1.097633,45.584776 -1.069058,45.590167 -1.047671,45.587503 -1.037017,45.574247 -1.036113,45.565662 -1.017284,45.545229 -1.013256,45.534363 -1.019213,45.523894 -1.021047,45.522352 -1.019698,45.517237 -0.999793,45.497535 -0.916091,45.454682 -0.912737,45.45262 -0.784503,45.35832 -0.779561,45.353058 -0.739248,45.287022 -0.737552,45.282986 -0.725391,45.23308 -0.721888,45.23633 -0.715941,45.236545 -0.726808,45.280813 -0.754098,45.357674 -0.784952,45.410165 -0.860157,45.485686 -0.93576,45.531843 -0.975163,45.542803 -0.978764,45.545265 -0.983209,45.54642 -1.010427,45.564202 -1.018534,45.577365 -1.01851,45.581979 -1.025282,45.584484 -1.038214,45.596322 -1.039475,45.600223 -1.058593,45.603625 -1.090715,45.622232 -1.118254,45.628903 -1.121683,45.631044 -1.126277,45.63203 -1.172081,45.658629 -1.17735,45.656852 -1.227236,45.654292 -1.245249,45.658262 -1.254404,45.669825 -1.273271,45.772542 -1.270052,45.783827 -1.261028,45.794833 -1.25845,45.796563 -1.266707,45.804722 -1.291876,45.870787 -1.38775,45.925451 -1.390307,45.925679 -1.393181,45.926846 -1.398772,45.931722 -1.402313,45.933736 -1.410734,45.942652 -1.423862,45.974629 -1.422131,45.98762 -1.415836,45.996418 -1.418834,46.003406 -1.439976,46.043501 -1.439578,46.056584 -1.42654,46.066076 -1.40776,46.066951 -1.362023,46.056887 -1.349617,46.050915 -1.344191,46.041113 -1.343996,46.039171 -1.314596,46.022893 -1.313819,46.021911 -1.312428,46.021518 -1.292952,46.008075 -1.234247,46.00466 -1.216416,45.99807 -1.210974,45.984517 -1.211897,45.979609 -1.210299,45.979023 -1.203457,45.968396 -1.206832,45.958795 -1.199177,45.953456 -1.192096,45.944008 -1.193982,45.933392 -1.195156,45.931577 -1.193697,45.930153 -1.19197,45.923977 -1.189844,45.923817 -1.173875,45.918252 -1.16702,45.906751 -1.165423,45.877963 -1.153705,45.881112 -1.141156,45.88091 -1.132013,45.891758 -1.125223,45.895351 -1.120789,45.898028 -1.112025,45.911781 -1.116717,45.930168 -1.129154,45.940393 -1.140668,45.948673 -1.14848,45.951668 -1.151618,45.95274 -1.16369,45.961431 -1.165045,45.973525 -1.155059,45.983516 -1.138278,45.986854 -1.135175,45.986711 -1.140286,45.988521 -1.15254,45.997946 -1.152552,45.998976 -1.154284,45.997493 -1.1717,45.990904 -1.175876,45.991761 -1.179411,45.990806 -1.197451,45.996348 -1.204501,46.009177 -1.203835,46.025751 -1.194103,46.039361 -1.172924,46.043022 -1.152975,46.040326 -1.138075,46.034159 -1.132225,46.022792 -1.133097,46.021088 -1.122476,46.022092 -1.10383,46.019082 -1.101451,46.017893 -1.098412,46.017777 -1.089916,46.014931 -1.089636,46.01498 -1.092215,46.034931 -1.094738,46.035189 -1.115666,46.047898 -1.130884,46.084553 -1.152012,46.089601 -1.166058,46.097745 -1.168745,46.110351 -1.163639,46.115814 -1.170693,46.11918 -1.171254,46.120004 -1.178377,46.120396 -1.195154,46.126016 -1.19699,46.129214 -1.200313,46.12849 -1.216171,46.128563 -1.238533,46.133682 -1.249173,46.139306 -1.260487,46.130999 -1.280083,46.125332 -1.325702,46.126141 -1.338437,46.128736 -1.46545,46.18223 -1.493862,46.174745 -1.511051,46.174437 -1.545087,46.182071 -1.5604,46.19138 -1.58233,46.223355 -1.582652,46.227797 -1.584923,46.231585 -1.58493,46.245868 -1.583678,46.24797 -1.584172,46.250019 -1.580081,46.254009 -1.577334,46.25862 -1.574505,46.259445 -1.57263,46.261273 -1.565165,46.262169 -1.558982,46.263972 -1.556345,46.263227 -1.553034,46.263624 -1.549276,46.263038 -1.530558,46.272871 -1.512954,46.276504 -1.491118,46.275425 -1.470552,46.266455 -1.458347,46.251577 -1.455395,46.248954 -1.410164,46.248882 -1.394208,46.245021 -1.385153,46.235145 -1.386854,46.22346 -1.387567,46.222388 -1.356823,46.224204 -1.338436,46.220312 -1.311642,46.205315 -1.29192,46.205314 -1.268292,46.19456 -1.259398,46.180285 -1.255266,46.180569 -1.25087,46.179605 -1.250233,46.180069 -1.245701,46.180424 -1.244931,46.181404 -1.239183,46.18475 -1.226751,46.197495 -1.227661,46.209786 -1.217045,46.225284 -1.182785,46.242753 -1.17284,46.256134 -1.175054,46.260975 -1.178288,46.255821 -1.192987,46.250167 -1.203359,46.248865 -1.222667,46.251741 -1.25109,46.265333 -1.271029,46.264885 -1.310769,46.275796 -1.323776,46.28369 -1.34863,46.314542 -1.369551,46.325466 -1.468681,46.324309 -1.492801,46.335004 -1.524367,46.384935 -1.538138,46.389663 -1.55448,46.38765 -1.559515,46.388414 -1.565339,46.387797 -1.66089,46.403961 -1.67855,46.414338 -1.678189,46.418228 -1.723057,46.440038 -1.741464,46.444783 -1.778136,46.468453 -1.779043,46.468705 -1.78304,46.471354 -1.783267,46.471762 -1.783421,46.471862 -1.784106,46.471449 -1.802369,46.471402 -1.824686,46.477104 -1.840789,46.489503 -1.881435,46.601272 -1.961511,46.674888 -1.971848,46.674049 -1.986709,46.680711 -2.001668,46.694407 -2.006867,46.704793 -2.007047,46.711154 -2.026248,46.726069 -2.160121,46.804558 -2.16896,46.815466 -2.184535,46.88589 -2.183014,46.891103 -2.187369,46.893921 -2.19041,46.898598 -2.194633,46.902343 -2.202797,46.923116 -2.22664,46.94407 -2.233949,46.946196 -2.2571,46.941079 -2.272858,46.940978 -2.285817,46.947051 -2.324134,46.980506 -2.328086,46.997715 -2.322648,47.007871 -2.330281,47.014045 -2.336443,47.025856 -2.336206,47.02627 -2.338274,47.023999 -2.356109,47.020281 -2.373021,47.02552 -2.380791,47.030864 -2.388048,47.046289 -2.374081,47.059488 -2.372688,47.059982 -2.35604,47.061766 -2.341269,47.056319 -2.337542,47.053578 -2.334126,47.050436 -2.331477,47.047336 -2.329148,47.037796 -2.313434,47.043494 -2.256507,47.048662 -2.241228,47.046905 -2.230101,47.039584 -2.22684,47.03554 -2.219135,47.034392 -2.205769,47.029262 -2.198926,47.019896 -2.192426,46.99326 -2.195215,46.984174 -2.14903,46.970544 -2.13606,46.962166 -2.123265,46.944691 -2.122114,46.941643 -2.117001,46.945384 -2.105933,46.950586 -2.104013,46.952488 -2.102306,46.953296 -2.098257,46.954874 -2.095247,46.955817 -2.094411,46.955999 -2.078761,46.963349 -2.074032,46.969575 -2.076052,46.979748 -2.072175,46.989441 -2.075635,46.989991 -2.085055,47.004596 -2.084921,47.006528 -2.076352,47.018999 -2.070619,47.020435 -2.071938,47.02763 -2.062083,47.038014 -2.056513,47.04089 -2.038151,47.044478 -2.030319,47.041813 -2.032445,47.05189 -2.053966,47.061534 -2.062508,47.067831 -2.072437,47.080116 -2.116335,47.090653 -2.116902,47.091058 -2.120049,47.090644 -2.140704,47.092979 -2.143749,47.093451 -2.258473,47.116126 -2.276156,47.127857 -2.271691,47.144461 -2.25723,47.15695 -2.256231,47.157812 -2.24479,47.167688 -2.223866,47.174581 -2.19381,47.174523 -2.187559,47.19551 -2.207661,47.2266 -2.209094,47.238181 -2.206156,47.246156 -2.212929,47.240353 -2.228467,47.237285 -2.234792,47.237401 -2.246371,47.227395 -2.260667,47.22105 -2.291919,47.215572 -2.312777,47.217838 -2.327811,47.224404 -2.332356,47.217851 -2.353377,47.213701 -2.358186,47.2158 -2.358408,47.215834 -2.367331,47.219791 -2.371719,47.221705 -2.37177,47.221759 -2.373854,47.222683 -2.3761,47.228101 -2.38996,47.225411 -2.407111,47.231303 -2.409761,47.233323 -2.414601,47.241315 -2.425364,47.240961 -2.465597,47.249941 -2.46617,47.250277 -2.467014,47.250264 -2.5592,47.274556 -2.572159,47.281922 -2.57583,47.293141 -2.574621,47.300732 -2.558096,47.315555 -2.541383,47.320138 -2.540796,47.320091 -2.535454,47.324263 -2.532725,47.324414 -2.531862,47.32649 -2.544214,47.346761 -2.546332,47.34856 -2.557013,47.349559 -2.578163,47.361135 -2.583871,47.371779 -2.582746,47.385826 -2.567029,47.395078 -2.548515,47.399166 -2.504146,47.424238 -2.513751,47.429583 -2.518014,47.439917 -2.51797,47.440861 -2.517829,47.4411 -2.523021,47.445296 -2.529137,47.455807 -2.524727,47.466742 -2.517551,47.47406 -2.524508,47.490271 -2.521171,47.501593 -2.521512,47.501712 -2.524313,47.503698 -2.536194,47.493761 -2.55564,47.491927 -2.584723,47.496721 -2.595415,47.491503 -2.595853,47.490666 -2.596976,47.489723 -2.609573,47.485459 -2.610795,47.484136 -2.614613,47.483753 -2.616887,47.482983 -2.618818,47.482938 -2.619955,47.483217 -2.63296,47.481911 -2.635429,47.482405 -2.638979,47.484115 -2.648446,47.484487 -2.650314,47.485537 -2.651958,47.481166 -2.666497,47.473935 -2.684463,47.474599 -2.725352,47.486304 -2.740836,47.479997 -2.753966,47.477409 -2.768045,47.477175 -2.772834,47.4729 -2.786816,47.46642 -2.803699,47.46693 -2.860097,47.481658 -2.873354,47.489271 -2.876722,47.500828 -2.875419,47.507069 -2.879304,47.510606 -2.896052,47.518063 -2.915289,47.517999 -2.920524,47.522532 -2.921137,47.520183 -2.923608,47.517713 -2.93859,47.510412 -2.941913,47.509783 -2.96379,47.512114 -2.975356,47.524843 -2.975626,47.526371 -2.972485,47.536184 -2.976698,47.536656 -2.99035,47.542942 -2.99452,47.548925 -3.003816,47.548129 -3.008241,47.54918 -3.009324,47.54858 -3.029908,47.550122 -3.042416,47.554862 -3.048761,47.551117 -3.091237,47.545639 -3.098719,47.547709 -3.105002,47.531913 -3.093292,47.506526 -3.063017,47.483653 -3.061424,47.483021 -3.05897,47.483084 -3.055061,47.48205 -3.040178,47.472048 -3.040797,47.457823 -3.056521,47.448302 -3.059081,47.447718 -3.077029,47.447946 -3.078566,47.448841 -3.089567,47.449198 -3.09015,47.449422 -3.091899,47.451363 -3.112041,47.452697 -3.123519,47.456535 -3.132556,47.454522 -3.150044,47.459833 -3.164731,47.469937 -3.171482,47.478044 -3.189201,47.525111 -3.185091,47.539964 -3.183708,47.540502 -3.187095,47.543012 -3.193879,47.556648 -3.1937,47.557995 -3.181063,47.571768 -3.167077,47.572598 -3.167268,47.573962 -3.181022,47.592241 -3.184224,47.592951 -3.185265,47.592144 -3.186926,47.59156 -3.211016,47.591357 -3.225385,47.604336 -3.22606,47.606986 -3.224087,47.614583 -3.227635,47.617735 -3.233106,47.630677 -3.306419,47.670661 -3.334507,47.675284 -3.33657,47.673874 -3.339872,47.672929 -3.342154,47.670897 -3.348711,47.668293 -3.370074,47.66656 -3.386305,47.675989 -3.38658,47.683176 -3.418612,47.681473 -3.424877,47.683363 -3.430398,47.680783 -3.45196,47.678057 -3.467406,47.680571 -3.481243,47.686254 -3.521221,47.717418 -3.524473,47.720588 -3.526804,47.723488 -3.527508,47.723842 -3.529126,47.725549 -3.529644,47.72702 -3.543796,47.744613 -3.606373,47.750586 -3.609143,47.751507 -3.618615,47.751003 -3.652291,47.756481 -3.66339,47.761948 -3.672225,47.757481 -3.693972,47.760631 -3.734915,47.781264 -3.737794,47.779031 -3.757125,47.772791 -3.771615,47.772424 -3.772865,47.765125 -3.775067,47.762475 -3.789673,47.754214 -3.793669,47.753271 -3.813656,47.753878 -3.827329,47.76364 -3.827026,47.776832 -3.827394,47.776993 -3.848749,47.772721 -3.871882,47.775296 -3.882968,47.789143 -3.883419,47.797201 -3.920831,47.820529 -3.926442,47.836073 -3.936388,47.841297 -3.946042,47.85178 -3.945072,47.85606 -3.951562,47.858821 -3.952486,47.860378 -3.951339,47.857592 -3.954273,47.84349 -3.971571,47.835182 -4.035511,47.825754 -4.060857,47.831076 -4.073189,47.840049 -4.104908,47.844376 -4.106333,47.844993 -4.108239,47.844088 -4.128033,47.841849 -4.133627,47.837951 -4.13346,47.824092 -4.150361,47.798935 -4.153984,47.791035 -4.165769,47.780885 -4.182981,47.778759 -4.200698,47.772965 -4.211368,47.776879 -4.218204,47.774042 -4.253496,47.773593 -4.253645,47.773633 -4.25379,47.773591 -4.282211,47.773367 -4.290188,47.775478 -4.306277,47.775956 -4.316751,47.780918 -4.35916,47.773696 -4.376129,47.774549 -4.383166,47.776543 -4.386223,47.775657 -4.390134,47.776814 -4.398485,47.776522 -4.400865,47.777195 -4.416314,47.789347 -4.411648,47.803255 -4.413608,47.804389 -4.41244,47.820075 -4.404808,47.829419 -4.393039,47.836969 -4.381033,47.840926 -4.381174,47.841802 -4.377289,47.845055 -4.396097,47.892651 -4.441446,47.947611 -4.468462,47.966424 -4.536749,47.989458 -4.540108,47.987023 -4.55435,47.981592 -4.570613,47.982667 -4.633657,48.000897 -4.641619,48.005712 -4.64358,48.005081 -4.661728,48.003818 -4.709592,48.011721 -4.711373,48.0126 -4.713686,48.01261 -4.751719,48.023342 -4.766727,48.034291 -4.764117,48.049089 -4.745674,48.057547 -4.742328,48.057945 -4.737415,48.073562 -4.715308,48.080362 -4.701963,48.080048 -4.701477,48.079899 -4.700956,48.080015 -4.689501,48.079482 -4.681645,48.086346 -4.664222,48.089229 -4.623178,48.086579 -4.607051,48.089477 -4.603339,48.092833 -4.590169,48.099239 -4.573916,48.099442 -4.561786,48.097039 -4.559295,48.099206 -4.541352,48.106134 -4.506755,48.10919 -4.493077,48.107527 -4.484027,48.112667 -4.46358,48.116876 -4.440777,48.115222 -4.42877,48.121252 -4.414364,48.124843 -4.363681,48.12718 -4.347701,48.124541 -4.337886,48.12048 -4.327456,48.117962 -4.325345,48.118284 -4.313513,48.115245 -4.304935,48.141818 -4.30816,48.14287 -4.319782,48.150234 -4.322996,48.160723 -4.321433,48.170889 -4.333884,48.18598 -4.371716,48.1872 -4.394521,48.197197 -4.399194,48.203586 -4.422742,48.208982 -4.423979,48.208464 -4.446926,48.206602 -4.463521,48.21723 -4.463356,48.218539 -4.467371,48.219761 -4.466764,48.217685 -4.476194,48.206765 -4.486328,48.201155 -4.4923,48.186649 -4.502134,48.176996 -4.512165,48.171951 -4.512091,48.170979 -4.51933,48.157775 -4.538587,48.152015 -4.560184,48.151701 -4.581969,48.158612 -4.586551,48.174411 -4.578443,48.193578 -4.585611,48.218938 -4.589707,48.220985 -4.599898,48.231808 -4.598463,48.237315 -4.602124,48.238325 -4.608362,48.238714 -4.609506,48.239118 -4.609826,48.239085 -4.613561,48.237214 -4.621151,48.237913 -4.628626,48.23714 -4.632321,48.238942 -4.634005,48.239097 -4.63568,48.240579 -4.645236,48.245238 -4.646308,48.249985 -4.646377,48.250045 -4.64635,48.25017 -4.648301,48.258807 -4.646058,48.264809 -4.646878,48.265217 -4.656963,48.275614 -4.65445,48.287915 -4.640533,48.29624 -4.61088,48.304148 -4.601306,48.304103 -4.606362,48.309741 -4.609661,48.320067 -4.623316,48.319072 -4.676244,48.331365 -4.678248,48.328338 -4.68344,48.325021 -4.686829,48.321197 -4.700033,48.314552 -4.717814,48.310903 -4.777261,48.312879 -4.797272,48.319847 -4.802182,48.334506 -4.799363,48.343127 -4.803332,48.347578 -4.809391,48.349127 -4.816362,48.363934 -4.814525,48.372244 -4.800949,48.385353 -4.800424,48.385373 -4.803425,48.391942 -4.802796,48.39566 -4.81124,48.399564 -4.821344,48.408513 -4.821428,48.419719 -4.797466,48.468862 -4.795667,48.47022 -4.8011,48.474685 -4.806854,48.488087 -4.803469,48.491986 -4.80636,48.498899 -4.805887,48.509465 -4.803614,48.511545 -4.807335,48.51665 -4.803754,48.522378 -4.804647,48.524723 -4.803521,48.535767 -4.792806,48.544311 -4.787999,48.546333 -4.776592,48.548067 -4.771487,48.556471 -4.752785,48.567828 -4.75545,48.568562 -4.763894,48.579543 -4.759564,48.591567 -4.758442,48.59269 -4.73452,48.600792 -4.732857,48.600747 -4.715361,48.595872 -4.714754,48.595047 -4.70908,48.590077 -4.698886,48.592115 -4.692301,48.597109 -4.690729,48.597513 -4.688631,48.597553 -4.685315,48.599147 -4.665502,48.602433 -4.663099,48.601516 -4.659332,48.6115 -4.656593,48.613702 -4.645772,48.617582 -4.644398,48.619433 -4.632509,48.627138 -4.630552,48.629255 -4.629421,48.62983 -4.629474,48.629937 -4.628891,48.631509 -4.617633,48.642175 -4.607585,48.643704 -4.6065,48.645442 -4.594216,48.649695 -4.593907,48.650887 -4.576676,48.658865 -4.556027,48.656406 -4.552882,48.655058 -4.552273,48.654789 -4.549802,48.653666 -4.548351,48.652147 -4.538081,48.655515 -4.524652,48.65122 -4.523427,48.651553 -4.502274,48.651444 -4.499958,48.649843 -4.489611,48.649299 -4.48687,48.648266 -4.485999,48.647431 -4.481927,48.652898 -4.470595,48.654764 -4.471165,48.66135 -4.469055,48.664629 -4.46323,48.668458 -4.463112,48.669119 -4.460409,48.670311 -4.454441,48.674232 -4.451466,48.674253 -4.444032,48.677529 -4.431694,48.675212 -4.427967,48.677524 -4.405953,48.675255 -4.386105,48.685491 -4.378321,48.695353 -4.356192,48.698831 -4.353224,48.697411 -4.340926,48.698886 -4.315855,48.693674 -4.314277,48.69294 -4.309622,48.693764 -4.307241,48.693629 -4.294528,48.688236 -4.293061,48.687989 -4.291859,48.689172 -4.269544,48.691132 -4.2527,48.681364 -4.251937,48.680241 -4.250128,48.669837 -4.23939,48.671853 -4.209186,48.698346 -4.195454,48.704734 -4.162188,48.71158 -4.153202,48.7144 -4.151413,48.713795 -4.141718,48.715787 -4.130211,48.716464 -4.101151,48.714062 -4.08913,48.723834 -4.081519,48.724165 -4.082422,48.725829 -4.067654,48.739409 -4.066754,48.739709 -4.06718,48.750508 -4.063724,48.757291 -4.054447,48.765857 -4.040863,48.769228 -4.039452,48.770037 -4.035947,48.770936 -4.017372,48.771236 -4.016079,48.770558 -3.999061,48.771274 -3.981908,48.768157 -3.976897,48.76366 -3.963966,48.760334 -3.962304,48.75939 -3.95873,48.753531 -3.944451,48.744721 -3.943175,48.734078 -3.939893,48.730995 -3.932278,48.733344 -3.915931,48.731366 -3.91301,48.730332 -3.900827,48.72146 -3.900472,48.716926 -3.887044,48.711367 -3.880081,48.711436 -3.879721,48.712699 -3.858387,48.719969 -3.857395,48.719984 -3.851182,48.72553 -3.845952,48.727697 -3.844151,48.731161 -3.82736,48.73749 -3.808471,48.734921 -3.790052,48.727193 -3.788688,48.725905 -3.785941,48.72522 -3.781684,48.722575 -3.769077,48.726328 -3.751939,48.727499 -3.7093,48.721253 -3.704379,48.718972 -3.699352,48.718181 -3.677748,48.707833 -3.659257,48.712277 -3.656304,48.715303 -3.632594,48.716837 -3.630573,48.716343 -3.61425,48.705129 -3.614351,48.704638 -3.609054,48.702346 -3.61467,48.723725 -3.611611,48.73251 -3.612216,48.737913 -3.603555,48.743801 -3.609451,48.749927 -3.617999,48.751616 -3.628175,48.761774 -3.62977,48.766154 -3.639246,48.771375 -3.6401,48.772947 -3.639545,48.776815 -3.640601,48.777844 -3.641997,48.784805 -3.640194,48.790241 -3.640215,48.790306 -3.640136,48.790415 -3.639561,48.792149 -3.639645,48.792251 -3.640501,48.796339 -3.638555,48.802202 -3.6388,48.809346 -3.626653,48.819043 -3.613764,48.820505 -3.613238,48.820748 -3.612116,48.820692 -3.607853,48.821175 -3.603136,48.820591 -3.602424,48.820202 -3.600829,48.820122 -3.599994,48.820549 -3.597818,48.824622 -3.587548,48.828456 -3.588918,48.832684 -3.587886,48.834615 -3.574573,48.844673 -3.554424,48.845975 -3.554236,48.845879 -3.549983,48.847574 -3.549846,48.847553 -3.549344,48.848718 -3.528503,48.855036 -3.525223,48.854038 -3.518287,48.857474 -3.514977,48.857572 -3.531687,48.865725 -3.534656,48.879338 -3.532707,48.881047 -3.532767,48.881107 -3.524238,48.895364 -3.523722,48.897531 -3.505064,48.905556 -3.488991,48.902775 -3.487003,48.903585 -3.486414,48.903478 -3.483467,48.907244 -3.463966,48.911601 -3.461091,48.910704 -3.459945,48.912188 -3.45698,48.913985 -3.436304,48.918721 -3.417021,48.912008 -3.413877,48.909402 -3.409018,48.893455 -3.425807,48.881429 -3.429983,48.880396 -3.439327,48.880216 -3.440344,48.878424 -3.451019,48.874709 -3.452518,48.870815 -3.469448,48.863644 -3.490642,48.860861 -3.492435,48.861063 -3.509358,48.85774 -3.502101,48.857956 -3.489835,48.855844 -3.48816,48.854893 -3.476193,48.85608 -3.460051,48.849265 -3.446259,48.837044 -3.439806,48.838041 -3.440004,48.838501 -3.437641,48.852067 -3.421445,48.860661 -3.416413,48.86165 -3.399386,48.861354 -3.385986,48.854485 -3.381001,48.849588 -3.380402,48.844766 -3.362394,48.842725 -3.361642,48.842388 -3.360541,48.842053 -3.353662,48.847693 -3.353194,48.84846 -3.352935,48.848608 -3.352919,48.848644 -3.352775,48.848698 -3.351663,48.849331 -3.34927,48.851292 -3.348361,48.851583 -3.34821,48.852788 -3.346897,48.853487 -3.346633,48.855869 -3.337552,48.86016 -3.336362,48.862048 -3.321084,48.867851 -3.307763,48.869595 -3.302737,48.875206 -3.301435,48.875969 -3.278136,48.880242 -3.26966,48.87605 -3.264549,48.881456 -3.245221,48.884939 -3.245087,48.884892 -3.231219,48.887731 -3.219712,48.887365 -3.21823,48.887707 -3.21275,48.887193 -3.210753,48.888796 -3.198129,48.893783 -3.17344,48.894963 -3.157516,48.882571 -3.155971,48.878225 -3.147223,48.880122 -3.141303,48.881755 -3.140212,48.881503 -3.13558,48.884029 -3.118906,48.888178 -3.107758,48.888403 -3.107609,48.892627 -3.106711,48.894244 -3.104371,48.895742 -3.115195,48.905071 -3.1156,48.906373 -3.111009,48.920449 -3.092158,48.927837 -3.071157,48.923789 -3.068147,48.922126 -3.063606,48.916263 -3.047027,48.91269 -3.045308,48.910889 -3.044761,48.911042 -3.025928,48.906547 -3.016904,48.894806 -3.021277,48.884996 -3.019401,48.884893 -3.010988,48.879176 -2.99439,48.882724 -2.9774,48.882708 -2.963757,48.876097 -2.956616,48.869493 -2.951596,48.859367 -2.952639,48.857057 -2.950789,48.849655 -2.951464,48.847454 -2.952237,48.846873 -2.951806,48.841207 -2.963612,48.831284 -2.966404,48.830156 -2.968103,48.828821 -2.96815,48.82741 -2.955788,48.825594 -2.948021,48.814655 -2.931753,48.805631 -2.931846,48.795155 -2.919527,48.791573 -2.912593,48.777855 -2.918418,48.770971 -2.905849,48.765139 -2.900846,48.753791 -2.907665,48.742825 -2.911065,48.740287 -2.910006,48.729537 -2.903467,48.725427 -2.901739,48.720838 -2.901672,48.720815 -2.894119,48.720257 -2.882128,48.719502 -2.868935,48.708905 -2.862104,48.693974 -2.857693,48.693873 -2.839661,48.68878 -2.827581,48.680966 -2.826647,48.681513 -2.804754,48.685898 -2.785595,48.67774 -2.783664,48.675718 -2.782327,48.671677 -2.764706,48.669316 -2.75325,48.658093 -2.752757,48.656521 -2.754403,48.651041 -2.753783,48.650231 -2.757348,48.638683 -2.77097,48.631045 -2.772542,48.630641 -2.790615,48.630247 -2.791303,48.63059 -2.786539,48.619823 -2.786189,48.610642 -2.787763,48.606264 -2.76996,48.601989 -2.755277,48.593508 -2.747253,48.583388 -2.703658,48.572321 -2.687389,48.560547 -2.690468,48.549628 -2.678601,48.55285 -2.653205,48.550563 -2.592183,48.589254 -2.585215,48.599084 -2.588157,48.604479 -2.583656,48.61504 -2.583162,48.615534 -2.570515,48.622348 -2.554274,48.623177 -2.550455,48.622593 -2.540367,48.617674 -2.537055,48.617686 -2.51201,48.626203 -2.505778,48.631048 -2.508556,48.632844 -2.516624,48.644384 -2.511052,48.656589 -2.496932,48.662379 -2.506579,48.664442 -2.515626,48.67755 -2.515673,48.67984 -2.509019,48.691862 -2.491946,48.697951 -2.473109,48.695019 -2.471806,48.694435 -2.461389,48.685391 -2.461336,48.674009 -2.461875,48.672931 -2.466015,48.667719 -2.466734,48.66709 -2.467356,48.666859 -2.46599,48.667036 -2.465778,48.667234 -2.464745,48.667729 -2.460234,48.668168 -2.45864,48.668557 -2.45767,48.668794 -2.447405,48.6713 -2.441499,48.671366 -2.43216,48.674272 -2.430713,48.674947 -2.428828,48.675308 -2.427449,48.675737 -2.427099,48.675639 -2.413553,48.678232 -2.397049,48.673798 -2.392309,48.668243 -2.390934,48.668301 -2.353242,48.684099 -2.34289,48.696555 -2.327025,48.705113 -2.306651,48.703989 -2.293281,48.693817 -2.289572,48.68662 -2.279692,48.685498 -2.264351,48.679982 -2.257318,48.669426 -2.259446,48.663713 -2.241023,48.664228 -2.222703,48.660194 -2.213131,48.649127 -2.215602,48.641432 -2.200057,48.646708 -2.19643,48.645736 -2.189259,48.64856 -2.183743,48.647872 -2.180284,48.6514 -2.177904,48.653242 -2.165601,48.658683 -2.163309,48.659177 -2.140808,48.657478 -2.1383,48.655029 -2.138161,48.655036 -2.136219,48.657287 -2.117874,48.666046 -2.111318,48.665034 -2.105982,48.66959 -2.100645,48.67025 -2.103869,48.678052 -2.091745,48.690395 -2.083255,48.694035 -2.059029,48.695844 -2.042409,48.684129 -2.041467,48.682018 -2.042132,48.670608 -2.039426,48.670816 -2.036032,48.670259 -2.030693,48.671323 -2.028679,48.670785 -2.023393,48.672047 -2.015847,48.677267 -2.01422,48.692032 -2.009035,48.694607 -2.006356,48.703429 -2.005233,48.704552 -1.983483,48.71265 -1.98173,48.712695 -1.974578,48.710662 -1.97378,48.712035 -1.95262,48.717199 -1.951582,48.717149 -1.95049,48.718135 -1.928627,48.719741 -1.914314,48.711418 -1.907695,48.710089 -1.872318,48.719185 -1.862074,48.725592 -1.855071,48.727328 -1.853314,48.729502 -1.852596,48.729951 -1.830445,48.734761 -1.810833,48.726527 -1.809363,48.718286 -1.808747,48.717644 -1.808343,48.716251 -1.808736,48.714769 -1.808114,48.711278 -1.809328,48.708898 -1.81055,48.707934 -1.811671,48.703709 -1.816011,48.69887 -1.804368,48.69428 -1.798886,48.681632 -1.799337,48.678578 -1.806952,48.667749 -1.810669,48.666527 -1.811173,48.666131 -1.821979,48.662806 -1.823135,48.662426 -1.823189,48.662434 -1.827916,48.660979 -1.836674,48.656508 -1.837281,48.652009 -1.836544,48.649737 -1.829095,48.640618 -1.829671,48.63866 -1.823698,48.634236 -1.778861,48.631647 -1.769666,48.63388 -1.683199,48.6349 -1.670005,48.638528 -1.67006,48.638669 -1.661117,48.650052 -1.643304,48.654556 -1.643145,48.657813 -1.631026,48.666954 -1.612903,48.668944 -1.61178,48.668809 -1.604211,48.666691 -1.603882,48.666791 -1.561107,48.669127 -1.553212,48.667452 -1.544756,48.666607 -1.541606,48.665348 -1.53577,48.675691 -1.528183,48.677947 -1.541516,48.695571 -1.54157,48.696074 -1.541849,48.696245 -1.554182,48.714124 -1.569361,48.718257 -1.578031,48.723977 -1.581915,48.725753 -1.584046,48.727943 -1.584066,48.727957 -1.584066,48.727964 -1.597865,48.742144 -1.602162,48.751572 -1.603468,48.813921 -1.608916,48.816999 -1.628981,48.818651 -1.641363,48.831616 -1.633976,48.846185 -1.607875,48.864173 -1.595036,48.930606 -1.591009,48.934231 -1.593473,48.93797 -1.588925,48.97718 -1.591795,48.97729 -1.598098,48.981662 -1.598335,48.981766 -1.598372,48.981852 -1.605607,48.986869 -1.605622,48.99058 -1.612739,48.996797 -1.637568,49.067128 -1.638274,49.07117 -1.638292,49.103688 -1.636431,49.1102 -1.621305,49.135708 -1.625988,49.148597 -1.625685,49.149827 -1.626683,49.15104 -1.632461,49.188607 -1.637012,49.189441 -1.637875,49.190553 -1.641948,49.191129 -1.648057,49.196349 -1.65082,49.198046 -1.651694,49.197978 -1.654702,49.198562 -1.671585,49.20796 -1.671988,49.216432 -1.708574,49.274577 -1.713555,49.277954 -1.733569,49.307009 -1.74769,49.313314 -1.78687,49.349394 -1.792137,49.351032 -1.798715,49.350559 -1.818293,49.355139 -1.833966,49.364501 -1.854234,49.393197 -1.856742,49.401159 -1.856276,49.41258 -1.801044,49.41258 -1.801383,49.404484 -1.793633,49.393497 -1.786592,49.395339 -1.762789,49.394339 -1.759339,49.391129 -1.752932,49.388588 -1.740985,49.378598 -1.741785,49.370174 -1.717558,49.347854 -1.706775,49.353035 -1.682589,49.347672 -1.678861,49.345111 -1.674547,49.337834 -1.671755,49.33539 -1.671262,49.333578 -1.667577,49.329092 -1.671934,49.316796 -1.677859,49.313992 -1.677882,49.313952 -1.671088,49.304075 -1.667858,49.304462 -1.663368,49.301905 -1.660072,49.301446 -1.657918,49.298799 -1.649874,49.294216 -1.649201,49.293182 -1.647087,49.284872 -1.647267,49.283255 -1.649017,49.278131 -1.649781,49.276829 -1.650205,49.276512 -1.627227,49.239932 -1.620268,49.242406 -1.601003,49.244155 -1.586802,49.238012 -1.577745,49.237891 -1.577116,49.237621 -1.565844,49.227644 -1.567212,49.215255 -1.571857,49.212168 -1.555039,49.206847 -1.547515,49.1953 -1.547292,49.192021 -1.558373,49.176778 -1.560124,49.175925 -1.574918,49.173622 -1.572259,49.156202 -1.565911,49.138675 -1.567044,49.128022 -1.583428,49.100447 -1.58344,49.078072 -1.579598,49.067851 -1.579959,49.065606 -1.580477,49.064929 -1.573811,49.046001 -1.560652,49.051454 -1.555305,49.052128 -1.553129,49.051867 -1.552926,49.051975 -1.537628,49.055951 -1.52164,49.053482 -1.515306,49.051011 -1.511219,49.047644 -1.507772,49.046845 -1.492654,49.038219 -1.492235,49.035536 -1.486809,49.029366 -1.49062,49.016944 -1.492372,49.015103 -1.507307,49.007473 -1.526185,49.007985 -1.526679,49.00812 -1.531601,49.011081 -1.531604,49.00429 -1.531515,49.004148 -1.531518,48.998758 -1.531995,48.998002 -1.531688,48.997388 -1.536647,48.955064 -1.533912,48.954738 -1.529196,48.952357 -1.518573,48.938391 -1.521371,48.934463 -1.520056,48.932374 -1.520057,48.931386 -1.52427,48.926684 -1.524422,48.926169 -1.52411,48.925537 -1.523415,48.925014 -1.522608,48.923487 -1.521973,48.913091 -1.522558,48.911609 -1.534147,48.90102 -1.546021,48.899375 -1.554858,48.853883 -1.562239,48.843706 -1.566756,48.840597 -1.558544,48.835954 -1.549089,48.82262 -1.548605,48.798319 -1.535394,48.796994 -1.523293,48.784724 -1.525435,48.779536 -1.524877,48.778301 -1.528554,48.771977 -1.529136,48.770566 -1.529585,48.770204 -1.531161,48.767492 -1.534665,48.764707 -1.54784,48.759755 -1.547792,48.757315 -1.539834,48.749128 -1.523346,48.744636 -1.509038,48.735523 -1.492294,48.71122 -1.492284,48.711024 -1.486637,48.703553 -1.484322,48.705727 -1.482481,48.706491 -1.453017,48.706292 -1.451265,48.705528 -1.440035,48.695228 -1.44198,48.682575 -1.450349,48.677445 -1.438423,48.67431 -1.434912,48.672381 -1.432875,48.676792 -1.426947,48.681464 -1.408598,48.687838 -1.388819,48.683853 -1.379076,48.671818 -1.380814,48.667977 -1.374641,48.667163 -1.367992,48.665186 -1.36426,48.663204 -1.361935,48.663613 -1.360857,48.663523 -1.347008,48.659572 -1.34602,48.659033 -1.336538,48.64808 -1.336134,48.646418 -1.336518,48.645563 -1.336091,48.632802 -1.338024,48.629344 -1.351739,48.61935 -1.372067,48.61844 -1.387586,48.627124 -1.387863,48.628997 -1.395718,48.626608 -1.412646,48.6236 -1.427141,48.62459 -1.429389,48.624348 -1.464157,48.631359 -1.478595,48.627052 -1.480637,48.619944 -1.465414,48.610347 -1.469117,48.593999 -1.470195,48.593011 -1.489908,48.587646 -1.494048,48.573212 -1.504839,48.561964 -1.524329,48.558679 -1.541837,48.565157 -1.547769,48.577848 -1.542258,48.623555 -1.56553,48.632857 -1.589745,48.631535 -1.612156,48.616915 -1.621595,48.614254 -1.624331,48.612234 -1.667304,48.600425 -1.677293,48.599046 -1.751626,48.598178 -1.757064,48.59296 -1.777071,48.590277 -1.791242,48.596296 -1.84944,48.599651 -1.869297,48.607241 -1.871459,48.615555 -1.879363,48.621404 -1.885634,48.629558 -1.891302,48.646984 -1.891803,48.652335 -1.88979,48.667382 -1.880506,48.678589 -1.899135,48.673796 -1.897385,48.666636 -1.898059,48.664974 -1.91123,48.653852 -1.93246,48.652397 -1.948684,48.661504 -1.951092,48.6647 -1.960616,48.66341 -1.963613,48.664544 -1.964844,48.660635 -1.984828,48.646822 -1.985302,48.640658 -1.987901,48.639303 -1.988413,48.633891 -1.989373,48.632644 -1.988716,48.632042 -1.989048,48.624428 -1.982912,48.616662 -1.976285,48.613961 -1.973818,48.609191 -1.9643,48.60974 -1.947163,48.606908 -1.936341,48.597694 -1.93639,48.590447 -1.935726,48.590029 -1.927446,48.575326 -1.939667,48.562089 -1.938203,48.561282 -1.936774,48.551802 -1.936571,48.551215 -1.936671,48.551115 -1.93641,48.549387 -1.93473,48.548968 -1.926154,48.536654 -1.929471,48.530521 -1.927417,48.520478 -1.938964,48.509688 -1.947709,48.508488 -1.954468,48.493561 -1.968295,48.482626 -1.972054,48.481368 -1.972447,48.475413 -1.97694,48.469844 -1.97826,48.468379 -1.98154,48.4651 -1.999273,48.457322 -2.019964,48.460379 -2.030922,48.472395 -2.032453,48.479581 -2.031058,48.484912 -2.031319,48.485221 -2.029821,48.48964 -2.029608,48.490453 -2.029528,48.490506 -2.027074,48.497742 -2.023706,48.501112 -2.019752,48.503018 -2.015197,48.507035 -2.010255,48.509019 -2.012034,48.523334 -2.007318,48.53289 -2.015099,48.541738 -2.017439,48.54972 -2.026027,48.554722 -2.035139,48.567047 -2.033076,48.571024 -2.034175,48.577158 -2.032365,48.578682 -2.041546,48.58393 -2.043774,48.583911 -2.058067,48.59158 -2.061617,48.60354 -2.060189,48.609672 -2.076352,48.616567 -2.077172,48.620498 -2.081778,48.618759 -2.105186,48.61862 -2.10289,48.615784 -2.102128,48.600618 -2.101505,48.600392 -2.100247,48.599403 -2.100458,48.599286 -2.088868,48.595641 -2.086289,48.591122 -2.074704,48.582715 -2.074924,48.569592 -2.088576,48.560033 -2.090013,48.559584 -2.107568,48.558293 -2.122565,48.564415 -2.124452,48.565942 -2.125133,48.567854 -2.135079,48.570412 -2.137168,48.573685 -2.142314,48.575792 -2.144515,48.577723 -2.14511,48.579325 -2.152635,48.570847 -2.173594,48.56762 -2.183108,48.568753 -2.18731,48.562587 -2.202036,48.557052 -2.202734,48.556958 -2.209634,48.55296 -2.230883,48.554184 -2.244163,48.565198 -2.244927,48.56704 -2.239621,48.577765 -2.239709,48.578807 -2.237717,48.583273 -2.2699,48.617588 -2.270935,48.617056 -2.280342,48.610011 -2.283595,48.609897 -2.285173,48.60792 -2.287329,48.606662 -2.29611,48.605217 -2.297059,48.604692 -2.300965,48.603659 -2.304848,48.603778 -2.311727,48.602645 -2.31418,48.604063 -2.315931,48.604116 -2.323934,48.602833 -2.34459,48.604998 -2.356728,48.616233 -2.353141,48.629872 -2.334056,48.64969 -2.357127,48.640022 -2.366744,48.633936 -2.369573,48.633263 -2.372806,48.633447 -2.381078,48.629977 -2.404277,48.628084 -2.434252,48.634676 -2.434523,48.634736 -2.437711,48.635437 -2.439007,48.63512 -2.439977,48.634884 -2.44233,48.634309 -2.441505,48.633085 -2.447994,48.620629 -2.474183,48.600287 -2.482511,48.595922 -2.518166,48.583799 -2.530484,48.581801 -2.533574,48.58179 -2.536123,48.569657 -2.555456,48.561523 -2.557995,48.561298 -2.605535,48.531176 -2.605303,48.520582 -2.616897,48.511046 -2.625695,48.509855 -2.630247,48.507589 -2.634198,48.50714 -2.646969,48.507718 -2.652075,48.50879 -2.655829,48.499139 -2.665937,48.489754 -2.681878,48.482658 -2.70087,48.484296 -2.713423,48.49385 -2.713291,48.504314 -2.724095,48.50887 -2.724627,48.509487 -2.724872,48.509358 -2.726309,48.50882 -2.749706,48.507742 -2.765547,48.519139 -2.761987,48.534494 -2.758889,48.537504 -2.748997,48.542135 -2.74823,48.545119 -2.776403,48.552265 -2.790639,48.560635 -2.798544,48.570595 -2.829131,48.577934 -2.843694,48.586245 -2.846198,48.598877 -2.840725,48.614149 -2.852735,48.641213 -2.851681,48.646164 -2.870334,48.65823 -2.883611,48.65853 -2.899201,48.66222 -2.908607,48.671209 -2.915149,48.685486 -2.919616,48.685815 -2.921898,48.687709 -2.923663,48.68781 -2.937898,48.692705 -2.951652,48.704227 -2.952427,48.706282 -2.970083,48.715398 -2.969302,48.73158 -2.9652,48.736544 -2.968962,48.744781 -2.990339,48.744849 -3.002734,48.746862 -3.028021,48.755507 -3.031097,48.755076 -3.033118,48.75539 -3.048694,48.762156 -3.050356,48.763638 -3.051751,48.766316 -3.064916,48.77017 -3.06814,48.777586 -3.069624,48.774909 -3.084145,48.767497 -3.095111,48.749324 -3.102889,48.7422 -3.108851,48.738879 -3.106505,48.736372 -3.105429,48.732598 -3.10964,48.719215 -3.126902,48.711612 -3.147229,48.714187 -3.152982,48.719758 -3.157096,48.721048 -3.161784,48.728265 -3.165912,48.729558 -3.173049,48.742082 -3.16501,48.754413 -3.147748,48.765752 -3.145825,48.774961 -3.139177,48.784469 -3.125613,48.794532 -3.124839,48.794839 -3.125201,48.803886 -3.120687,48.81427 -3.114968,48.819976 -3.116484,48.820415 -3.124235,48.832668 -3.11702,48.845105 -3.10668,48.852515 -3.108063,48.852487 -3.130447,48.840279 -3.143169,48.836397 -3.162184,48.834173 -3.174445,48.809005 -3.179756,48.802755 -3.194097,48.791759 -3.192374,48.787185 -3.192506,48.778217 -3.193121,48.776706 -3.189433,48.770746 -3.198636,48.757714 -3.220509,48.744917 -3.233419,48.742488 -3.233808,48.742205 -3.252646,48.736297 -3.272256,48.740859 -3.281187,48.753226 -3.274213,48.766176 -3.271518,48.768153 -3.271277,48.768328 -3.27002,48.769226 -3.258833,48.77266 -3.258813,48.772691 -3.26793,48.780142 -3.265945,48.793615 -3.262443,48.798017 -3.259657,48.799594 -3.257919,48.802545 -3.230431,48.822187 -3.229793,48.825261 -3.232317,48.826041 -3.238514,48.834423 -3.244391,48.824194 -3.261055,48.818172 -3.278402,48.820564 -3.289083,48.815734 -3.308994,48.817751 -3.314187,48.819761 -3.338955,48.807248 -3.346528,48.805902 -3.354762,48.803433 -3.363868,48.803219 -3.369558,48.794343 -3.393145,48.783334 -3.419105,48.782283 -3.431713,48.779359 -3.435574,48.779448 -3.446598,48.781267 -3.449517,48.78221 -3.456055,48.787099 -3.460617,48.788459 -3.461271,48.790996 -3.463222,48.792454 -3.462799,48.796928 -3.464229,48.802477 -3.479512,48.806141 -3.479811,48.806406 -3.48029,48.806075 -3.502344,48.806355 -3.508028,48.810646 -3.510496,48.810986 -3.514893,48.809688 -3.515581,48.800716 -3.523985,48.789623 -3.543443,48.779931 -3.554454,48.781983 -3.55486,48.781017 -3.555049,48.780936 -3.55597,48.774772 -3.548356,48.773695 -3.536976,48.764032 -3.531124,48.751986 -3.501735,48.754014 -3.500156,48.753713 -3.488842,48.755314 -3.479676,48.754325 -3.462802,48.747788 -3.457024,48.735462 -3.465328,48.723733 -3.465822,48.723419 -3.480528,48.718577 -3.482234,48.718397 -3.49355,48.718971 -3.494894,48.718438 -3.556274,48.71202 -3.554928,48.706869 -3.555469,48.70529 -3.554444,48.703636 -3.554684,48.675204 -3.56117,48.663653 -3.577384,48.65753 -3.599385,48.655015 -3.619338,48.659919 -3.620173,48.65887 -3.621206,48.658286 -3.640816,48.653984 -3.659296,48.659981 -3.673895,48.670893 -3.673924,48.670935 -3.698226,48.673167 -3.72727,48.68708 -3.755147,48.691164 -3.767836,48.687387 -3.773608,48.687264 -3.779349,48.6857 -3.78779,48.6857 -3.78934,48.686123 -3.790434,48.685798 -3.807463,48.690044 -3.815904,48.687506 -3.818178,48.686374 -3.819321,48.686478 -3.821569,48.685801 -3.826833,48.687096 -3.827514,48.686508 -3.822075,48.670221 -3.826308,48.656109 -3.830492,48.654398 -3.826295,48.643516 -3.821026,48.642287 -3.812223,48.629689 -3.819725,48.616676 -3.82562,48.612576 -3.82528,48.612137 -3.824921,48.611508 -3.824666,48.611041 -3.824172,48.610098 -3.825194,48.596714 -3.839961,48.587479 -3.860243,48.587536 -3.864976,48.590577 -3.865156,48.590625 -3.876746,48.596476 -3.883439,48.602359 -3.885132,48.608697 -3.888122,48.614603 -3.887126,48.616162 -3.887697,48.618296 -3.886034,48.621931 -3.907503,48.629427 -3.919119,48.637326 -3.921981,48.641172 -3.921996,48.633858 -3.924584,48.627753 -3.918324,48.618395 -3.917503,48.605312 -3.930366,48.595299 -3.950059,48.593686 -3.966102,48.601332 -3.975222,48.610717 -3.979152,48.617487 -3.980772,48.624044 -3.980384,48.631097 -3.978083,48.637468 -3.979869,48.639856 -3.980568,48.654687 -3.976788,48.660676 -3.986711,48.662826 -3.995106,48.676998 -3.993989,48.688002 -3.991944,48.690881 -3.995125,48.694394 -3.99538,48.695551 -3.996536,48.696262 -3.996767,48.701016 -3.997022,48.701081 -3.998475,48.699761 -4.014808,48.696347 -4.019516,48.696384 -4.022462,48.69414 -4.024434,48.691044 -4.027689,48.690158 -4.030888,48.68772 -4.036536,48.68744 -4.037496,48.683517 -4.039435,48.68237 -4.039316,48.682175 -4.04683,48.669731 -4.06528,48.66412 -4.084428,48.668456 -4.095117,48.674563 -4.098308,48.677634 -4.131398,48.680372 -4.144037,48.677774 -4.145171,48.677541 -4.171037,48.67222 -4.185722,48.659351 -4.183321,48.646685 -4.195335,48.635927 -4.215235,48.63356 -4.220219,48.634233 -4.226034,48.637099 -4.246515,48.633255 -4.252409,48.633704 -4.258148,48.63277 -4.265926,48.633548 -4.273325,48.628714 -4.278334,48.627565 -4.278676,48.62691 -4.294514,48.620535 -4.312812,48.622301 -4.314204,48.622795 -4.321378,48.629347 -4.327622,48.633349 -4.327794,48.635205 -4.328013,48.635405 -4.328373,48.636752 -4.328047,48.637932 -4.328816,48.646232 -4.325115,48.649295 -4.34208,48.653189 -4.346985,48.660219 -4.374737,48.645913 -4.366815,48.645132 -4.354684,48.636634 -4.35392,48.635511 -4.353006,48.622401 -4.365867,48.612341 -4.368247,48.611488 -4.390701,48.610416 -4.406601,48.62087 -4.407545,48.622532 -4.407237,48.625084 -4.408674,48.624812 -4.420237,48.617093 -4.424414,48.615791 -4.44738,48.615691 -4.449358,48.617233 -4.456136,48.612477 -4.473752,48.606851 -4.497152,48.60554 -4.485214,48.603035 -4.477336,48.595696 -4.477258,48.595661 -4.467728,48.588103 -4.465573,48.584868 -4.466461,48.569236 -4.485573,48.559934 -4.508391,48.564027 -4.512411,48.566346 -4.504685,48.560923 -4.507559,48.545791 -4.509356,48.543905 -4.524345,48.53628 -4.543179,48.536919 -4.558919,48.5414 -4.586174,48.537117 -4.607575,48.53967 -4.619178,48.551799 -4.620259,48.556533 -4.62822,48.557488 -4.630004,48.558298 -4.635525,48.556355 -4.655511,48.554871 -4.663903,48.55639 -4.676997,48.552271 -4.676659,48.550886 -4.683671,48.54445 -4.683884,48.54411 -4.68411,48.544047 -4.688832,48.539711 -4.709348,48.537449 -4.720079,48.539089 -4.725225,48.535965 -4.725041,48.534096 -4.730762,48.521849 -4.739792,48.518224 -4.740049,48.515541 -4.742263,48.512588 -4.740325,48.509716 -4.749569,48.497901 -4.746329,48.490128 -4.746385,48.489543 -4.745631,48.489473 -4.744783,48.489721 -4.744005,48.489748 -4.740861,48.490295 -4.737985,48.490385 -4.737958,48.489959 -4.725468,48.490392 -4.710463,48.482385 -4.707394,48.469769 -4.717813,48.458958 -4.721361,48.457207 -4.735557,48.454969 -4.74951,48.450585 -4.763734,48.421477 -4.7585,48.419055 -4.747189,48.402421 -4.748318,48.395792 -4.740694,48.389799 -4.734523,48.380229 -4.735959,48.375187 -4.732289,48.374135 -4.717679,48.363809 -4.718344,48.356822 -4.71563,48.360926 -4.70159,48.370228 -4.681811,48.370739 -4.617338,48.355778 -4.566277,48.376688 -4.54355,48.378474 -4.538432,48.377354 -4.527476,48.383033 -4.530609,48.388499 -4.545375,48.393948 -4.547127,48.39561 -4.551982,48.405837 -4.551983,48.408622 -4.54114,48.423028 -4.540601,48.423297 -4.523312,48.426931 -4.506494,48.422548 -4.498447,48.413029 -4.497344,48.413073 -4.482112,48.404671 -4.478549,48.400333 -4.465065,48.40383 -4.453869,48.403371 -4.440066,48.413127 -4.418909,48.413375 -4.410938,48.411237 -4.405043,48.42365 -4.383265,48.429371 -4.368769,48.423925 -4.360302,48.425398 -4.351331,48.424618 -4.293445,48.456201 -4.274343,48.460275 -4.256309,48.454561 -4.249204,48.442184 -4.256905,48.42991 -4.295175,48.403775 -4.301427,48.400587 -4.390936,48.367286 -4.404163,48.357559 -4.387576,48.35805 -4.384851,48.356092 -4.380362,48.35971 -4.362303,48.367259 -4.341186,48.369379 -4.339425,48.370169 -4.318915,48.372922 -4.310826,48.369289 -4.303708,48.372098 -4.266865,48.375603 -4.247971,48.372737 -4.236906,48.362205 -4.239359,48.349429 -4.254061,48.340979 -4.254186,48.340948 -4.24558,48.341432 -4.229843,48.332573 -4.229022,48.325657 -4.219417,48.322161 -4.215305,48.315028 -4.191613,48.313692 -4.17136,48.305634 -4.168526,48.290038 -4.185273,48.278872 -4.2027,48.274824 -4.19417,48.270933 -4.188845,48.265832 -4.155588,48.26373 -4.13793,48.257715 -4.131334,48.245267 -4.139375,48.233144 -4.157681,48.227924 -4.210977,48.226892 -4.228153,48.230585 -4.233909,48.236541 -4.234275,48.236541 -4.234277,48.236541 -4.241641,48.236541 -4.241642,48.236541 -4.246579,48.236541 -4.247276,48.236733 -4.247648,48.23664 -4.255117,48.238898 -4.265616,48.241794 -4.265824,48.242131 -4.266411,48.242309 -4.271238,48.245756 -4.302717,48.258305 -4.313577,48.266579 -4.314636,48.274268 -4.389291,48.257645 -4.405395,48.257415 -4.419404,48.260109 -4.437662,48.272167 -4.439431,48.276139 -4.455564,48.27645 -4.493218,48.265068 -4.494704,48.264987 -4.496579,48.26368 -4.503449,48.262019 -4.516971,48.26223 -4.516247,48.260333 -4.523962,48.250694 -4.521868,48.245737 -4.523347,48.236976 -4.518328,48.242768 -4.506335,48.249373 -4.493389,48.253288 -4.467689,48.256074 -4.452152,48.254688 -4.42205,48.245522 -4.421832,48.245358 -4.417128,48.245723 -4.370851,48.23512 -4.355507,48.226076 -4.352923,48.22254 -4.315962,48.221344 -4.29378,48.212127 -4.270119,48.183421 -4.266959,48.172984 -4.267474,48.169654 -4.262205,48.167933 -4.249909,48.15969 -4.247854,48.148124 -4.264364,48.097148 -4.270963,48.088688 -4.286774,48.077282 -4.304429,48.071535 -4.308361,48.072321 -4.308924,48.070656 -4.330182,48.063839 -4.351242,48.070754 -4.354522,48.073584 -4.35993,48.082456 -4.360696,48.086882 -4.361513,48.087898 -4.368946,48.090974 -4.402971,48.089405 -4.417128,48.082297 -4.43631,48.078768 -4.458162,48.080355 -4.471736,48.072646 -4.486368,48.068436 -4.501956,48.070459 -4.508623,48.072849 -4.523496,48.071536 -4.530499,48.065443 -4.543607,48.059249 -4.55962,48.059102 -4.572731,48.061702 -4.58423,48.056463 -4.614224,48.051076 -4.623834,48.05054 -4.649992,48.052232 -4.657229,48.045824 -4.66858,48.043788 -4.669363,48.042109 -4.657899,48.040215 -4.643745,48.044766 -4.623986,48.045727 -4.608691,48.037397 -4.603749,48.031454 -4.566505,48.020686 -4.563527,48.022845 -4.563056,48.029591 -4.561924,48.030498 -4.561931,48.031075 -4.557835,48.040778 -4.552671,48.046304 -4.549755,48.047585 -4.549109,48.048434 -4.545224,48.049576 -4.53375,48.054615 -4.51416,48.056592 -4.500741,48.055659 -4.492474,48.053592 -4.476379,48.042229 -4.479896,48.026704 -4.500326,48.018878 -4.503948,48.018708 -4.43995,47.997113 -4.432759,47.993558 -4.400195,47.970869 -4.396106,47.967154 -4.375188,47.941797 -4.36015,47.935298 -4.359297,47.934535 -4.354428,47.927055 -4.354294,47.926561 -4.355058,47.924785 -4.346705,47.92371 -4.340722,47.915779 -4.328431,47.915101 -4.315474,47.906436 -4.313947,47.894186 -4.320695,47.887774 -4.31885,47.887913 -4.302972,47.879582 -4.30039,47.866152 -4.312566,47.85528 -4.319347,47.852541 -4.324418,47.851683 -4.321595,47.84451 -4.322896,47.832833 -4.325892,47.830615 -4.325184,47.825608 -4.339005,47.814874 -4.343798,47.813296 -4.317655,47.817743 -4.295716,47.815032 -4.289149,47.811921 -4.288186,47.812293 -4.269878,47.814398 -4.257607,47.809463 -4.254066,47.809491 -4.254064,47.80949 -4.235432,47.809729 -4.22696,47.817857 -4.206812,47.82032 -4.19965,47.81699 -4.197012,47.816662 -4.194125,47.820966 -4.20645,47.827725 -4.214404,47.838548 -4.214238,47.844319 -4.224165,47.849611 -4.224923,47.849673 -4.242488,47.856216 -4.248202,47.869143 -4.24779,47.86967 -4.248507,47.869711 -4.261472,47.878615 -4.262525,47.880212 -4.262613,47.880254 -4.273577,47.892647 -4.26731,47.906494 -4.25981,47.91238 -4.241833,47.918645 -4.222508,47.914751 -4.212829,47.90291 -4.210321,47.888087 -4.211439,47.885053 -4.208199,47.884913 -4.206433,47.884453 -4.200814,47.888504 -4.197339,47.888734 -4.195799,47.890475 -4.198343,47.893545 -4.199961,47.896869 -4.199288,47.909214 -4.186862,47.918394 -4.173099,47.919649 -4.165828,47.932385 -4.155291,47.941102 -4.147375,47.942514 -4.145459,47.944426 -4.143849,47.9448 -4.140555,47.947239 -4.141285,47.951308 -4.134983,47.965178 -4.12883,47.969985 -4.112015,47.976138 -4.09341,47.973268 -4.083932,47.969 -4.081403,47.965807 -4.075887,47.965954 -4.060779,47.954004 -4.063868,47.944085 -4.060566,47.940509 -4.064952,47.927316 -4.081809,47.919841 -4.09326,47.921266 -4.095349,47.919447 -4.112691,47.913642 -4.114615,47.911828 -4.104169,47.91053 -4.092592,47.899799 -4.093231,47.896627 -4.081807,47.887272 -4.082445,47.881467 -4.075971,47.880626 -4.067391,47.878431 -4.065145,47.877532 -4.062475,47.875271 -4.053754,47.87408 -4.039512,47.868696 -4.038361,47.867859 -4.037296,47.868474 -4.032623,47.869103 -4.013378,47.866812 -4.012345,47.865889 -4.01053,47.866157 -4.015334,47.87779 -4.014838,47.886892 -4.015051,47.887089 -4.016714,47.890098 -4.016405,47.893218 -4.019804,47.899214 -4.011609,47.911696 -4.009049,47.913359 -3.996415,47.916521 -3.994,47.919521 -3.971583,47.922572 -3.959846,47.91619 -3.958055,47.915938 -3.957949,47.915814 -3.956573,47.916578 -3.93831,47.916574 -3.924362,47.908738 -3.921481,47.897769 -3.916386,47.894767 -3.912016,47.897168 -3.900425,47.899505 -3.89032,47.898914 -3.889194,47.899545 -3.88587,47.900354 -3.863154,47.898966 -3.850383,47.886349 -3.856814,47.871655 -3.857937,47.870802 -3.874187,47.864874 -3.875362,47.864757 -3.867721,47.859299 -3.867339,47.846475 -3.870851,47.839916 -3.870582,47.839976 -3.851194,47.839315 -3.837658,47.830033 -3.837238,47.820271 -3.831249,47.817162 -3.830251,47.813752 -3.808282,47.811622 -3.796697,47.806542 -3.794127,47.807775 -3.774861,47.808267 -3.778918,47.815653 -3.776084,47.82196 -3.778403,47.828023 -3.778578,47.828221 -3.778557,47.828426 -3.780584,47.833721 -3.77839,47.84751 -3.768155,47.859842 -3.747842,47.863484 -3.729944,47.856198 -3.725498,47.85202 -3.722658,47.836802 -3.721104,47.835032 -3.714396,47.840242 -3.693691,47.846504 -3.68049,47.842219 -3.678802,47.842532 -3.670001,47.843148 -3.663531,47.842878 -3.64785,47.838612 -3.643403,47.836052 -3.634256,47.824143 -3.640019,47.81126 -3.652343,47.80656 -3.633005,47.808643 -3.616467,47.800524 -3.614653,47.792298 -3.609998,47.794529 -3.589246,47.791822 -3.582502,47.784613 -3.560363,47.782501 -3.554612,47.800812 -3.555579,47.801637 -3.555765,47.802067 -3.561709,47.808259 -3.562339,47.809696 -3.562573,47.810265 -3.562797,47.810848 -3.562009,47.8153 -3.562539,47.816055 -3.561291,47.819356 -3.560507,47.823783 -3.559367,47.824446 -3.558097,47.827803 -3.557469,47.828432 -3.548986,47.833855 -3.546874,47.834708 -3.528409,47.837032 -3.512284,47.830656 -3.509018,47.823998 -3.506843,47.823674 -3.496363,47.810594 -3.496229,47.809202 -3.498183,47.806243 -3.497447,47.80493 -3.497947,47.804188 -3.497607,47.803389 -3.498495,47.798198 -3.491558,47.792829 -3.49284,47.779276 -3.502763,47.773246 -3.503316,47.770007 -3.495411,47.760175 -3.487434,47.763216 -3.467955,47.759777 -3.457687,47.748155 -3.457584,47.747686 -3.453497,47.745289 -3.454107,47.732394 -3.444394,47.72666 -3.443451,47.725267 -3.442242,47.718853 -3.441451,47.719222 -3.42426,47.721886 -3.42484,47.72222 -3.426263,47.724078 -3.432138,47.725536 -3.434429,47.727557 -3.439819,47.739405 -3.432469,47.75082 -3.415884,47.756346 -3.414042,47.756481 -3.405602,47.753924 -3.401014,47.75391 -3.399531,47.753775 -3.386594,47.749321 -3.385676,47.749303 -3.38224,47.74824 -3.38224,47.74943 -3.391687,47.757595 -3.395556,47.769901 -3.39553,47.76997 -3.411695,47.788716 -3.412333,47.793436 -3.41558,47.797596 -3.415625,47.798539 -3.412308,47.807809 -3.409031,47.811807 -3.393601,47.820325 -3.373741,47.819356 -3.360469,47.809438 -3.360678,47.805285 -3.355842,47.802046 -3.343498,47.781068 -3.343497,47.780221 -3.337186,47.774113 -3.327376,47.776557 -3.319905,47.783036 -3.319341,47.790541 -3.319452,47.790955 -3.3193,47.791095 -3.319022,47.794786 -3.312691,47.802108 -3.309535,47.803529 -3.311789,47.813857 -3.302444,47.830288 -3.294224,47.834916 -3.273455,47.838989 -3.255062,47.831456 -3.251037,47.81723 -3.254044,47.808522 -3.249414,47.80109 -3.249283,47.794307 -3.250144,47.793276 -3.250156,47.793165 -3.257373,47.782085 -3.259498,47.781348 -3.257206,47.773485 -3.259365,47.766119 -3.271426,47.754315 -3.279845,47.753429 -3.29635,47.72996 -3.305628,47.72527 -3.292606,47.723124 -3.284402,47.71155 -3.27473,47.707686 -3.271731,47.705063 -3.265217,47.706064 -3.263554,47.705929 -3.255346,47.70252 -3.252704,47.70273 -3.239484,47.697027 -3.238563,47.704324 -3.223665,47.711508 -3.223772,47.712101 -3.223278,47.713134 -3.210141,47.723628 -3.189877,47.724895 -3.184272,47.721776 -3.177659,47.722057 -3.15881,47.71787 -3.136889,47.70538 -3.127914,47.694817 -3.131073,47.682793 -3.140778,47.671387 -3.154704,47.663421 -3.157091,47.663406 -3.155511,47.661937 -3.157027,47.649538 -3.16619,47.643376 -3.161262,47.641609 -3.157097,47.627171 -3.15047,47.632958 -3.125857,47.632228 -3.12379,47.63142 -3.112226,47.622102 -3.112191,47.609921 -3.113291,47.609018 -3.104729,47.607039 -3.083229,47.594021 -3.077656,47.595466 -3.071412,47.593012 -3.068658,47.597398 -3.06749,47.598117 -3.05224,47.601071 -3.051676,47.603219 -3.056981,47.612809 -3.064279,47.6148 -3.064998,47.615249 -3.073326,47.626492 -3.073506,47.62766 -3.068048,47.640552 -3.05089,47.647371 -3.049587,47.647506 -3.048945,47.647365 -3.036722,47.651467 -3.018881,47.648504 -3.00821,47.638449 -3.001002,47.62067 -2.991148,47.625454 -2.994406,47.62947 -2.99636,47.637719 -2.997711,47.638898 -3.003125,47.648224 -3.004388,47.657745 -3.004149,47.658343 -3.005458,47.661876 -3.004734,47.665779 -3.005846,47.667903 -3.004584,47.669458 -3.007361,47.672438 -3.007586,47.673561 -3.006132,47.682265 -3.004785,47.684691 -2.998291,47.691364 -2.995462,47.693206 -2.978745,47.698242 -2.961195,47.694875 -2.951051,47.684684 -2.951431,47.682378 -2.948353,47.679673 -2.948064,47.676795 -2.9461,47.679523 -2.935512,47.682123 -2.922592,47.691442 -2.9034,47.692537 -2.888185,47.684657 -2.884871,47.671905 -2.885996,47.668087 -2.888949,47.662722 -2.890342,47.66106 -2.901938,47.654781 -2.902075,47.649997 -2.908426,47.638678 -2.919172,47.634462 -2.917724,47.620878 -2.909187,47.617049 -2.908649,47.615917 -2.904823,47.615524 -2.904362,47.615089 -2.901119,47.618616 -2.894017,47.619041 -2.89674,47.628052 -2.879964,47.640146 -2.877359,47.640775 -2.858148,47.640461 -2.857201,47.639849 -2.85618,47.640003 -2.827517,47.636696 -2.825801,47.637394 -2.817991,47.637216 -2.818959,47.640463 -2.817479,47.64491 -2.806104,47.65603 -2.786494,47.658738 -2.778272,47.655203 -2.776501,47.657114 -2.775535,47.657322 -2.773946,47.666982 -2.771208,47.67098 -2.755094,47.680615 -2.733725,47.679159 -2.72098,47.667558 -2.720262,47.665401 -2.725002,47.650636 -2.727608,47.648301 -2.734269,47.645737 -2.733701,47.644966 -2.733599,47.644321 -2.732126,47.644279 -2.730585,47.643107 -2.726534,47.645703 -2.723065,47.651673 -2.700866,47.656322 -2.681773,47.647506 -2.671029,47.634771 -2.668148,47.636724 -2.647243,47.636512 -2.63309,47.626195 -2.629589,47.619546 -2.630593,47.605901 -2.639806,47.592652 -2.657519,47.582787 -2.671755,47.584701 -2.673938,47.582306 -2.673055,47.580788 -2.684187,47.567342 -2.685579,47.566668 -2.692856,47.56524 -2.703618,47.552579 -2.70554,47.552462 -2.707154,47.551105 -2.706658,47.543324 -2.693495,47.552221 -2.69017,47.55294 -2.670212,47.551922 -2.668126,47.550318 -2.656652,47.554893 -2.65144,47.555433 -2.636415,47.551052 -2.630874,47.557078 -2.61055,47.560097 -2.601244,47.555914 -2.585648,47.566525 -2.5628,47.564966 -2.550373,47.55197 -2.549611,47.547882 -2.551593,47.538704 -2.549233,47.540204 -2.526049,47.544068 -2.506904,47.540312 -2.501075,47.543124 -2.482001,47.541607 -2.469495,47.531801 -2.469613,47.529194 -2.464391,47.528696 -2.445047,47.519762 -2.44207,47.516173 -2.422208,47.516814 -2.4159,47.515743 -2.412579,47.518109 -2.395399,47.523689 -2.382114,47.52108 -2.373084,47.527662 -2.347259,47.532954 -2.331535,47.530391 -2.32371,47.53287 -2.304176,47.533698 -2.289168,47.525276 -2.28681,47.512165 -2.298371,47.501462 -2.314583,47.494502 -2.337182,47.492581 -2.341088,47.493449 -2.350654,47.485748 -2.369492,47.479321 -2.383546,47.478738 -2.390333,47.480091 -2.390612,47.47989 -2.401033,47.477041 -2.396547,47.473783 -2.395066,47.471582 -2.394155,47.458278 -2.407042,47.448154 -2.425575,47.44685 -2.421156,47.44141 -2.423552,47.432637 -2.421358,47.431968 -2.419748,47.431931 -2.418506,47.43247 -2.412126,47.431753 -2.404346,47.431571 -2.403202,47.430749 -2.399659,47.43035 -2.394892,47.42624 -2.380721,47.4201 -2.376027,47.407265 -2.376072,47.40704 -2.384387,47.396211 -2.400954,47.391418 -2.402076,47.391373 -2.403348,47.391555 -2.407896,47.388878 -2.417748,47.389009 -2.418701,47.38613 -2.421082,47.38375 -2.435779,47.376511 -2.453851,47.377327 -2.461062,47.38203 -2.467706,47.377507 -2.48529,47.376179 -2.486143,47.376314 -2.486466,47.376469 -2.487928,47.376318 -2.497735,47.381205 -2.509149,47.374756 -2.500627,47.367515 -2.499596,47.365071 -2.496699,47.36311 -2.49086,47.353517 -2.488042,47.35451 -2.485526,47.35451 -2.465661,47.348394 -2.465257,47.348079 -2.460751,47.33798 -2.455165,47.335516 -2.454821,47.334521 -2.453426,47.334099 -2.447389,47.333493 -2.446246,47.331929 -2.440674,47.330244 -2.439057,47.329076 -2.433114,47.314674 -2.428284,47.309979 -2.417318,47.310483 -2.414263,47.309674 -2.412757,47.308504 -2.41221,47.30862 -2.41056,47.308113 -2.405582,47.308714 -2.401988,47.308085 -2.385175,47.298966 -2.384914,47.295642 -2.377728,47.296124 -2.358801,47.29237 -2.327221,47.275432 -2.317465,47.263722 -2.317796,47.262863 -2.293665,47.252327 -2.28231,47.254317 -2.274351,47.261199 -2.287711,47.26859 -2.289565,47.278322 -2.291209,47.278877 -2.298214,47.290575 -2.292094,47.302551 -2.27588,47.308866 -2.271027,47.309405 -2.248724,47.304811 -2.248372,47.304174 -2.234529,47.304823 -2.228957,47.303744 -2.216957,47.297833 -2.206679,47.305843 -2.206045,47.30585 -2.206043,47.305877 -2.192911,47.314924 -2.174295,47.315881 -2.16316,47.310177 -2.146923,47.314264 -2.143206,47.323292 -2.142218,47.324011 -2.125036,47.329697 -2.11599,47.327917 -2.109031,47.329549 -2.105122,47.329235 -2.09107,47.324652 -2.084631,47.324787 -2.079348,47.328031 -2.059432,47.32758 -2.056466,47.326682 -2.053794,47.324867 -2.051856,47.324715 -2.001176,47.315549 -2.00025,47.315067 -1.997056,47.314683 -1.996052,47.315102 -1.991289,47.315461 -1.980544,47.313569 -1.975089,47.315885 -1.957212,47.314233 -1.955954,47.313784 -1.954439,47.312915 -1.952072,47.313219 -1.94969,47.313084 -1.934891,47.307197 -1.891222,47.301916 -1.883122,47.304287 -1.881504,47.304108 -1.865979,47.298265 -1.863098,47.293302 -1.858947,47.291649 -1.858274,47.291244 -1.856926,47.290436 -1.852602,47.284584 -1.835234,47.274714 -1.828962,47.269482 -1.805808,47.240188 -1.772837,47.224611 -1.762149,47.213651 -1.764028,47.206092 -1.763876,47.200541 -1.780851,47.190499 -1.788439,47.189017 -1.79849,47.188414 -1.812409,47.189402 -1.824291,47.192318 -1.837629,47.19838 -1.838595,47.199278 -1.839399,47.199424 -1.870207,47.21523 -1.871065,47.216209 -1.873232,47.216696 -1.879968,47.220109 -1.8848,47.225614 -1.891684,47.226188 -1.959043,47.251603 -1.971145,47.261421 -1.971026,47.263661 -1.989824,47.266062 -1.988656,47.260209 -1.988882,47.258458 -1.995923,47.247714 -2.011197,47.242175 -2.028192,47.244201 -2.030212,47.244965 -2.041818,47.253912 -2.042547,47.265858 -2.041291,47.268643 -2.036506,47.272425 -2.042198,47.273255 -2.148646,47.25441 -2.155596,47.235604 -2.13579,47.204921 -2.134106,47.194142 -2.136583,47.185858 -2.117314,47.182853 -2.113586,47.181011 -2.102792,47.167117 -2.105316,47.163287 -2.104278,47.161131 -2.112867,47.148999 -2.115248,47.147517 -2.135653,47.142854 -2.153736,47.149821 -2.158436,47.145646 -2.179601,47.138552 -2.18223,47.138558 -2.130227,47.128262 -2.120762,47.127193 -2.114352,47.12984 -2.109971,47.138093 -2.097328,47.142924 -2.099508,47.144242 -2.100073,47.158467 -2.092391,47.163706 -2.091679,47.164798 -2.088356,47.167404 -2.073037,47.173348 -2.055686,47.171447 -2.044007,47.162544 -2.043738,47.162094 -2.045521,47.151461 -2.044894,47.14513 -2.055501,47.135169 -2.066327,47.133283 -2.064574,47.131703 -2.063542,47.129322 -2.062572,47.122636 -2.063023,47.119222 -2.065784,47.116699 -2.045225,47.111758 -2.031012,47.103547 -2.01941,47.08918 -1.99356,47.077589 -1.993131,47.077156 -1.992246,47.077005 -1.988433,47.072635 -1.984378,47.073645 -1.982535,47.07351 -1.9637,47.065825 -1.962756,47.064882 -1.961436,47.061038 -1.960109,47.06197 -1.955556,47.063403 -1.954582,47.065244 -1.952471,47.066637 -1.939477,47.070819 -1.932229,47.074272 -1.910332,47.069885 -1.901806,47.055458 -1.901941,47.054066 -1.913944,47.040106 -1.915561,47.039387 -1.91617,47.039331 -1.916182,47.039316 -1.917395,47.038732 -1.921766,47.037118 -1.922809,47.036048 -1.937102,47.028766 -1.954864,47.029313 -1.968004,47.03744 -1.969205,47.038984 -1.969835,47.038427 -1.971081,47.038141 -1.969727,47.037438 -1.967145,47.023752 -1.979562,47.012798 -1.992871,47.007591 -2.016119,46.993353 -2.022466,46.977529 -2.021779,46.960517 -2.026519,46.954287 -2.026046,46.948593 -2.02708,46.947111 -2.032881,46.943764 -2.035631,46.940728 -2.039,46.938079 -2.043539,46.936447 -2.043696,46.936325 -2.068036,46.924899 -2.069489,46.924217 -2.070188,46.923889 -2.071277,46.923215 -2.072062,46.923008 -2.082579,46.918067 -2.087301,46.91262 -2.087217,46.912453 -2.087262,46.912048 -2.091385,46.904835 -2.089907,46.896658 -2.076559,46.896962 -2.062,46.88775 -2.061057,46.886358 -2.059491,46.874281 -2.069497,46.864227 -2.071653,46.863149 -2.094622,46.860397 -2.11164,46.871214 -2.112628,46.873011 -2.11256,46.875476 -2.11425,46.874583 -2.129025,46.875327 -2.118528,46.827642 -1.991019,46.752844 -1.990194,46.751722 -1.988369,46.751113 -1.961376,46.730133 -1.956977,46.722356 -1.955722,46.724638 -1.952661,46.726085 -1.952241,46.726771 -1.950058,46.727315 -1.948368,46.728113 -1.947013,46.730727 -1.935023,46.738671 -1.931368,46.741325 -1.931346,46.741342 -1.931345,46.741342 -1.924573,46.746258 -1.922372,46.747022 -1.902608,46.748127 -1.887464,46.73942 -1.885713,46.737129 -1.885156,46.721252 -1.893177,46.716768 -1.894842,46.711651 -1.898913,46.709824 -1.899633,46.709076 -1.900067,46.707227 -1.902882,46.705698 -1.90694,46.701478 -1.907783,46.701057 -1.907592,46.692484 -1.910464,46.68821 -1.851917,46.634353 -1.829242,46.628501 -1.828838,46.628187 -1.822332,46.616414 -1.82471,46.61199 -1.813668,46.609661 -1.802607,46.602323 -1.796215,46.600434 -1.793101,46.594598 -1.791322,46.594025 -1.783987,46.582533 -1.783887,46.581292 -1.781417,46.581009 -1.779752,46.579774 -1.770646,46.576937 -1.76306,46.565657 -1.763172,46.565384 -1.754735,46.563553 -1.750356,46.55836 -1.745559,46.561075 -1.743088,46.561749 -1.726514,46.56237 -1.712812,46.555986 -1.711868,46.555133 -1.707633,46.539231 -1.723687,46.527346 -1.728402,46.526133 -1.749448,46.526977 -1.75878,46.534984 -1.760948,46.533896 -1.768193,46.528016 -1.770483,46.527342 -1.77239,46.527371 -1.766575,46.521647 -1.767613,46.515489 -1.767136,46.513516 -1.766501,46.512483 -1.766586,46.511248 -1.765509,46.506797 -1.765728,46.506513 -1.765704,46.506437 -1.754369,46.502512 -1.748848,46.498951 -1.734927,46.491148 -1.734903,46.489953 -1.712316,46.475368 -1.706446,46.473685 -1.699258,46.472583 -1.697518,46.471738 -1.684343,46.474565 -1.666371,46.467485 -1.662128,46.454882 -1.658596,46.457949 -1.656664,46.458713 -1.64974,46.459599 -1.648434,46.460404 -1.643774,46.460362 -1.639646,46.46089 -1.638089,46.46031 -1.637353,46.460304 -1.641122,46.466283 -1.63477,46.478712 -1.632974,46.480149 -1.616595,46.486277 -1.598532,46.483343 -1.596331,46.48231 -1.586399,46.470263 -1.575388,46.470503 -1.574714,46.470368 -1.558012,46.460027 -1.559294,46.444642 -1.548843,46.431843 -1.548979,46.430271 -1.552907,46.424333 -1.538505,46.426107 -1.522397,46.424518 -1.492566,46.414275 -1.480417,46.405452 -1.454758,46.364828 -1.454702,46.369136 -1.441741,46.378734 -1.43972,46.379408 -1.422564,46.380746 -1.408042,46.374372 -1.402544,46.363092 -1.402584,46.361058 -1.39782,46.361112 -1.400795,46.366031 -1.401065,46.368366 -1.398228,46.375653 -1.398397,46.387365 -1.398017,46.387676 -1.398856,46.388343 -1.399014,46.400742 -1.387518,46.410314 -1.381498,46.41274 -1.363836,46.414933 -1.361859,46.414138 -1.358636,46.418105 -1.356143,46.419472 -1.353724,46.421012 -1.351329,46.422365 -1.35061,46.422724 -1.331834,46.426005 -1.315047,46.419446 -1.314726,46.418706 -1.314047,46.419231 -1.295326,46.420596 -1.292451,46.420057 -1.278136,46.413147 -1.273459,46.401508 -1.280531,46.390409 -1.281205,46.389916 -1.29856,46.384262 -1.312332,46.387335 -1.312766,46.386719 -1.313709,46.387033 -1.314881,46.387904 -1.31674,46.388318 -1.317998,46.389037 -1.317249,46.389661 -1.321465,46.392792 -1.321972,46.392483 -1.32283,46.392277 -1.323242,46.391745 -1.324499,46.391027 -1.325264,46.390606 -1.326791,46.389798 -1.345938,46.386206 -1.34804,46.387032 -1.348757,46.385741 -1.345762,46.379346 -1.34063,46.37619 -1.334059,46.367346 -1.327484,46.365446 -1.320149,46.36223 -1.303798,46.352018 -1.300385,46.350292 -1.299808,46.34968 -1.295006,46.348472 -1.29231,46.347035 -1.290001,46.343979 -1.288905,46.343835 -1.28666,46.342307 -1.279059,46.331201 -1.279961,46.328834 -1.277995,46.326125 -1.272382,46.325189 -1.257139,46.317914 -1.254279,46.315016 -1.254135,46.315041 -1.239078,46.310726 -1.235934,46.308839 -1.232446,46.30025 -1.22417,46.296295 -1.214698,46.300015 -1.21405,46.300066 -1.213317,46.304453 -1.199301,46.313039 -1.194306,46.313012 -1.189426,46.321911 -1.186581,46.32285 -1.184736,46.332761 -1.170099,46.341234 -1.151103,46.34057 -1.149531,46.340076 -1.145499,46.338492 -1.143253,46.337414 -1.139684,46.334941 -1.1302,46.341002 -1.106996,46.337768 -1.100534,46.334193 -1.09997,46.335039 -1.091369,46.337922 -1.089405,46.340065 -1.066619,46.341618 -1.065406,46.341304 -1.054088,46.334725 -1.052504,46.334565 -1.05174,46.33443 -1.051647,46.334384 -1.051157,46.334428 -1.051067,46.334425 -1.05066,46.334531 -1.048099,46.334486 -1.048107,46.334311 -1.041561,46.33406 -1.041461,46.334043 -1.041122,46.334043 -1.036839,46.333709 -1.034974,46.333686 -1.031694,46.333461 -1.014712,46.327374 -1.008459,46.314857 -1.016333,46.302726 -1.02441,46.300381 -1.024799,46.299852 -1.025428,46.299403 -1.041837,46.293969 -1.059312,46.297277 -1.060569,46.297906 -1.061268,46.299104 -1.064171,46.299233 -1.064635,46.299388 -1.06876,46.299464 -1.069542,46.29953 -1.08677,46.294776 -1.106323,46.294854 -1.109297,46.295707 -1.111711,46.292769 -1.124971,46.282336 -1.122815,46.27645 -1.124351,46.27021 -1.124304,46.270177 -1.117092,46.260267 -1.119701,46.249277 -1.139518,46.222646 -1.147289,46.216336 -1.156901,46.211439 -1.156965,46.210998 -1.168969,46.197527 -1.170502,46.194518 -1.174791,46.192879 -1.178993,46.182471 -1.189228,46.171989 -1.181702,46.172877 -1.181073,46.172787 -1.177844,46.171013 -1.158563,46.175206 -1.146765,46.174143 -1.135917,46.174636 -1.131299,46.171375 -1.122433,46.166686 -1.114464,46.16722 -1.111094,46.166367 -1.096559,46.157056 -1.095842,46.143294 -1.096875,46.141363 -1.108669,46.132811 -1.108311,46.132439 -1.107513,46.133017 -1.107243,46.132837 -1.105494,46.1303 -1.10252,46.128392 -1.102296,46.128078 -1.103639,46.12761 -1.099447,46.121528 -1.099223,46.119776 -1.101059,46.115462 -1.099579,46.114548 -1.097215,46.114373 -1.092072,46.109913 -1.086503,46.106473 -1.086384,46.104978 -1.084869,46.103664 -1.070226,46.068331 -1.06558,46.066253 -1.056495,46.066683 -1.052451,46.065875 -1.035915,46.055668 -1.036036,46.053791 -1.032488,46.052091 -1.030108,46.04953 -1.025995,46.04011 -1.025907,46.036427 -1.034306,46.022815 -1.038607,46.021811 -1.037158,46.010507 -1.038979,46.006453 -1.038903,46.002131 -1.043712,45.993733 -1.06149,45.982897 -1.057543,45.976178 -1.034041,45.979434 -1.024737,45.987809 -1.007923,45.994655 -1.002523,45.99373 -1.016295,46.001686 -1.021417,46.008962 -1.024039,46.016579 -1.024085,46.01869 -1.023898,46.018994 -1.028819,46.02832 -1.018347,46.041459 -1.016865,46.042223 -0.991153,46.044295 -0.989221,46.043711 -0.977069,46.033976 -0.969537,46.030774 -0.964037,46.019004 -0.966647,46.014569 -0.964478,46.007879 -0.976061,45.995978 -0.979295,45.994541 -0.996627,45.99272 -0.989092,45.991429 -0.982174,45.987924 -0.974256,45.981361 -0.967836,45.972242 -0.967401,45.964851 -0.961603,45.968478 -0.941152,45.967277 -0.940316,45.966533 -0.926556,45.963517 -0.90468,45.95188 -0.895077,45.941049 -0.898245,45.928457 -0.91258,45.920449 -0.923111,45.9208 -0.92311,45.920765 -0.926436,45.914118 -0.932852,45.907096 -0.938736,45.903099 -0.954246,45.898049 -0.977235,45.896433 -0.994586,45.899596 -1.004466,45.904446 -1.01128,45.909411 -1.013541,45.911873 -1.018008,45.913449 -1.027432,45.919156 -1.030891,45.922613 -1.035494,45.933255 -1.035347,45.937883 -1.057198,45.933792 -1.0651,45.933461 -1.061281,45.918442 -1.055843,45.916169 -1.050288,45.904277 -1.050333,45.903513 -1.051525,45.898797 -1.052293,45.897109 -1.051532,45.895069 -1.058388,45.888727 -1.058552,45.888119 -1.060574,45.885919 -1.061722,45.885364 -1.063282,45.880972 -1.067639,45.877335 -1.070327,45.876252 -1.071192,45.875565 -1.081189,45.871878 -1.083134,45.871094 -1.083267,45.871111 -1.087568,45.869524 -1.089686,45.869895 -1.092117,45.868354 -1.095978,45.863778 -1.083826,45.854799 -1.082031,45.851654 -1.081971,45.838464 -1.094804,45.828731 -1.111296,45.827813 -1.108711,45.82748 -1.105325,45.827894 -1.097782,45.824671 -1.086943,45.82416 -1.07905,45.818017 -1.07828,45.818496 -1.077023,45.817508 -1.076404,45.815957 -1.074102,45.814164 -1.073339,45.812682 -1.074936,45.812274 -1.070991,45.802379 -1.071611,45.801787 -1.066862,45.799034 -1.06685,45.799013 -1.048538,45.802209 -1.031574,45.79481 -1.030901,45.794137 -1.028897,45.784027 -1.024596,45.781198 -1.024159,45.773361 -1.018303,45.769355 -1.017899,45.768501 -1.017901,45.768487 -1.017001,45.768345 -1.001593,45.761042 -0.997379,45.748338 -0.99834,45.747146 -0.994554,45.742973 -0.99729,45.733062 -0.9959,45.732489 -0.974735,45.731511 -0.960764,45.727799 -0.952177,45.719249 -0.950606,45.71588 -0.951009,45.703932 -0.962006,45.694744 -0.965521,45.694246 -0.966337,45.688636 -0.98374,45.679956 -1.004418,45.683416 -1.007203,45.684942 -1.007418,45.685236 -1.009223,45.685634 -1.024405,45.69512 -1.031852,45.695314 -1.044612,45.703638 -1.049292,45.70444 -1.052193,45.707897 -1.054022,45.708561 -1.054966,45.709324 -1.055596,45.71195 -1.059339,45.716407 -1.059177,45.716825 -1.086384,45.733786 -1.092276,45.735162 -1.094278,45.73746 -1.09428,45.73746 -1.095728,45.738847 -1.099541,45.73953 -1.100899,45.739657 -1.103537,45.741877 -1.103806,45.741902 -1.10739,45.744819 -1.110403,45.7451 -1.113277,45.746268 -1.115392,45.748348 -1.126341,45.752959 -1.129222,45.760565 -1.136536,45.765401 -1.139048,45.764853 -1.152693,45.769013 -1.154347,45.768829 -1.15529,45.768963 -1.161966,45.770617 -1.163942,45.771335 -1.17192,45.777393 -1.180291,45.774637 -1.202096,45.77458 -1.208609,45.776697 -1.220234,45.77247 -1.221146,45.771358 -1.209748,45.709029 -1.199328,45.709284 -1.170756,45.699038 -1.170753,45.699037 -1.147567,45.690713 -1.141439,45.699573 -1.139957,45.700517 -1.124726,45.705166 -1.108676,45.70235 -1.106206,45.701227 -1.095349,45.69052 -1.097871,45.677451 -1.110826,45.669947 -1.10343,45.66565 -1.089213,45.667031 -1.089163,45.667658 -1.08786,45.667613 -1.086929,45.667252 -1.08565,45.667376 -1.084797,45.667242 -1.085036,45.666518 -1.068191,45.65998 -1.066957,45.654273 -1.061426,45.652096 -1.035033,45.636805 -1.024434,45.638246 -1.005626,45.635682 -0.994707,45.624672 -0.990786,45.612517 -0.980735,45.608797 -0.967185,45.592917 -0.967232,45.585307 -0.951492,45.575018 -0.912585,45.564194 -0.9053,45.561084 -0.824087,45.511485 -0.819972,45.508272 -0.741429,45.42934 -0.738781,45.425938 -0.706192,45.370414 -0.705027,45.367923 -0.697154,45.345724 -0.691727,45.343209 -0.689527,45.340379 -0.688436,45.324718 -0.689239,45.323381 -0.688651,45.32172 -0.688578,45.321694 -0.6817,45.31048 -0.681566,45.308908 -0.682944,45.305596 -0.681268,45.300858 -0.673688,45.299664 -0.674089,45.301636 -0.673775,45.302759 -0.661395,45.314962 -0.660182,45.315457 -0.638499,45.316754 -0.623403,45.305779 -0.62282,45.304567 -0.623726,45.296897 -0.620851,45.292043 -0.627394,45.279625 -0.628248,45.278952 -0.651989,45.2732 -0.654054,45.27347 -0.658131,45.275457 -0.658673,45.27453 -0.661293,45.272323 -0.656853,45.268255 -0.65591,45.266233 -0.656154,45.254496 -0.662218,45.249156 -0.662605,45.245601 -0.664268,45.24358 -0.665739,45.242881 -0.63649,45.122837 -0.634151,45.120244 -0.633631,45.118149 -0.631557,45.11653 -0.615136,45.083827 -0.597388,45.068271 -0.577396,45.057871 -0.537401,45.051244 -0.525992,45.046934 -0.496034,45.027149 -0.464904,45.01814 -0.44963,45.004626 -0.442984,44.977041 -0.432885,44.96168 -0.432431,44.960989 -0.427792,44.962916 -0.405777,44.967319 -0.382981,44.963976 -0.368176,44.955393 -0.319873,44.950765 -0.300208,44.940211 -0.296235,44.933725 -0.289985,44.935646 -0.28464,44.936047 -0.285311,44.936986 -0.286648,44.947297 -0.286997,44.947705 -0.287761,44.949097 -0.288123,44.961445 -0.285617,44.963663 -0.285334,44.96613 -0.272413,44.975027 -0.255924,44.975609 -0.243106,44.979688 -0.239647,44.979913 -0.223314,44.976965 -0.213284,44.967369 -0.214005,44.955386 -0.215399,44.952916 -0.222262,44.947641 -0.222403,44.940186 -0.216874,44.930037 -0.216607,44.923659 -0.219029,44.915411 -0.219625,44.914513 -0.219902,44.911755 -0.212561,44.91201 -0.208119,44.910874 -0.203925,44.911171 -0.199784,44.908744 -0.194369,44.907359 -0.192472,44.904458 -0.189025,44.902436 -0.180719,44.891251 -0.18047,44.874826 -0.188783,44.862925 -0.189901,44.862228 -0.195201,44.853636 -0.213553,44.848629 -0.215574,44.848674 -0.23079,44.852752 -0.234843,44.857454 -0.239099,44.855934 -0.255704,44.855347 -0.260239,44.852918 -0.268653,44.853908 -0.272509,44.851887 -0.293673,44.848879 -0.310296,44.858565 -0.310299,44.867071 -0.311251,44.867016 -0.311657,44.870924 -0.310756,44.872993 -0.313294,44.873487 -0.322546,44.878427 -0.33146,44.887449 -0.338438,44.903568 -0.34944,44.900981 -0.355726,44.90125 -0.365037,44.90436 -0.367992,44.902275 -0.369429,44.901737 -0.383264,44.90138 -0.383059,44.900885 -0.391003,44.889178 -0.39536,44.88626 -0.408119,44.881633 -0.411127,44.881229 -0.429217,44.883653 -0.440113,44.894177 -0.43803,44.907219 -0.429983,44.912199 -0.430643,44.912718 -0.428622,44.914021 -0.425067,44.915938 -0.421653,44.917466 -0.407264,44.919486 -0.409481,44.922665 -0.411141,44.921767 -0.42411,44.918146 -0.44225,44.916889 -0.446471,44.918451 -0.447077,44.918479 -0.452555,44.919737 -0.453698,44.920453 -0.454405,44.92037 -0.459338,44.921096 -0.461885,44.919982 -0.463906,44.919847 -0.48443,44.925263 -0.48653,44.929865 -0.502123,44.927473 -0.50294,44.927616 -0.50945,44.925435 -0.496698,44.918677 -0.495845,44.917644 -0.49253,44.90664 -0.499077,44.896344 -0.499482,44.896029 -0.508995,44.892024 -0.507989,44.889012 -0.508147,44.880254 -0.515342,44.860851 -0.520714,44.853606 -0.530911,44.845209 -0.531639,44.844985 -0.519833,44.838569 -0.512591,44.83231 -0.496832,44.809624 -0.494743,44.805291 -0.492052,44.795947 -0.495044,44.783166 -0.509274,44.775053 -0.519931,44.775492 -0.523178,44.774303 -0.539869,44.776908 -0.543806,44.780525 -0.551669,44.778935 -0.566766,44.783253 -0.57495,44.793266 -0.575265,44.794389 -0.572572,44.806673 -0.563971,44.812 -0.578639,44.821522 -0.581979,44.824171 -0.588807,44.830818 -0.593513,44.83952 -0.594594,44.846886 -0.586491,44.862095 -0.585176,44.862956 -0.590974,44.864381 -0.60121,44.872744 -0.604079,44.872723 -0.609064,44.874115 -0.622347,44.882772 -0.624639,44.88605 -0.626544,44.898318 -0.625473,44.899461 -0.63528,44.900128 -0.636133,44.900532 -0.646631,44.911264 -0.647036,44.912476 -0.645377,44.924195 -0.643943,44.925262 -0.650966,44.931425 -0.65182,44.933535 -0.652253,44.942234 -0.65149,44.944794 -0.644628,44.951695 -0.649852,44.957456 -0.650077,44.95822 -0.645452,44.970036 -0.653198,44.976268 -0.654456,44.978693 -0.654452,44.980131 -0.65699,44.980097 -0.657327,44.980026 -0.660781,44.978745 -0.662038,44.978655 -0.662723,44.978903 -0.671052,44.977169 -0.672983,44.977304 -0.691256,44.984956 -0.694782,44.999842 -0.694109,45.001594 -0.693829,45.001809 -0.694283,45.003718 -0.693789,45.00511 -0.684627,45.015044 -0.668795,45.018836 -0.657454,45.015948 -0.657004,45.016633 -0.645689,45.018484 -0.668294,45.03493 -0.67267,45.039248 -0.681797,45.05188 -0.701883,45.06731 -0.706977,45.07319 -0.723157,45.103999 -0.723153,45.10408 -0.764042,45.181303 -0.765287,45.18455 -0.787273,45.274531 -0.824639,45.335657 -0.948185,45.426464 -0.953634,45.429257 -0.953802,45.425752 -0.964866,45.411475 -0.985,45.40945 -0.989157,45.407546 -1.007904,45.410059 -1.010374,45.411181 -1.021223,45.42189 -1.018726,45.434984 -1.016087,45.436519 -1.027737,45.438892 -1.029399,45.439925 -1.037743,45.450937 -1.033828,45.463165 -1.03288,45.464195 -1.033052,45.466026 -1.030021,45.468349 -1.033413,45.470082 -1.039172,45.474175 -1.064734,45.499458 -1.069007,45.506547 -1.073173,45.522287 -1.074404,45.522433 -1.086514,45.515431 -1.097476,45.516184 -1.109813,45.505736 -1.131118,45.467152 -1.136839,45.300256 -1.136964,45.298859 -1.148379,45.220007 -1.139027,45.228238 -1.13697,45.228288 -1.134966,45.230354 -1.117079,45.238097 -1.097116,45.233808 -1.088539,45.220378 -1.08854,45.218562 -1.085982,45.213931 -1.086001,45.213899 -1.065523,45.189188 -1.062262,45.17786 -1.07478,45.108333 -1.075068,45.107974 -1.074927,45.107539 -1.084692,45.066264 -1.092116,45.057808 -1.094461,45.054948 -1.09478,45.054774 -1.094995,45.054529 -1.095337,45.054472 -1.108653,45.047225 -1.110937,45.046659 -1.104863,45.034452 -1.104362,45.034295 -1.093888,45.032109 -1.084802,45.019719 -1.084757,45.019314 -1.090472,45.006426 -1.091819,45.005259 -1.091948,45.005184 -1.087299,44.977256 -1.096339,44.962835 -1.099761,44.933549 -1.10754,44.921956 -1.110569,44.921037 -1.104559,44.912243 -1.110132,44.899561 -1.113232,44.896821 -1.116348,44.895752 -1.116391,44.895605 -1.115716,44.893861 -1.117926,44.890393 -1.120065,44.883129 -1.122715,44.880659 -1.139653,44.875982 -1.129893,44.867956 -1.128996,44.8658 -1.129994,44.85362 -1.141664,44.844627 -1.143955,44.843774 -1.163321,44.842536 -1.178102,44.851433 -1.179573,44.865216 -1.178182,44.868226 -1.164172,44.879194 -1.160539,44.879174 -1.167946,44.883399 -1.168977,44.891404 -1.170315,44.892748 -1.169468,44.895216 -1.169741,44.897335 -1.168336,44.89851 -1.165333,44.907252 -1.157126,44.910313 -1.15762,44.911832 -1.157127,44.913404 -1.152264,44.920681 -1.150422,44.922343 -1.146274,44.923939 -1.150942,44.92667 -1.159895,44.938263 -1.15524,44.950997 -1.164667,44.96025 -1.169438,44.970391 -1.165226,44.980704 -1.163497,44.982567 -1.170527,44.995718 -1.157206,45.009542 -1.145529,45.013986 -1.146996,45.015456 -1.151456,45.015257 -1.166126,45.026337 -1.169228,45.033118 -1.165751,45.049125 -1.162203,45.052674 -1.155889,45.055714 -1.166063,45.069394 -1.16679,45.08709 -1.162616,45.09589 -1.165662,45.100948 -1.223285,44.732036 -1.217754,44.73654 -1.208767,44.749524 -1.207195,44.750468 -1.198373,44.752315 -1.19537,44.754758 -1.19588,44.765157 -1.184788,44.778047 -1.186082,44.779819 -1.186487,44.78184 -1.182803,44.794054 -1.168878,44.801692 -1.151397,44.801085 -1.150364,44.80077 -1.138425,44.793158 -1.135411,44.781919 -1.135759,44.780097 -1.135337,44.779989 -1.094814,44.756355 -1.092252,44.755656 -1.038034,44.718812 -1.03542,44.717965 -1.028153,44.712719 -1.017271,44.710051 -1.014621,44.708389 -1.010318,44.700395 -1.006738,44.69841 -1.00487,44.689999 -0.997386,44.685529 -0.995276,44.682609 -0.993292,44.669881 -0.994412,44.668748 -0.993646,44.66794 -0.993016,44.668263 -0.992477,44.667724 -0.991932,44.666135 -0.989511,44.663585 -0.989398,44.663212 -0.988419,44.662551 -0.984655,44.659332 -0.983712,44.658299 -0.984347,44.658001 -0.979896,44.648227 -0.974717,44.65867 -0.954349,44.663973 -0.953001,44.663883 -0.938084,44.659041 -0.93059,44.648636 -0.93041,44.647738 -0.94209,44.629824 -0.943393,44.62924 -0.959675,44.62658 -0.974638,44.631756 -0.98173,44.642503 -0.981799,44.642987 -0.987882,44.634375 -1.001135,44.631172 -1.008716,44.628263 -1.017953,44.628891 -1.02346,44.627915 -1.024852,44.627394 -1.025607,44.627535 -1.033623,44.626114 -1.035168,44.626711 -1.037631,44.626361 -1.038453,44.62604 -1.038908,44.626179 -1.039399,44.626109 -1.04061,44.626702 -1.045961,44.628344 -1.053924,44.627493 -1.055828,44.628272 -1.061458,44.628432 -1.064169,44.625822 -1.068164,44.625509 -1.064579,44.622188 -1.063996,44.620796 -1.066833,44.606012 -1.08426,44.597733 -1.087718,44.597329 -1.096359,44.598326 -1.110049,44.590738 -1.128384,44.591872 -1.140637,44.601635 -1.141311,44.602937 -1.135851,44.621671 -1.134773,44.62248 -1.124234,44.626284 -1.129484,44.627568 -1.131841,44.627086 -1.132784,44.62722 -1.133365,44.627457 -1.137775,44.624759 -1.15164,44.625861 -1.151803,44.625818 -1.152009,44.62589 -1.157766,44.626347 -1.160233,44.628749 -1.169364,44.631923 -1.174539,44.643313 -1.175436,44.643313 -1.180496,44.635389 -1.186353,44.597928 -1.188828,44.591902 -1.232478,44.528765 -1.226137,44.491716 -1.226153,44.487253 -1.272473,44.225669 -1.25821,44.21923 -1.25328,44.20705 -1.26078,44.195492 -1.264149,44.193112 -1.27845,44.188067 -1.281016,44.188421 -1.304791,44.10207 -1.293738,44.091843 -1.295664,44.078494 -1.309821,44.069723 -1.313644,44.069861 -1.368794,43.868557 -1.365759,43.869455 -1.348642,43.864618 -1.340933,43.85254 -1.34062,43.848183 -1.344944,43.838945 -1.344811,43.837795 -1.348828,43.826344 -1.352198,43.822617 -1.365253,43.815316 -1.372445,43.815384 -1.371128,43.807349 -1.372477,43.803666 -1.383441,43.792894 -1.38397,43.792823 -1.379751,43.786758 -1.37954,43.785544 -1.377568,43.781029 -1.377994,43.769276 -1.388312,43.760149 -1.389243,43.759995 -1.396795,43.753994 -1.399799,43.753965 -1.413298,43.696107 -1.411522,43.695579 -1.404059,43.683544 -1.402854,43.664275 -1.409667,43.651303 -1.410219,43.644451 -1.414218,43.639646 -1.428869,43.632271 -1.433479,43.619447 -1.4353,43.615922 -1.457968,43.58288 -1.44958,43.583722 -1.435427,43.577323 -1.430187,43.565789 -1.435337,43.556113 -1.434399,43.550568 -1.445193,43.539774 -1.463134,43.537244 -1.466801,43.537749 -1.470712,43.537461 -1.484,43.545084 -1.484848,43.543932 -1.478244,43.538684 -1.474984,43.536838 -1.465552,43.523131 -1.465227,43.51221 -1.447059,43.501774 -1.437925,43.489842 -1.443018,43.476598 -1.449941,43.473688 -1.45047,43.471935 -1.455212,43.469592 -1.456472,43.468396 -1.456443,43.467928 -1.461162,43.459799 -1.472761,43.450682 -1.489608,43.449124 -1.503753,43.45586 -1.508519,43.467711 -1.508027,43.473146 -1.500463,43.484292 -1.505667,43.486459 -1.51423,43.495473 -1.522625,43.495357 -1.537519,43.476497 -1.538889,43.475722 -1.539324,43.474517 -1.545189,43.471981 -1.547446,43.465137 -1.581818,43.421531 -1.589394,43.415552 -1.629643,43.395453 -1.625862,43.394555 -1.624649,43.391449 -1.619769,43.387932 -1.616223,43.379891 -1.61543,43.371202 -1.617005,43.364779 -1.626911,43.353242 -1.644944,43.349942 -1.660896,43.356748 -1.663564,43.36395 -1.665368,43.364116 -1.666557,43.36451 -1.671193,43.35739 -1.672091,43.356941 -1.689382,43.353923 -1.704854,43.360155 -1.708801,43.368731 -1.723821,43.364178 -1.740289,43.36353 -1.745739,43.364709 -1.746673,43.364096 -1.749072,43.359711 -1.745815,43.359309 -1.73966,43.356479 -1.728699,43.344652 -1.727936,43.341643 -1.731234,43.328834 -1.745438,43.320901 -1.763145,43.321977 -1.766224,43.324424 -1.768653,43.323897 -1.776466,43.323987 -1.791068,43.327732 -1.794398,43.331395 -1.801954,43.332223 -1.817027,43.338397 -1.822703,43.350346 -1.816163,43.362148 -1.814154,43.363751 -1.816974,43.366871 -1.816953,43.368885 -1.837888,43.363494 -1.851515,43.356903 -1.861029,43.341921 -1.873839,43.332823 -1.884252,43.329555 -1.879758,43.323291 -1.883774,43.310981 -1.897818,43.303539 -1.907068,43.301653 -1.919057,43.30142 -1.937198,43.304383 -1.94081,43.306272 -1.941059,43.305031 -1.953143,43.291938 -1.953457,43.291804 -1.971544,43.289776 -1.971813,43.289914 -1.988553,43.291434 -1.997827,43.299032 -2.006617,43.300779 -2.012519,43.30396 -2.040598,43.296931 -2.040751,43.296829 -2.05721,43.292442 -2.050065,43.285718 -2.049931,43.285314 -2.051559,43.273402 -2.052188,43.272414 -2.052884,43.271498 -2.052983,43.2695 -2.060317,43.257248 -2.077089,43.251948 -2.086091,43.254353 -2.089561,43.252563 -2.094291,43.253168 -2.099693,43.252106 -2.136692,43.257495 -2.151896,43.264763 -2.155056,43.274812 -2.188914,43.273961 -2.211735,43.28405 -2.213785,43.287181 -2.216524,43.287205 -2.219815,43.288326 -2.219927,43.286072 -2.22974,43.272244 -2.234007,43.269864 -2.237944,43.26918 -2.238633,43.26875 -2.242807,43.267624 -2.243099,43.267493 -2.244036,43.267293 -2.25482,43.264383 -2.270852,43.268807 -2.277311,43.277672 -2.289863,43.276772 -2.336122,43.283096 -2.342753,43.275287 -2.345133,43.273985 -2.363492,43.27054 -2.379638,43.277613 -2.380363,43.279816 -2.38851,43.286617 -2.388581,43.289173 -2.403327,43.295995 -2.405406,43.301884 -2.411256,43.304091 -2.430246,43.303026 -2.444073,43.315217 -2.46257,43.318091 -2.468962,43.321323 -2.476565,43.324338 -2.495416,43.341476 -2.507563,43.339177 -2.50909,43.339446 -2.523018,43.346229 -2.526921,43.356137 -2.541242,43.3547 -2.564342,43.361855 -2.570525,43.36807 -2.574138,43.366945 -2.599665,43.369714 -2.608022,43.37489 -2.613606,43.37395 -2.638222,43.380151 -2.65254,43.393208 -2.65535,43.392787 -2.653113,43.38158 -2.653073,43.376606 -2.65419,43.370475 -2.648632,43.366508 -2.64199,43.364116 -2.639969,43.362453 -2.63383,43.350997 -2.639269,43.339264 -2.641426,43.337288 -2.656911,43.330649 -2.67435,43.333355 -2.678649,43.337822 -2.685019,43.337724 -2.698087,43.345566 -2.70586,43.355312 -2.707134,43.360357 -2.708035,43.361471 -2.707645,43.362381 -2.708863,43.367205 -2.707257,43.374447 -2.714959,43.382299 -2.719436,43.391186 -2.720462,43.400032 -2.751345,43.413712 -2.761595,43.422842 -2.764781,43.429254 -2.793751,43.415307 -2.807312,43.412296 -2.865774,43.412027 -2.878283,43.414457 -2.883129,43.41652 -2.892897,43.414452 -2.914158,43.418924 -2.922218,43.418395 -2.920666,43.416055 -2.921389,43.406802 -2.921573,43.406565 -2.920971,43.406003 -2.920769,43.405178 -2.913666,43.402534 -2.911555,43.399973 -2.908917,43.386049 -2.92082,43.374881 -2.939993,43.373287 -2.94848,43.375128 -2.964478,43.386687 -2.971886,43.380088 -2.979777,43.375424 -3.001896,43.367085 -2.99309,43.35863 -2.988286,43.345726 -2.988973,43.344797 -2.98701,43.343291 -2.987987,43.334108 -2.976885,43.329678 -2.976781,43.329583 -2.965743,43.325221 -2.95339,43.312701 -2.947067,43.286693 -2.950775,43.273576 -2.955117,43.271337 -2.95593,43.269494 -2.956919,43.268595 -2.960815,43.265758 -2.961893,43.265129 -2.978256,43.261164 -2.99406,43.265967 -3.00161,43.277199 -2.998249,43.286544 -3.001771,43.29555 -3.003506,43.29632 -3.013701,43.297277 -3.030672,43.304851 -3.045082,43.320223 -3.052327,43.322174 -3.060776,43.32771 -3.06668,43.328589 -3.076465,43.33325 -3.076994,43.333224 -3.080092,43.333897 -3.082515,43.335251 -3.094403,43.337143 -3.095031,43.334066 -3.109539,43.325728 -3.127795,43.326965 -3.133274,43.329031 -3.141722,43.335067 -3.157579,43.33299 -3.175256,43.335579 -3.225643,43.359468 -3.233757,43.365871 -3.244673,43.380521 -3.293756,43.388108 -3.297823,43.378052 -3.308005,43.367993 -3.324609,43.365078 -3.33972,43.370695 -3.346131,43.382168 -3.346741,43.395553 -3.349435,43.39503 -3.354879,43.395559 -3.360244,43.394705 -3.401068,43.40005 -3.413784,43.395603 -3.425404,43.395276 -3.419932,43.392377 -3.411776,43.384831 -3.40419,43.371489 -3.404543,43.367302 -3.402202,43.362335 -3.402248,43.361392 -3.402729,43.358425 -3.403178,43.356808 -3.410837,43.346955 -3.411376,43.346596 -3.430811,43.341929 -3.443268,43.347346 -3.448477,43.348035 -3.459005,43.357535 -3.460651,43.357533 -3.465783,43.354111 -3.46713,43.353662 -3.484304,43.352736 -3.486616,43.353228 -3.490721,43.352114 -3.507319,43.357154 -3.514642,43.369143 -3.508761,43.381657 -3.506785,43.383364 -3.502845,43.384527 -3.502801,43.384592 -3.495261,43.387152 -3.493286,43.401823 -3.498663,43.4014 -3.505882,43.406493 -3.506621,43.406286 -3.5165,43.406466 -3.536331,43.414517 -3.53847,43.431067 -3.537572,43.432684 -3.536915,43.433149 -3.537014,43.433336 -3.530297,43.445607 -3.513976,43.451364 -3.510948,43.451537 -3.510373,43.452898 -3.512631,43.452357 -3.514561,43.452223 -3.53147,43.455626 -3.540856,43.466397 -3.540833,43.466497 -3.55182,43.464689 -3.559062,43.467466 -3.564344,43.467891 -3.568578,43.471721 -3.575893,43.464237 -3.593701,43.461516 -3.609114,43.468378 -3.60967,43.469883 -3.615687,43.473358 -3.615983,43.475063 -3.616345,43.475309 -3.616237,43.476532 -3.616872,43.48019 -3.636831,43.480524 -3.671451,43.461308 -3.692805,43.458161 -3.703865,43.460273 -3.706042,43.459522 -3.709959,43.454589 -3.702846,43.446588 -3.706458,43.433324 -3.716836,43.421693 -3.72168,43.41977 -3.731405,43.414754 -3.734274,43.41477 -3.737777,43.413379 -3.744422,43.413379 -3.753747,43.414719 -3.758806,43.416236 -3.758562,43.414046 -3.767606,43.40837 -3.765833,43.3931 -3.781231,43.382227 -3.794555,43.378924 -3.797587,43.377569 -3.800897,43.377311 -3.810315,43.374061 -3.815748,43.373837 -3.830959,43.376921 -3.833115,43.377999 -3.842894,43.390003 -3.846398,43.391166 -3.84824,43.392468 -3.849634,43.394607 -3.857572,43.398671 -3.859864,43.402219 -3.860224,43.416913 -3.850931,43.42328 -3.854747,43.42485 -3.858829,43.439288 -3.849796,43.448161 -3.849257,43.451114 -3.848519,43.451556 -3.846959,43.459689 -3.844524,43.461324 -3.84607,43.461908 -3.848865,43.46057 -3.873141,43.459324 -3.87339,43.459411 -3.876608,43.45767 -3.891907,43.454077 -3.900641,43.456392 -3.925881,43.4506 -3.934068,43.450722 -3.930004,43.442961 -3.93219,43.424845 -3.925978,43.422168 -3.921367,43.408936 -3.930884,43.397052 -3.949022,43.393384 -3.961909,43.394507 -3.976374,43.399667 -3.977259,43.401035 -3.977841,43.401278 -3.978574,43.403068 -3.983247,43.410294 -3.984125,43.416374 -3.99446,43.415844 -3.997295,43.41767 -3.997206,43.416908 -3.993662,43.413768 -3.992002,43.408333 -3.993024,43.405332 -3.992858,43.40509 -3.993308,43.404496 -3.997328,43.392687 -4.013813,43.378452 -4.024758,43.374886 -4.027654,43.370761 -4.044983,43.36623 -4.061665,43.371641 -4.068486,43.384006 -4.068488,43.38679 -4.061507,43.399406 -4.061214,43.399503 -4.057612,43.404576 -4.055435,43.40635 -4.05554,43.406423 -4.055605,43.406826 -4.059197,43.410986 -4.058025,43.41491 -4.073678,43.413072 -4.081371,43.414122 -4.095788,43.405111 -4.103087,43.40193 -4.166223,43.384149 -4.18013,43.386332 -4.211566,43.378146 -4.231742,43.379307 -4.236471,43.381212 -4.246,43.379604 -4.270068,43.371095 -4.285408,43.369576 -4.292653,43.372499 -4.292484,43.370273 -4.30628,43.359778 -4.326075,43.359971 -4.327826,43.360555 -4.332736,43.366382 -4.334105,43.366727 -4.334913,43.368036 -4.349682,43.376056 -4.34976,43.379486 -4.354088,43.382252 -4.35435,43.382643 -4.356301,43.38195 -4.356236,43.381886 -4.351631,43.370019 -4.354105,43.366023 -4.353953,43.365022 -4.353908,43.364528 -4.359671,43.351677 -4.375985,43.34523 -4.393719,43.348795 -4.394339,43.349573 -4.400592,43.351094 -4.408777,43.362306 -4.425483,43.360149 -4.440594,43.368463 -4.440592,43.36843 -4.455642,43.358047 -4.46332,43.356117 -4.466029,43.356285 -4.467166,43.355298 -4.484362,43.353288 -4.498964,43.360038 -4.499724,43.36198 -4.500221,43.361379 -4.504304,43.357641 -4.505517,43.356787 -4.521118,43.351712 -4.537385,43.355167 -4.546597,43.365511 -4.544376,43.377834 -4.544042,43.378302 -4.559546,43.374771 -4.58042,43.376894 -4.587728,43.380417 -4.61516,43.377465 -4.624956,43.377847 -4.709464,43.393832 -4.71132,43.394861 -4.713765,43.394936 -4.7264,43.399238 -4.727422,43.399135 -4.73382,43.397813 -4.752864,43.399525 -4.79567,43.417608 -4.835563,43.418698 -4.849067,43.422105 -4.853295,43.426232 -4.869875,43.424014 -4.88605,43.425878 -4.926362,43.441839 -4.940574,43.439357 -4.970851,43.44329 -4.986457,43.439223 -5.02984,43.445312 -5.030549,43.440895 -5.033727,43.433912 -5.037816,43.428747 -5.039034,43.42803 -5.040492,43.425985 -5.0413,43.425177 -5.045259,43.422055 -5.045978,43.421606 -5.062398,43.417205 -5.078579,43.421758 -5.086473,43.433002 -5.083056,43.442757 -5.084719,43.444203 -5.086274,43.449036 -5.086986,43.449414 -5.087659,43.449818 -5.094374,43.458163 -5.114709,43.458035 -5.131804,43.464313 -5.14096,43.462345 -5.14096,43.499747 -5.130031,43.502096</coordinates></LinearRing></outerBoundaryIs><innerBoundaryIs><LinearRing><coordinates>-1.200408,44.67805 -1.200197,44.678046 -1.207637,44.682947 -1.210605,44.671538 -1.209126,44.674043 -1.204237,44.675486 -1.200408,44.67805</coordinates></LinearRing></innerBoundaryIs><innerBoundaryIs><LinearRing><coordinates>-1.112015,44.719167 -1.118461,44.720526 -1.122914,44.726565 -1.124179,44.727423 -1.125899,44.72779 -1.136502,44.733976 -1.145625,44.729991 -1.155137,44.733079 -1.167256,44.723224 -1.163012,44.722894 -1.151055,44.711797 -1.146793,44.699983 -1.149113,44.686826 -1.153747,44.684058 -1.159018,44.679322 -1.152601,44.679321 -1.148343,44.678056 -1.142928,44.679059 -1.126369,44.672075 -1.121252,44.667182 -1.118781,44.667232 -1.116443,44.666605 -1.116442,44.666607 -1.114959,44.667641 -1.098308,44.672792 -1.081202,44.668675 -1.077379,44.663751 -1.070353,44.663288 -1.061251,44.666776 -1.068061,44.669271 -1.087509,44.683416 -1.094655,44.696516 -1.089773,44.704059 -1.112015,44.719167</coordinates></LinearRing></innerBoundaryIs><innerBoundaryIs><LinearRing><coordinates>-1.161924,45.125583 -1.161981,45.125877 -1.162052,45.125385 -1.161924,45.125583</coordinates></LinearRing></innerBoundaryIs><innerBoundaryIs><LinearRing><coordinates>-1.154387,45.173126 -1.154921,45.174757 -1.155405,45.171409 -1.154387,45.173126</coordinates></LinearRing></innerBoundaryIs><innerBoundaryIs><LinearRing><coordinates>-1.148568,45.201865 -1.150143,45.207812 -1.151331,45.199596 -1.148568,45.201865</coordinates></LinearRing></innerBoundaryIs><innerBoundaryIs><LinearRing><coordinates>-0.510984,44.967083 -0.509365,44.966375 -0.50852,44.966535 -0.504531,44.964262 -0.501514,44.962943 -0.496663,44.964048 -0.499179,44.968898 -0.50329,44.983733 -0.510831,44.984847 -0.512614,44.983594 -0.512529,44.983441 -0.510984,44.967083</coordinates></LinearRing></innerBoundaryIs><innerBoundaryIs><LinearRing><coordinates>-0.606568,44.975011 -0.604272,44.97418 -0.603353,44.972674 -0.601829,44.976753 -0.587346,44.980928 -0.603482,44.991166 -0.602357,44.97788 -0.606568,44.975011</coordinates></LinearRing></innerBoundaryIs><innerBoundaryIs><LinearRing><coordinates>-1.175666,45.816627 -1.177333,45.815276 -1.168154,45.818296 -1.172872,45.823486 -1.174039,45.823727 -1.175666,45.816627</coordinates></LinearRing></innerBoundaryIs><innerBoundaryIs><LinearRing><coordinates>-1.228877,45.863413 -1.228813,45.864592 -1.219277,45.877933 -1.217037,45.87835 -1.217691,45.889963 -1.231166,45.894211 -1.238974,45.90394 -1.240432,45.90914 -1.251467,45.917585 -1.252238,45.91388 -1.25444,45.911231 -1.267165,45.903511 -1.267484,45.903499 -1.252684,45.895042 -1.244185,45.885826 -1.23328,45.857166 -1.233107,45.860997 -1.228877,45.863413</coordinates></LinearRing></innerBoundaryIs><innerBoundaryIs><LinearRing><coordinates>-1.354837,45.988662 -1.355178,45.988875 -1.356836,45.990533 -1.363734,45.988946 -1.364901,45.9883 -1.365074,45.986922 -1.371453,45.978019 -1.363308,45.958134 -1.301711,45.923038 -1.302647,45.930386 -1.30148,45.932093 -1.285315,45.941697 -1.264365,45.939678 -1.260681,45.938061 -1.257459,45.934938 -1.258285,45.9412 -1.272211,45.943859 -1.281813,45.954833 -1.28474,45.955501 -1.293876,45.966573 -1.294191,45.967966 -1.294505,45.970757 -1.294505,45.971296 -1.294341,45.972037 -1.306884,45.972762 -1.314417,45.975178 -1.324444,45.973112 -1.32616,45.97376 -1.330816,45.973035 -1.330839,45.973045 -1.331602,45.972912 -1.348582,45.980218 -1.353658,45.985202 -1.354837,45.988662</coordinates></LinearRing></innerBoundaryIs><innerBoundaryIs><LinearRing><coordinates>-1.114635,45.828243 -1.11918,45.830778 -1.117042,45.828552 -1.114635,45.828243</coordinates></LinearRing></innerBoundaryIs><innerBoundaryIs><LinearRing><coordinates>-1.337281,46.173304 -1.3631,46.187755 -1.376432,46.186968 -1.31718,46.161979 -1.304445,46.161755 -1.309179,46.169345 -1.321091,46.169345 -1.337281,46.173304</coordinates></LinearRing></innerBoundaryIs><innerBoundaryIs><LinearRing><coordinates>-2.465148,47.467191 -2.465984,47.46353 -2.463741,47.463943 -2.450801,47.461787 -2.446951,47.459864 -2.449979,47.462197 -2.450204,47.46323 -2.450199,47.463242 -2.45164,47.464738 -2.451865,47.46586 -2.451523,47.466906 -2.462476,47.4662 -2.464362,47.466649 -2.465148,47.467191</coordinates></LinearRing></innerBoundaryIs><innerBoundaryIs><LinearRing><coordinates>-2.782194,47.516582 -2.77621,47.523624 -2.777274,47.52401 -2.787959,47.523608 -2.788646,47.52308 -2.807289,47.52322 -2.807695,47.522689 -2.812719,47.521921 -2.811577,47.520146 -2.816828,47.508954 -2.802981,47.505338 -2.802572,47.505703 -2.781912,47.512874 -2.781067,47.512889 -2.782194,47.516582</coordinates></LinearRing></innerBoundaryIs><innerBoundaryIs><LinearRing><coordinates>-2.709448,47.534935 -2.719078,47.529934 -2.709935,47.526136 -2.708336,47.530537 -2.709448,47.534935</coordinates></LinearRing></innerBoundaryIs><innerBoundaryIs><LinearRing><coordinates>-3.661867,47.800789 -3.657041,47.804767 -3.657459,47.804607 -3.676258,47.802891 -3.678238,47.80081 -3.661867,47.800789</coordinates></LinearRing></innerBoundaryIs><innerBoundaryIs><LinearRing><coordinates>-4.526012,48.225738 -4.527414,48.23052 -4.533042,48.227416 -4.531222,48.220957 -4.527272,48.22504 -4.526012,48.225738</coordinates></LinearRing></innerBoundaryIs><innerBoundaryIs><LinearRing><coordinates>-4.393124,48.298878 -4.391387,48.29497 -4.360323,48.30189 -4.366779,48.310898 -4.366339,48.311942 -4.376795,48.307023 -4.401032,48.306541 -4.393124,48.298878</coordinates></LinearRing></innerBoundaryIs><innerBoundaryIs><LinearRing><coordinates>-4.44063,48.312074 -4.436357,48.311991 -4.437261,48.312847 -4.44063,48.312074</coordinates></LinearRing></innerBoundaryIs><innerBoundaryIs><LinearRing><coordinates>-4.489218,48.323404 -4.489989,48.327926 -4.480424,48.33802 -4.479661,48.338424 -4.47959,48.338434 -4.479488,48.338658 -4.465696,48.348851 -4.464536,48.358454 -4.466203,48.357193 -4.487548,48.351044 -4.495977,48.353939 -4.508181,48.347615 -4.507937,48.335714 -4.512916,48.326478 -4.505887,48.328801 -4.489218,48.323404</coordinates></LinearRing></innerBoundaryIs><innerBoundaryIs><LinearRing><coordinates>-4.550735,48.580008 -4.55867,48.579352 -4.552773,48.579242 -4.548189,48.578624 -4.550735,48.580008</coordinates></LinearRing></innerBoundaryIs><innerBoundaryIs><LinearRing><coordinates>-3.055789,48.799863 -3.05687,48.797915 -3.052803,48.799545 -3.055789,48.799863</coordinates></LinearRing></innerBoundaryIs></Polygon><Polygon><outerBoundaryIs><LinearRing><coordinates>-2.030876,47.24288 -2.009907,47.238112 -2.001728,47.224156 -2.01207,47.210807 -2.013013,47.210313 -2.027836,47.206579 -2.030351,47.206489 -2.046953,47.209753 -2.056968,47.219314 -2.057102,47.219628 -2.053665,47.234685 -2.034471,47.24261 -2.030876,47.24288</coordinates></LinearRing></outerBoundaryIs></Polygon><Polygon><outerBoundaryIs><LinearRing><coordinates>-3.104009,47.342659 -3.089453,47.333378 -3.054422,47.329881 -3.035209,47.320833 -3.034227,47.304945 -3.050766,47.279526 -3.05952,47.272171 -3.077574,47.263281 -3.092955,47.259832 -3.108366,47.263085 -3.123973,47.270541 -3.131986,47.268882 -3.155832,47.271815 -3.157414,47.274131 -3.161313,47.274213 -3.173324,47.279117 -3.1834,47.275681 -3.204214,47.274796 -3.206346,47.276144 -3.21026,47.275783 -3.232755,47.278253 -3.249688,47.285241 -3.250406,47.287146 -3.256505,47.289787 -3.262174,47.29527 -3.265454,47.295858 -3.267744,47.297071 -3.277157,47.307054 -3.275281,47.318877 -3.271483,47.321488 -3.271531,47.322177 -3.271432,47.322296 -3.279456,47.33066 -3.288089,47.351139 -3.287645,47.353748 -3.289013,47.355892 -3.289335,47.371029 -3.281762,47.383888 -3.277564,47.385111 -3.278151,47.387109 -3.272883,47.401813 -3.252921,47.408662 -3.232396,47.402807 -3.224951,47.397233 -3.218461,47.397265 -3.198745,47.391422 -3.197087,47.38799 -3.171699,47.379956 -3.167676,47.381137 -3.144395,47.380422 -3.13106,47.367532 -3.129626,47.361281 -3.121251,47.347283 -3.104009,47.342659</coordinates></LinearRing></outerBoundaryIs><innerBoundaryIs><LinearRing><coordinates>-3.220551,47.340253 -3.211534,47.329717 -3.214419,47.318301 -3.209192,47.316117 -3.20789,47.316798 -3.189165,47.315972 -3.187075,47.314534 -3.179549,47.3171 -3.160012,47.318268 -3.155893,47.316044 -3.163861,47.322694 -3.176574,47.343917 -3.183617,47.343979 -3.210471,47.35248 -3.226701,47.351287 -3.234441,47.354906 -3.230693,47.345995 -3.220551,47.340253</coordinates></LinearRing></innerBoundaryIs><innerBoundaryIs><LinearRing><coordinates>-3.144727,47.310014 -3.144555,47.309808 -3.138205,47.309672 -3.129311,47.30693 -3.126757,47.307459 -3.126319,47.307412 -3.13285,47.311575 -3.139463,47.311575 -3.152659,47.314298 -3.144727,47.310014</coordinates></LinearRing></innerBoundaryIs></Polygon><Polygon><outerBoundaryIs><LinearRing><coordinates>-2.364568,47.322841 -2.361028,47.326862 -2.365719,47.32693 -2.379268,47.334983 -2.381156,47.337319 -2.383682,47.350075 -2.372953,47.360749 -2.370572,47.361872 -2.349848,47.364717 -2.332726,47.356404 -2.331423,47.354922 -2.331682,47.336297 -2.332139,47.335795 -2.323901,47.334736 -2.3128,47.326846 -2.312575,47.326531 -2.310806,47.314173 -2.321285,47.303943 -2.324204,47.302551 -2.344508,47.299587 -2.361647,47.307449 -2.365106,47.321314 -2.364568,47.322841</coordinates></LinearRing></outerBoundaryIs></Polygon><Polygon><outerBoundaryIs><LinearRing><coordinates>-2.238965,47.31776 -2.25461,47.31209 -2.255913,47.311955 -2.272911,47.31407 -2.284301,47.32286 -2.285514,47.32488 -2.285328,47.338711 -2.272273,47.34737 -2.27057,47.351995 -2.254212,47.359219 -2.244341,47.358046 -2.227878,47.363232 -2.209608,47.359327 -2.20862,47.358788 -2.206614,47.357574 -2.202796,47.355013 -2.200693,47.352762 -2.199582,47.351898 -2.199642,47.351862 -2.195612,47.348542 -2.195028,47.347868 -2.191986,47.335045 -2.202504,47.324136 -2.221074,47.32085 -2.231687,47.324652 -2.235271,47.323644 -2.238965,47.31776</coordinates></LinearRing></outerBoundaryIs></Polygon><Polygon><outerBoundaryIs><LinearRing><coordinates>-2.122759,47.388117 -2.121725,47.388072 -2.111219,47.386087 -2.109692,47.385548 -2.09632,47.374046 -2.100131,47.359577 -2.101299,47.35841 -2.115645,47.351244 -2.133391,47.351805 -2.146565,47.359841 -2.147958,47.361592 -2.15049,47.373974 -2.140473,47.38452 -2.122759,47.388117</coordinates></LinearRing></outerBoundaryIs></Polygon><Polygon><outerBoundaryIs><LinearRing><coordinates>-2.593463,47.399698 -2.609219,47.392943 -2.62022,47.391372 -2.640022,47.393833 -2.651477,47.405017 -2.64797,47.418472 -2.644243,47.42247 -2.642431,47.424184 -2.640769,47.425576 -2.621466,47.432276 -2.601295,47.427049 -2.59568,47.423231 -2.588064,47.411771 -2.593463,47.399698</coordinates></LinearRing></outerBoundaryIs></Polygon><Polygon><outerBoundaryIs><LinearRing><coordinates>-2.917377,47.34524 -2.910151,47.359488 -2.889499,47.365085 -2.860833,47.364097 -2.842185,47.357902 -2.835975,47.344465 -2.837373,47.335078 -2.843482,47.325273 -2.856667,47.319486 -2.881677,47.314682 -2.90372,47.317075 -2.915123,47.330059 -2.917377,47.34524</coordinates></LinearRing></outerBoundaryIs></Polygon><Polygon><outerBoundaryIs><LinearRing><coordinates>-2.927936,47.358768 -2.928475,47.358408 -2.951934,47.353503 -2.964587,47.360201 -2.970157,47.36283 -2.970884,47.363533 -2.97119,47.363695 -2.971443,47.364074 -2.976537,47.368999 -3.003303,47.376023 -3.004907,47.377527 -3.016662,47.380528 -3.018593,47.38192 -3.025702,47.393239 -3.024989,47.394806 -3.03532,47.396485 -3.038604,47.400695 -3.044292,47.401736 -3.054249,47.413863 -3.048383,47.427219 -3.046811,47.428522 -3.022009,47.434958 -3.019898,47.434733 -3.007728,47.429582 -3.00536,47.429228 -2.987169,47.419354 -2.987206,47.418206 -2.982491,47.417864 -2.960801,47.410684 -2.949307,47.410062 -2.940485,47.410756 -2.919215,47.405954 -2.911112,47.391807 -2.921973,47.378454 -2.922509,47.378188 -2.919995,47.369433 -2.92067,47.367502 -2.927936,47.358768</coordinates></LinearRing></outerBoundaryIs></Polygon><Polygon><outerBoundaryIs><LinearRing><coordinates>-2.514757,47.587334 -2.497017,47.593349 -2.478098,47.589455 -2.468481,47.577808 -2.467361,47.571834 -2.467469,47.571511 -2.465821,47.57017 -2.46612,47.557743 -2.478295,47.548374 -2.482561,47.546803 -2.504175,47.545614 -2.51984,47.555671 -2.521503,47.55841 -2.521578,47.568609 -2.523565,47.575793 -2.517003,47.585627 -2.514757,47.587334</coordinates></LinearRing></outerBoundaryIs></Polygon><Polygon><outerBoundaryIs><LinearRing><coordinates>-3.461162,47.602248 -3.477579,47.604951 -3.519523,47.622822 -3.529864,47.631129 -3.538493,47.645321 -3.539179,47.657637 -3.527902,47.667398 -3.509975,47.669999 -3.431525,47.66263 -3.419206,47.659189 -3.403079,47.650967 -3.392636,47.63577 -3.394038,47.618298 -3.401744,47.606577 -3.419036,47.601236 -3.437042,47.604961 -3.440508,47.603415 -3.461162,47.602248</coordinates></LinearRing></outerBoundaryIs></Polygon><Polygon><outerBoundaryIs><LinearRing><coordinates>-3.929742,47.696756 -3.930595,47.696172 -3.946167,47.690925 -3.947649,47.69079 -3.959264,47.693084 -3.963787,47.688786 -3.965269,47.688112 -3.97951,47.686767 -3.990131,47.683543 -3.999155,47.683319 -4.018041,47.687966 -4.018915,47.68921 -4.03621,47.694739 -4.040118,47.698017 -4.045941,47.709531 -4.041053,47.718142 -4.04823,47.725973 -4.048635,47.727186 -4.047027,47.738335 -4.035904,47.746718 -4.03487,47.747122 -4.016955,47.74933 -4.001164,47.743328 -4.000676,47.742944 -3.993962,47.743501 -3.985155,47.742063 -3.98448,47.741763 -3.98196,47.743127 -3.961311,47.741455 -3.958533,47.740382 -3.94135,47.739179 -3.928718,47.730305 -3.926564,47.72698 -3.927068,47.716597 -3.922407,47.712453 -3.929742,47.696756</coordinates></LinearRing></outerBoundaryIs></Polygon><Polygon><outerBoundaryIs><LinearRing><coordinates>-4.039095,47.793553 -4.030231,47.793412 -4.026691,47.794189 -4.023681,47.793874 -4.022299,47.793285 -4.014402,47.793158 -4.01283,47.792574 -4.000535,47.782664 -4.001411,47.769737 -4.002085,47.768704 -4.007827,47.764911 -4.014534,47.758547 -4.03453,47.756104 -4.036101,47.756328 -4.049877,47.761522 -4.05681,47.771059 -4.057395,47.773619 -4.049795,47.789117 -4.042141,47.790798 -4.039095,47.793553</coordinates></LinearRing></outerBoundaryIs></Polygon><Polygon><outerBoundaryIs><LinearRing><coordinates>-4.901612,48.041404 -4.896981,48.054677 -4.879738,48.062023 -4.876054,48.062472 -4.870297,48.061711 -4.858699,48.063751 -4.842671,48.059168 -4.841926,48.058715 -4.831672,48.057055 -4.828932,48.055841 -4.817241,48.042414 -4.81521,48.040847 -4.808885,48.027109 -4.819751,48.014625 -4.840805,48.01143 -4.861189,48.014034 -4.872207,48.017287 -4.889498,48.025953 -4.896911,48.036292 -4.901612,48.041404</coordinates></LinearRing></outerBoundaryIs></Polygon><Polygon><outerBoundaryIs><LinearRing><coordinates>-5.010711,48.453832 -5.000294,48.452345 -4.989018,48.442836 -4.989129,48.440046 -4.986949,48.438001 -4.967278,48.43527 -4.959237,48.431271 -4.951788,48.423781 -4.935426,48.424047 -4.921383,48.417187 -4.916658,48.406046 -4.917106,48.400706 -4.91505,48.402487 -4.894728,48.404443 -4.892531,48.40337 -4.884471,48.403956 -4.882764,48.403597 -4.864665,48.390462 -4.864531,48.390058 -4.864773,48.388914 -4.864468,48.388677 -4.859143,48.389561 -4.85775,48.389426 -4.836244,48.377646 -4.83575,48.376703 -4.835123,48.375329 -4.83472,48.374296 -4.834745,48.374116 -4.831029,48.373207 -4.829367,48.372174 -4.827542,48.369812 -4.824921,48.369404 -4.8143,48.357023 -4.820723,48.343368 -4.825384,48.339768 -4.825453,48.338368 -4.826217,48.337246 -4.837898,48.330099 -4.838916,48.329312 -4.839328,48.329224 -4.841897,48.327652 -4.845912,48.327813 -4.854277,48.326019 -4.850347,48.32107 -4.854245,48.309084 -4.855728,48.307512 -4.874169,48.299286 -4.895596,48.302938 -4.897706,48.30406 -4.90771,48.316884 -4.900146,48.330494 -4.898125,48.331886 -4.891443,48.333874 -4.894729,48.335751 -4.892777,48.351236 -4.903038,48.350666 -4.912961,48.352147 -4.921663,48.355903 -4.923766,48.354553 -4.937371,48.351814 -4.957248,48.352901 -4.970516,48.362733 -4.970114,48.372213 -4.970151,48.372208 -4.974154,48.374614 -4.984919,48.375703 -4.985952,48.376107 -4.988605,48.37819 -4.990621,48.378283 -5.003778,48.391361 -4.999997,48.398851 -5.004756,48.400373 -5.006867,48.401675 -5.006924,48.401744 -5.00885,48.400632 -5.026298,48.399908 -5.030025,48.400582 -5.045307,48.40787 -5.049627,48.42003 -5.044126,48.427023 -5.044106,48.427966 -5.041714,48.432124 -5.04176,48.435041 -5.045589,48.432553 -5.061413,48.430676 -5.063551,48.430851 -5.063933,48.4303 -5.082017,48.420316 -5.097463,48.417712 -5.10187,48.417219 -5.114622,48.416501 -5.140643,48.425807 -5.14096,48.426197 -5.14096,48.476891 -5.129298,48.479559 -5.130045,48.486975 -5.11798,48.497134 -5.098774,48.499367 -5.087972,48.497968 -5.086476,48.49933 -5.06663,48.501783 -5.049791,48.494511 -5.048746,48.493521 -5.031888,48.489595 -5.027447,48.480681 -5.010331,48.474089 -5.008314,48.457612 -5.010711,48.453832</coordinates></LinearRing></outerBoundaryIs></Polygon><Polygon><outerBoundaryIs><LinearRing><coordinates>-4.600116,48.389814 -4.606939,48.402366 -4.598744,48.414612 -4.597981,48.415107 -4.58037,48.420224 -4.579067,48.420269 -4.556586,48.413571 -4.551775,48.397537 -4.552449,48.395965 -4.563633,48.385835 -4.582042,48.382977 -4.598723,48.388781 -4.600116,48.389814</coordinates></LinearRing></outerBoundaryIs></Polygon><Polygon><outerBoundaryIs><LinearRing><coordinates>-1.84602,48.919082 -1.83882,48.921093 -1.820903,48.917465 -1.819465,48.916746 -1.812905,48.910317 -1.806058,48.909602 -1.803498,48.90812 -1.802908,48.907536 -1.798132,48.907918 -1.79602,48.907604 -1.780194,48.900826 -1.779181,48.899928 -1.778054,48.899795 -1.769981,48.89235 -1.769017,48.892274 -1.767906,48.892492 -1.766182,48.892052 -1.765884,48.892029 -1.765244,48.892464 -1.764031,48.892778 -1.746105,48.893268 -1.731628,48.886342 -1.729877,48.88468 -1.725505,48.871174 -1.737026,48.859589 -1.738329,48.859005 -1.751185,48.857412 -1.75557,48.855705 -1.758374,48.854439 -1.758761,48.854462 -1.764487,48.852231 -1.785541,48.856444 -1.786789,48.857152 -1.790849,48.8538 -1.810112,48.85164 -1.81266,48.8527 -1.823262,48.852274 -1.832794,48.848976 -1.85125,48.85174 -1.859602,48.855332 -1.861839,48.857877 -1.865571,48.856571 -1.885908,48.860962 -1.888468,48.862444 -1.895742,48.874184 -1.900002,48.876232 -1.900586,48.876816 -1.903586,48.885715 -1.904408,48.885633 -1.904723,48.887025 -1.904359,48.888006 -1.904778,48.889247 -1.904419,48.890864 -1.903336,48.890763 -1.903335,48.890768 -1.903974,48.893079 -1.903885,48.894875 -1.900061,48.899592 -1.899833,48.900204 -1.899429,48.900371 -1.892502,48.908909 -1.891649,48.909314 -1.888932,48.909778 -1.886954,48.915634 -1.870197,48.923114 -1.850244,48.920996 -1.848761,48.920411 -1.84602,48.919082</coordinates></LinearRing></outerBoundaryIs></Polygon><Polygon><outerBoundaryIs><LinearRing><coordinates>-2.132482,49.155914 -2.133817,49.156335 -2.133874,49.156464 -2.143678,49.160336 -2.151325,49.150548 -2.175573,49.147779 -2.198023,49.152179 -2.208403,49.159029 -2.211272,49.158051 -2.232,49.156783 -2.259345,49.162216 -2.274722,49.169984 -2.278323,49.182478 -2.268333,49.193424 -2.255303,49.200195 -2.253943,49.204306 -2.260852,49.219399 -2.272115,49.226239 -2.280139,49.24339 -2.273367,49.26248 -2.260869,49.273789 -2.23976,49.275901 -2.239479,49.275855 -2.233635,49.279003 -2.218995,49.276842 -2.229647,49.283686 -2.229513,49.297619 -2.22848,49.299192 -2.214282,49.308575 -2.194108,49.309151 -2.191907,49.308657 -2.177781,49.301433 -2.173542,49.290052 -2.180991,49.279368 -2.183013,49.277976 -2.197113,49.272766 -2.205603,49.273209 -2.191149,49.265565 -2.168581,49.276487 -2.139487,49.278025 -2.113285,49.26916 -2.100351,49.271366 -2.083978,49.270868 -2.070977,49.264388 -2.065308,49.25915 -2.063705,49.259635 -2.034973,49.257391 -1.995892,49.236994 -1.985691,49.221754 -1.993868,49.213091 -1.992502,49.21156 -1.988946,49.200561 -1.996118,49.190316 -2.001886,49.186242 -1.997919,49.171119 -1.988877,49.16414 -1.989702,49.154241 -1.986207,49.153493 -1.985578,49.153133 -1.976428,49.141782 -1.981248,49.129313 -1.982551,49.1281 -1.998315,49.120987 -2.017317,49.122313 -2.030346,49.131434 -2.030753,49.132074 -2.048383,49.128551 -2.065952,49.133697 -2.070803,49.13684 -2.076781,49.145207 -2.095935,49.148199 -2.102916,49.15288 -2.113744,49.149996 -2.12914,49.154859 -2.129668,49.154802 -2.132482,49.155914</coordinates></LinearRing></outerBoundaryIs><innerBoundaryIs><LinearRing><coordinates>-2.166695,49.232769 -2.183994,49.229228 -2.201774,49.229588 -2.203603,49.230031 -2.201976,49.229543 -2.195166,49.216263 -2.194925,49.216199 -2.188391,49.201168 -2.175518,49.207189 -2.151481,49.212177 -2.131475,49.21132 -2.107484,49.203951 -2.099388,49.198541 -2.098844,49.198383 -2.098616,49.198025 -2.09632,49.19649 -2.087546,49.192955 -2.086793,49.191001 -2.080234,49.189208 -2.068571,49.181388 -2.066735,49.181795 -2.056192,49.180559 -2.058358,49.188774 -2.051431,49.204037 -2.05027,49.204858 -2.052788,49.207675 -2.055645,49.221208 -2.054984,49.221784 -2.056156,49.222396 -2.063113,49.22029 -2.081761,49.219219 -2.097103,49.22618 -2.105019,49.233492 -2.109782,49.232679 -2.129399,49.234106 -2.149721,49.240984 -2.166695,49.232769</coordinates></LinearRing></innerBoundaryIs></Polygon><Polygon><outerBoundaryIs><LinearRing><coordinates>-1.132052,49.40145 -1.130466,49.391503 -1.11772,49.386582 -1.089022,49.403749 -1.06485,49.408144 -1.048696,49.406021 -1.011557,49.41258 -0.948512,49.41258 -0.920687,49.410236 -0.909553,49.407625 -0.844165,49.38075 -0.762758,49.365183 -0.752184,49.368029 -0.658545,49.363536 -0.657473,49.363184 -0.656276,49.363373 -0.604124,49.358092 -0.531235,49.363731 -0.523289,49.363591 -0.452342,49.355549 -0.442127,49.351781 -0.416964,49.353993 -0.400788,49.3522 -0.286951,49.314283 -0.244279,49.310218 -0.23324,49.30614 -0.230006,49.305474 -0.229384,49.304715 -0.227,49.303833 -0.226841,49.303514 -0.216593,49.304789 -0.213754,49.304406 -0.211087,49.305107 -0.171489,49.30486 -0.106089,49.315532 -0.099247,49.315981 -0.088824,49.32132 -0.011685,49.343096 0.052297,49.381782 0.06014,49.383603 0.105399,49.41258 0.275307,49.41258 0.274458,49.407132 0.273425,49.406099 0.259678,49.398993 0.242153,49.398702 0.236091,49.399915 0.22836,49.402378 0.225216,49.403815 0.222261,49.406557 0.218665,49.407914 0.145963,49.388236 0.112543,49.366854 0.112707,49.366693 0.112826,49.366314 0.113513,49.365969 0.115174,49.364217 0.11897,49.352115 0.118835,49.351531 0.112261,49.345297 0.112266,49.34493 0.110792,49.343903 0.105147,49.338548 0.104191,49.338508 0.099352,49.33593 0.098255,49.335164 0.09746,49.334921 0.096394,49.334353 0.095855,49.334174 0.077054,49.332667 0.062363,49.338942 0.022254,49.314688 0.014413,49.311353 -0.060394,49.290244 -0.067603,49.284042 -0.07421,49.282101 -0.077364,49.279675 -0.08091,49.279557 -0.08233,49.279158 -0.084326,49.27816 -0.084491,49.277935 -0.083265,49.275858 -0.083356,49.274331 -0.084167,49.270642 -0.084392,49.270058 -0.0956,49.259567 -0.114628,49.256572 -0.131863,49.262584 -0.136226,49.270355 -0.139227,49.273123 -0.161682,49.269454 -0.168647,49.268915 -0.197319,49.269097 -0.197769,49.267126 -0.206049,49.256723 -0.222372,49.251843 -0.224831,49.251685 -0.25643,49.214811 -0.262707,49.209838 -0.269858,49.20589 -0.270788,49.204326 -0.280705,49.196075 -0.284343,49.194414 -0.304728,49.19142 -0.315391,49.195784 -0.326274,49.197402 -0.337594,49.207199 -0.336603,49.219479 -0.330589,49.228733 -0.326355,49.233252 -0.28195,49.267896 -0.278505,49.277163 -0.299542,49.279164 -0.308094,49.280943 -0.418277,49.317646 -0.460765,49.313905 -0.48114,49.317416 -0.485517,49.322344 -0.487355,49.323047 -0.528905,49.327753 -0.601517,49.322134 -0.609019,49.322221 -0.663708,49.327761 -0.736169,49.331245 -0.741601,49.327953 -0.760237,49.32723 -0.863509,49.346986 -0.870464,49.349032 -0.933962,49.375129 -0.987523,49.379642 -1.04068,49.370251 -1.053382,49.369977 -1.062142,49.371129 -1.089669,49.354664 -1.091227,49.353347 -1.085425,49.328986 -1.09344,49.313347 -1.111438,49.301893 -1.108884,49.294265 -1.111999,49.281386 -1.127635,49.273245 -1.147559,49.274125 -1.161288,49.283563 -1.165917,49.290973 -1.167781,49.29972 -1.167574,49.300937 -1.167808,49.30186 -1.166249,49.306359 -1.16764,49.30852 -1.159845,49.321185 -1.143087,49.332448 -1.144495,49.338588 -1.153435,49.341687 -1.162028,49.332629 -1.167344,49.328539 -1.204398,49.307389 -1.22207,49.302925 -1.239954,49.306941 -1.249604,49.317542 -1.246457,49.32972 -1.237163,49.340367 -1.229031,49.346198 -1.205374,49.357037 -1.197226,49.37067 -1.20013,49.38328 -1.199053,49.386334 -1.190758,49.394124 -1.209441,49.41258 -1.143304,49.41258 -1.132052,49.40145</coordinates></LinearRing></outerBoundaryIs></Polygon><Polygon><outerBoundaryIs><LinearRing><coordinates>-2.328943,49.412072 -2.359799,49.394155 -2.376983,49.38959 -2.394696,49.393113 -2.404951,49.403135 -2.408009,49.411129 -2.40781,49.41258 -2.328511,49.41258 -2.328943,49.412072</coordinates></LinearRing></outerBoundaryIs></Polygon><Polygon><outerBoundaryIs><LinearRing><coordinates>-2.515804,49.405426 -2.52703,49.401744 -2.548095,49.400706 -2.549604,49.40155 -2.559691,49.398367 -2.57833,49.40162 -2.581048,49.402883 -2.598598,49.399068 -2.681081,49.412134 -2.682087,49.41258 -2.505917,49.41258 -2.515804,49.405426</coordinates></LinearRing></outerBoundaryIs></Polygon><Polygon><outerBoundaryIs><LinearRing><coordinates>0.625178,49.411827 0.605253,49.410172 0.590477,49.41258 0.626154,49.41258 0.625178,49.411827</coordinates></LinearRing></outerBoundaryIs></Polygon><Polygon><outerBoundaryIs><LinearRing><coordinates>0.407109,49.411854 0.395495,49.41258 0.408517,49.41258 0.407109,49.411854</coordinates></LinearRing></outerBoundaryIs></Polygon><Polygon><outerBoundaryIs><LinearRing><coordinates>0.552947,49.411382 0.537615,49.403513 0.518149,49.404196 0.513613,49.405498 0.512751,49.406144 0.512487,49.406187 0.511088,49.406062 0.509806,49.406628 0.503902,49.4076 0.501118,49.408947 0.498828,49.411441 0.495454,49.41258 0.554058,49.41258 0.552947,49.411382</coordinates></LinearRing></outerBoundaryIs></Polygon></MultiGeometry>
  </Placemark>
  <Placemark>
	<name>EMSCW-21 Border</name>
	<Style><LineStyle><color>ff0000ff</color></LineStyle><PolyStyle><fill>0</fill></PolyStyle></Style>
	<ExtendedData><SchemaData schemaUrl="#emscw_all">
		<SimpleData name="tessellate">-1</SimpleData>
		<SimpleData name="extrude">0</SimpleData>
		<SimpleData name="visibility">-1</SimpleData>
		<SimpleData name="layer">emscw-21</SimpleData>
		<SimpleData name="path">/home/anomalia/projects/dashboards_minka/emscw_2026/polygons/emscw-21.kml|layername=emscw-21|geometrytype=Polygon</SimpleData>
	</SchemaData></ExtendedData>
      <MultiGeometry><Polygon><outerBoundaryIs><LinearRing><coordinates>4.058398,40.077011 4.060435,40.077087 4.061761,40.079635 4.060702,40.082791 4.063364,40.096774 4.07816,40.105083 4.084405,40.106206 4.101836,40.104022 4.112211,40.092981 4.117483,40.076231 4.117974,40.07653 4.118754,40.078487 4.13506,40.084936 4.15056,40.08579 4.164307,40.083203 4.182052,40.074802 4.191484,40.066124 4.192331,40.05476 4.190963,40.050801 4.195991,40.051056 4.209257,40.042271 4.212745,40.037038 4.221846,40.03219 4.222077,40.031478 4.231916,40.019992 4.23241,40.017701 4.231958,40.016355 4.233265,40.014706 4.265525,40.014959 4.283746,40.008315 4.288366,39.993086 4.2848,39.989529 4.286092,39.979795 4.290303,39.978501 4.295783,39.974637 4.303338,39.962126 4.30249,39.960307 4.303251,39.959202 4.300634,39.952518 4.301459,39.951033 4.301521,39.947464 4.303119,39.945377 4.301637,39.940865 4.301702,39.937181 4.301465,39.936991 4.32713,39.894327 4.334354,39.891904 4.346501,39.882345 4.346729,39.868862 4.334917,39.858936 4.327308,39.856116 4.321114,39.826404 4.316433,39.818083 4.31001,39.811696 4.312613,39.807977 4.314993,39.795855 4.306894,39.785285 4.292042,39.781125 4.285127,39.781125 4.271614,39.784518 4.268335,39.786359 4.261608,39.794031 4.238389,39.795175 4.223839,39.800154 4.217735,39.804726 4.21351,39.804686 4.212028,39.80509 4.206308,39.809635 4.192158,39.811263 4.135862,39.84784 4.111425,39.852757 4.102978,39.855999 4.04568,39.890842 3.982735,39.913594 3.940714,39.919345 3.911603,39.906694 3.897453,39.904503 3.892384,39.906329 3.882205,39.903798 3.836211,39.906446 3.835323,39.90606 3.817011,39.904566 3.803116,39.913871 3.799117,39.920293 3.797687,39.933091 3.807706,39.960599 3.807703,39.968265 3.807613,39.968433 3.807611,39.974901 3.808311,39.976218 3.80785,39.976625 3.805875,39.980069 3.800789,39.979726 3.786149,39.982553 3.776881,39.991774 3.768835,40.009963 3.768702,40.021387 3.777413,40.030644 3.786824,40.03587 3.786691,40.041039 3.802273,40.060042 3.821186,40.068484 3.829693,40.068739 3.895136,40.077233 3.91174,40.073898 3.922498,40.078324 3.936396,40.080303 3.946104,40.076813 3.950809,40.078158 3.971356,40.07647 3.979099,40.07265 3.981398,40.073848 3.998025,40.076731 4.009797,40.07532 4.016533,40.079387 4.030855,40.08323 4.045148,40.079469 4.053089,40.074699 4.058398,40.077011</coordinates></LinearRing></outerBoundaryIs><innerBoundaryIs><LinearRing><coordinates>4.276183,39.836593 4.281035,39.859947 4.266618,39.870299 4.245972,39.87887 4.235436,39.887996 4.234877,39.900294 4.244559,39.910078 4.260008,39.912824 4.264752,39.912371 4.259955,39.920331 4.25522,39.925202 4.2539,39.928258 4.24815,39.928939 4.232566,39.936349 4.22235,39.946907 4.224171,39.960094 4.233506,39.966428 4.233895,39.972258 4.237964,39.978542 4.224345,39.978432 4.224179,39.978169 4.22394,39.978104 4.221823,39.975857 4.220116,39.974869 4.204878,39.971283 4.190288,39.976106 4.188312,39.977543 4.183583,39.98505 4.18345,39.985137 4.181967,39.986799 4.181425,39.988475 4.181091,39.989005 4.181176,39.989245 4.177992,39.999089 4.178428,40.002091 4.176968,40.00529 4.172582,40.005381 4.158931,40.01041 4.153568,40.016434 4.153241,40.016423 4.150633,40.018147 4.142016,40.012469 4.122501,40.008451 4.106344,40.017726 4.099739,40.027471 4.099737,40.027499 4.088947,40.030352 4.080711,40.040243 4.079884,40.042869 4.077369,40.041482 4.071569,40.041269 4.056653,40.033881 4.038705,40.037409 4.030697,40.042221 4.0303,40.041982 4.012338,40.038351 3.999619,40.039875 3.992223,40.036023 3.966699,40.035737 3.955828,40.041102 3.949693,40.039349 3.941852,40.040541 3.939317,40.034079 3.923674,40.027467 3.906645,40.031289 3.892266,40.040204 3.835025,40.032771 3.831957,40.029032 3.833442,40.023821 3.82865,40.017918 3.82906,40.017946 3.830782,40.017522 3.83091,40.017564 3.831956,40.017233 3.846035,40.013768 3.846858,40.01252 3.847395,40.01235 3.849212,40.008953 3.854146,40.001473 3.853736,40.00049 3.854219,39.999588 3.854216,39.993749 3.854145,39.993614 3.854216,39.993479 3.854215,39.990631 3.859479,39.987691 3.86173,39.973355 3.854296,39.966461 3.854293,39.958176 3.852942,39.955635 3.853316,39.953136 3.849257,39.942017 3.876593,39.940443 3.87839,39.9416 3.893942,39.945784 3.901136,39.943499 3.925479,39.954076 3.940914,39.956118 3.994109,39.94884 3.999838,39.94744 4.067944,39.922819 4.072411,39.920693 4.128008,39.886878 4.152816,39.881885 4.161817,39.878292 4.212479,39.845374 4.235063,39.842144 4.250081,39.830896 4.269497,39.829939 4.276183,39.836593</coordinates></LinearRing></innerBoundaryIs></Polygon><Polygon><outerBoundaryIs><LinearRing><coordinates>9.676719,40.615695 9.676295,40.615729 9.661177,40.615656 9.659265,40.617108 9.658814,40.617144 9.657209,40.61867 9.648368,40.625385 9.648354,40.627084 9.647487,40.627907 9.648299,40.633836 9.648256,40.639234 9.649133,40.639917 9.649375,40.641681 9.659462,40.647961 9.660914,40.649091 9.661674,40.649337 9.663377,40.650397 9.669891,40.65188 9.677348,40.651356 9.685773,40.653343 9.687345,40.653029 9.702604,40.64339 9.702933,40.628205 9.688108,40.618171 9.684965,40.617452 9.684529,40.617476 9.67918,40.615743 9.676882,40.615732 9.676719,40.615695</coordinates></LinearRing></outerBoundaryIs></Polygon><Polygon><outerBoundaryIs><LinearRing><coordinates>9.280177,41.116639 9.281074,41.118796 9.283732,41.121954 9.282346,41.124974 9.282435,41.12758 9.289031,41.139635 9.304553,41.145164 9.320904,41.141284 9.329554,41.130017 9.329868,41.128535 9.329323,41.120857 9.328918,41.119734 9.325486,41.116148 9.326607,41.107714 9.324899,41.104031 9.313759,41.094121 9.296785,41.092504 9.28281,41.100023 9.279111,41.112764 9.279335,41.113887 9.280177,41.116639</coordinates></LinearRing></outerBoundaryIs></Polygon><Polygon><outerBoundaryIs><LinearRing><coordinates>8.389912,38.848993 8.385731,38.864858 8.386135,38.86607 8.395831,38.876678 8.412008,38.879372 8.426242,38.872748 8.427364,38.871625 8.432229,38.861781 8.429322,38.851452 8.428648,38.850509 8.410483,38.841339 8.390766,38.848139 8.389912,38.848993</coordinates></LinearRing></outerBoundaryIs></Polygon><Polygon><outerBoundaryIs><LinearRing><coordinates>8.637129,39.902495 8.636587,39.902711 8.630565,39.914621 8.636179,39.926667 8.63811,39.928419 8.655797,39.934748 8.657953,39.934748 8.675705,39.928336 8.6784,39.920654 8.679924,39.92044 8.681586,39.919317 8.689224,39.908825 8.68669,39.896917 8.682355,39.893909 8.6808,39.889403 8.660744,39.88362 8.657466,39.883934 8.639939,39.893187 8.639086,39.894399 8.637129,39.902495</coordinates></LinearRing></outerBoundaryIs></Polygon><Polygon><outerBoundaryIs><LinearRing><coordinates>8.307134,40.013966 8.322257,40.013207 8.333561,40.005379 8.336263,39.993795 8.335228,39.98854 8.326221,39.976805 8.310322,39.967465 8.292249,39.964065 8.276755,39.972027 8.27371,39.98628 8.277524,39.998093 8.294016,40.011181 8.307134,40.013966</coordinates></LinearRing></outerBoundaryIs></Polygon><Polygon><outerBoundaryIs><LinearRing><coordinates>8.147006,40.809483 8.165576,40.821351 8.167651,40.835496 8.170935,40.842872 8.19359,40.871461 8.189219,40.875625 8.188995,40.876388 8.190003,40.886886 8.194242,40.891041 8.179318,40.898113 8.168175,40.912589 8.167992,40.915467 8.160785,40.920197 8.153042,40.930245 8.154942,40.941831 8.177166,40.976735 8.189147,40.984732 8.187182,40.99019 8.188348,40.997018 8.190388,40.999321 8.192157,41.013702 8.197335,41.019094 8.194463,41.027767 8.197601,41.043758 8.212605,41.058001 8.234231,41.064306 8.242412,41.076299 8.24951,41.080849 8.254004,41.084517 8.25768,41.085793 8.252882,41.099395 8.256689,41.114827 8.27488,41.122195 8.289512,41.122635 8.293772,41.127664 8.308687,41.13554 8.326522,41.13309 8.335327,41.128777 8.335332,41.128771 8.335466,41.128752 8.345764,41.117367 8.346235,41.115686 8.349852,41.114947 8.365698,41.10422 8.37095,41.094202 8.3716,41.082184 8.36223,41.0725 8.362011,41.072386 8.361792,41.068352 8.362416,41.062439 8.35473,41.04425 8.338857,41.032427 8.317153,41.03578 8.311033,41.039612 8.292322,41.044271 8.291996,41.043967 8.292132,41.04318 8.284511,41.033093 8.273703,41.025844 8.272778,41.022165 8.281543,41.015305 8.288088,41.000519 8.286467,40.990279 8.282523,40.982253 8.275201,40.974034 8.253086,40.966212 8.252079,40.966295 8.260007,40.959461 8.260074,40.946703 8.252552,40.931233 8.268758,40.901717 8.304163,40.872642 8.330884,40.860726 8.33262,40.86047 8.335828,40.864419 8.350063,40.86852 8.383041,40.869328 8.398914,40.864749 8.406375,40.865682 8.415343,40.859248 8.416033,40.859266 8.430229,40.856088 8.464375,40.838045 8.522251,40.841977 8.591013,40.864385 8.604375,40.874023 8.611036,40.888436 8.620668,40.89769 8.687153,40.929948 8.699066,40.932749 8.763893,40.934291 8.800635,40.953688 8.843818,40.994232 8.847992,41.000345 8.841907,41.004574 8.839795,41.008302 8.838593,41.019988 8.847024,41.029792 8.856785,41.032346 8.856762,41.032468 8.867726,41.043625 8.883821,41.045308 8.888882,41.049242 8.910983,41.054217 8.911671,41.054098 8.940248,41.079694 8.941443,41.08016 8.942004,41.081129 8.964607,41.097601 8.991298,41.133667 9.00146,41.140999 9.036321,41.154118 9.050947,41.15571 9.063963,41.150395 9.07,41.145573 9.081749,41.145892 9.092683,41.149213 9.099317,41.161916 9.107939,41.170143 9.121109,41.173321 9.141015,41.173493 9.142938,41.175426 9.133054,41.188799 9.131187,41.203315 9.136841,41.216423 9.127084,41.218009 9.117744,41.231671 9.117156,41.242945 9.12355,41.256023 9.14027,41.261753 9.155501,41.262068 9.161082,41.259805 9.173193,41.264666 9.191614,41.265205 9.197939,41.263345 9.203929,41.267945 9.209299,41.26966 9.213487,41.272399 9.227863,41.275993 9.247671,41.274245 9.253844,41.267214 9.259055,41.264153 9.260319,41.259675 9.27742,41.256345 9.29391,41.24487 9.299438,41.232975 9.307479,41.228449 9.315415,41.218678 9.321494,41.219291 9.316116,41.224202 9.313769,41.232144 9.312265,41.23215 9.299435,41.243753 9.298581,41.246134 9.301737,41.260936 9.318487,41.268844 9.323016,41.267779 9.321849,41.268396 9.311657,41.283566 9.316723,41.290476 9.316681,41.290693 9.312374,41.293575 9.312155,41.30828 9.316285,41.315557 9.332744,41.326012 9.353574,41.322155 9.354105,41.32181 9.360159,41.326054 9.370312,41.32875 9.390369,41.327195 9.401063,41.315145 9.412633,41.31335 9.422731,41.303875 9.424571,41.299877 9.424419,41.28761 9.423344,41.286642 9.424441,41.284163 9.424933,41.284172 9.434008,41.280938 9.446193,41.270866 9.451573,41.25984 9.458463,41.262659 9.473877,41.260545 9.490903,41.253222 9.502306,41.241703 9.508497,41.222028 9.506236,41.209135 9.498078,41.197771 9.500329,41.197377 9.509134,41.183022 9.509119,41.182313 9.517821,41.184584 9.525774,41.184359 9.543172,41.177817 9.54834,41.163566 9.548081,41.162277 9.552714,41.159051 9.55235,41.152384 9.553911,41.151335 9.55716,41.146692 9.562652,41.144247 9.563271,41.14248 9.573998,41.144987 9.576559,41.144402 9.589376,41.137239 9.593378,41.125511 9.587876,41.116329 9.593156,41.105047 9.591636,41.095107 9.59481,41.096604 9.611546,41.099005 9.626067,41.092224 9.630877,41.079761 9.62984,41.070015 9.621533,41.057669 9.60422,41.053446 9.601436,41.053625 9.599633,41.054255 9.598925,41.053552 9.595393,41.053014 9.584536,41.043974 9.580754,41.044141 9.583631,41.036156 9.591464,41.040211 9.610469,41.036333 9.636554,41.019891 9.651614,41.021136 9.67477,41.012038 9.682089,41.00211 9.684763,40.990039 9.676767,40.979428 9.66454,40.971505 9.661046,40.965329 9.646855,40.95975 9.631264,40.962328 9.629378,40.963226 9.619598,40.972514 9.6178,40.976377 9.618031,40.977701 9.617635,40.977904 9.614102,40.975641 9.612549,40.957023 9.594789,40.938961 9.597189,40.934143 9.596694,40.930418 9.601775,40.934435 9.622431,40.939726 9.64858,40.936581 9.662717,40.930601 9.668529,40.919068 9.663407,40.907599 9.664849,40.908663 9.67504,40.911448 9.693753,40.923012 9.717932,40.938837 9.732623,40.943171 9.747611,40.939485 9.756246,40.929415 9.761181,40.914053 9.760182,40.90303 9.750996,40.894506 9.741908,40.890037 9.74463,40.889582 9.759282,40.88189 9.762786,40.868553 9.759638,40.855798 9.749051,40.844533 9.750624,40.841468 9.741635,40.828178 9.728486,40.820252 9.721608,40.811324 9.712186,40.810298 9.713009,40.803202 9.700801,40.792499 9.699557,40.792456 9.700927,40.7834 9.732339,40.76433 9.740915,40.753314 9.737812,40.740703 9.736783,40.739412 9.738773,40.736841 9.741858,40.72513 9.740504,40.71759 9.752337,40.71073 9.759094,40.704559 9.774674,40.681244 9.776327,40.667906 9.76626,40.641423 9.771727,40.622912 9.771714,40.622853 9.771852,40.622701 9.778385,40.599843 9.778566,40.599721 9.778997,40.599133 9.803771,40.58644 9.814169,40.572835 9.815762,40.557593 9.816699,40.557113 9.818815,40.557808 9.819983,40.557808 9.819983,40.556999 9.828811,40.557372 9.842049,40.548803 9.843216,40.541216 9.851239,40.529551 9.851053,40.512213 9.849776,40.506474 9.818134,40.435514 9.809969,40.426883 9.79952,40.42402 9.79517,40.419092 9.789978,40.389805 9.779578,40.377105 9.73738,40.355778 9.688599,40.311249 9.654082,40.269161 9.647259,40.248924 9.652128,40.196974 9.665922,40.178996 9.666459,40.176111 9.66856,40.173865 9.67516,40.152448 9.686284,40.144016 9.687457,40.141888 9.689489,40.14083 9.705861,40.121737 9.740658,40.106619 9.751062,40.097254 9.756224,40.086698 9.756188,40.073779 9.715063,39.99059 9.718191,39.989161 9.728734,39.978652 9.727166,39.965379 9.714343,39.956532 9.712582,39.956033 9.715612,39.955519 9.716404,39.954656 9.720654,39.954372 9.732049,39.94242 9.736311,39.927192 9.733264,39.913688 9.718934,39.905712 9.709777,39.904021 9.706227,39.899393 9.705904,39.875269 9.716259,39.862877 9.720016,39.852703 9.715831,39.842629 9.705485,39.831084 9.69318,39.783429 9.693174,39.766807 9.693213,39.766745 9.697015,39.721784 9.696044,39.719548 9.696681,39.71722 9.692858,39.701007 9.691609,39.6995 9.692094,39.695289 9.683163,39.68693 9.683568,39.668166 9.679869,39.658037 9.671549,39.647955 9.680569,39.603313 9.680808,39.599356 9.677018,39.551926 9.669922,39.539963 9.661424,39.533592 9.65551,39.51171 9.655577,39.50554 9.660471,39.502063 9.668039,39.487919 9.665506,39.438512 9.656991,39.425173 9.648738,39.419909 9.648167,39.418897 9.648216,39.418736 9.637258,39.3952 9.637367,39.394699 9.620485,39.343753 9.621399,39.342848 9.625241,39.329488 9.640865,39.321328 9.650506,39.310496 9.653692,39.30012 9.649934,39.285216 9.633076,39.277793 9.619718,39.276969 9.607419,39.263515 9.587401,39.202296 9.599419,39.185147 9.601651,39.172182 9.592223,39.161408 9.589978,39.160202 9.588762,39.156024 9.596378,39.160493 9.597501,39.160807 9.61846,39.158537 9.628186,39.143735 9.628183,39.134393 9.622803,39.122743 9.60919,39.11654 9.593707,39.118681 9.583593,39.128167 9.5822,39.131176 9.581927,39.132531 9.580574,39.127877 9.571876,39.117374 9.556618,39.113832 9.548013,39.114285 9.544436,39.111209 9.545648,39.101802 9.555571,39.093209 9.55759,39.087235 9.55603,39.074602 9.544353,39.065868 9.528284,39.065314 9.519348,39.067605 9.505049,39.078253 9.505475,39.083003 9.487767,39.094269 9.479797,39.104326 9.481334,39.115476 9.445392,39.105068 9.4286,39.105356 9.416546,39.114575 9.414023,39.118953 9.384435,39.127641 9.373316,39.134589 9.369495,39.145363 9.369697,39.149239 9.35709,39.158931 9.338832,39.163724 9.328536,39.169219 9.310069,39.186435 9.301981,39.186513 9.282218,39.19574 9.281932,39.196139 9.245375,39.198426 9.236094,39.200616 9.219187,39.207945 9.191922,39.199529 9.188207,39.196189 9.189013,39.179959 9.184431,39.173492 9.163492,39.1642 9.146025,39.164694 9.129553,39.17086 9.114241,39.184634 9.11424,39.184485 9.098144,39.174783 9.097291,39.174648 9.085392,39.175251 9.082698,39.175969 9.082875,39.176379 9.077922,39.179263 9.075866,39.179602 9.058897,39.164138 9.056985,39.163326 9.032254,39.120771 9.037998,39.094356 9.063802,39.06751 9.066272,39.048846 9.047435,39.017234 9.047505,39.016711 9.05097,39.015293 9.055104,39.000231 9.054699,38.998838 9.044856,38.987695 9.043365,38.987463 9.041664,38.977001 9.031256,38.968722 9.024744,38.966163 9.013822,38.965379 9.013434,38.964401 8.87411,38.86408 8.85826,38.859341 8.831947,38.859701 8.818806,38.863205 8.81273,38.869807 8.797199,38.866609 8.78209,38.873642 8.756296,38.900724 8.737871,38.909599 8.737863,38.907748 8.73683,38.905727 8.723053,38.895372 8.704153,38.896779 8.702671,38.897453 8.702539,38.897656 8.690217,38.893056 8.689068,38.892965 8.687826,38.886898 8.680098,38.881283 8.678126,38.866799 8.662274,38.851436 8.6475,38.847709 8.62951,38.849097 8.618419,38.860389 8.620718,38.872328 8.618892,38.874407 8.618886,38.87492 8.60898,38.874422 8.592111,38.879114 8.584668,38.89198 8.584214,38.904826 8.589974,38.917367 8.598824,38.925274 8.59938,38.936414 8.597003,38.93937 8.596414,38.939155 8.579915,38.938336 8.567025,38.946503 8.564602,38.958623 8.55574,38.966596 8.551012,38.973335 8.542921,38.994623 8.543625,39.006631 8.552133,39.023261 8.550198,39.028507 8.548181,39.029321 8.544372,39.029304 8.540134,39.030536 8.53978,39.030463 8.538449,39.031025 8.529272,39.033692 8.528805,39.034365 8.527084,39.035207 8.526595,39.036034 8.525047,39.036688 8.523834,39.03781 8.524861,39.038502 8.520932,39.039731 8.520429,39.040514 8.517508,39.041691 8.509238,39.041955 8.488081,39.038667 8.473107,39.013792 8.467629,38.967317 8.457509,38.955149 8.460546,38.954982 8.472037,38.943906 8.473114,38.940942 8.466902,38.922811 8.465061,38.921418 8.448098,38.916404 8.431847,38.922678 8.430724,38.923711 8.427585,38.940857 8.424565,38.939549 8.406798,38.938114 8.39314,38.94719 8.340076,39.02942 8.338108,39.033755 8.326506,39.075345 8.331181,39.08759 8.330815,39.088092 8.329992,39.102717 8.328317,39.096929 8.319863,39.086544 8.307602,39.079135 8.292498,39.075409 8.273549,39.076128 8.261692,39.079268 8.234566,39.093907 8.224703,39.106992 8.227393,39.113152 8.223096,39.117685 8.223329,39.124622 8.207794,39.131835 8.198242,39.140501 8.197232,39.151963 8.20145,39.16481 8.213035,39.176336 8.224086,39.180919 8.229745,39.182562 8.242743,39.184873 8.249266,39.191397 8.268475,39.198303 8.288383,39.197553 8.294346,39.20129 8.31026,39.205199 8.325331,39.199631 8.331659,39.187506 8.332806,39.140621 8.33345,39.13937 8.332876,39.13774 8.333386,39.116853 8.332814,39.112469 8.330722,39.105242 8.338753,39.110176 8.349243,39.125449 8.360339,39.130346 8.378469,39.131825 8.39224,39.122438 8.393171,39.120917 8.414225,39.125127 8.414391,39.131928 8.399005,39.134941 8.389788,39.145537 8.379021,39.180508 8.372834,39.183088 8.351229,39.201545 8.346154,39.210853 8.337919,39.214943 8.33581,39.219699 8.334912,39.219383 8.334328,39.220416 8.334131,39.223482 8.332925,39.226201 8.332925,39.22674 8.333923,39.226742 8.333494,39.233443 8.343996,39.243553 8.356105,39.244994 8.407653,39.282141 8.413199,39.292121 8.410961,39.302548 8.402309,39.309445 8.398357,39.315696 8.383978,39.319375 8.375639,39.32978 8.376078,39.332386 8.373731,39.33654 8.373648,39.337429 8.363898,39.345634 8.363107,39.358046 8.359506,39.360125 8.350161,39.373626 8.35741,39.387924 8.360542,39.38873 8.363613,39.398652 8.371625,39.408533 8.384074,39.416364 8.389055,39.42683 8.388698,39.430679 8.367066,39.441139 8.357587,39.450164 8.357131,39.461862 8.362696,39.476057 8.365962,39.481245 8.425689,39.546978 8.445997,39.598134 8.427676,39.627327 8.426051,39.639854 8.434046,39.663936 8.424236,39.674334 8.419723,39.684815 8.423859,39.695402 8.429003,39.701196 8.424455,39.70376 8.423282,39.719247 8.425414,39.723375 8.42048,39.756265 8.424697,39.768959 8.435341,39.780504 8.454491,39.788055 8.473375,39.78016 8.491913,39.75892 8.49513,39.765261 8.511016,39.778372 8.528639,39.832207 8.53325,39.837739 8.532042,39.845673 8.531975,39.845686 8.523981,39.850356 8.515011,39.861863 8.518205,39.87316 8.518011,39.874924 8.518655,39.876338 8.507245,39.886226 8.492821,39.884287 8.483143,39.885688 8.482771,39.885698 8.4635,39.871613 8.457901,39.853723 8.448616,39.843146 8.432685,39.839982 8.418068,39.845814 8.412069,39.857726 8.411782,39.875874 8.403439,39.88169 8.391027,39.882704 8.379959,39.891816 8.374521,39.901741 8.372918,39.911535 8.378994,39.942935 8.369079,39.970748 8.371903,39.985346 8.388471,40.005495 8.389326,40.012202 8.382482,40.011216 8.365374,40.01392 8.355507,40.025102 8.353663,40.031614 8.36093,40.049034 8.383703,40.064803 8.400015,40.069393 8.415167,40.06422 8.421826,40.067414 8.437205,40.06996 8.443579,40.069295 8.466459,40.08764 8.467315,40.099416 8.438855,40.143143 8.436432,40.152799 8.437748,40.165046 8.436531,40.166471 8.434361,40.183234 8.443797,40.201333 8.438665,40.226944 8.440015,40.236355 8.459299,40.274257 8.45185,40.278591 8.451291,40.288049 8.445879,40.300622 8.429893,40.304664 8.414713,40.316801 8.414605,40.317087 8.379941,40.32088 8.363168,40.329473 8.361249,40.344966 8.361445,40.345382 8.359389,40.347618 8.355206,40.360047 8.362757,40.371503 8.368489,40.375526 8.376572,40.402155 8.375061,40.426569 8.354313,40.479097 8.346983,40.483138 8.346545,40.483009 8.327764,40.483693 8.31568,40.494782 8.300036,40.535742 8.300147,40.536539 8.284985,40.556181 8.283446,40.570243 8.273453,40.564057 8.266142,40.563893 8.265656,40.562916 8.257201,40.554559 8.244132,40.551263 8.203989,40.550634 8.187099,40.555778 8.184579,40.560381 8.176504,40.548282 8.15729,40.5448 8.141428,40.553814 8.140859,40.554613 8.134103,40.55757 8.128665,40.569535 8.128709,40.571107 8.129068,40.57189 8.126914,40.577316 8.125597,40.58829 8.11493,40.598311 8.118842,40.613464 8.121042,40.615755 8.122257,40.616123 8.122138,40.617111 8.123134,40.619584 8.122424,40.622129 8.124084,40.629091 8.130526,40.638582 8.140734,40.642774 8.156847,40.65152 8.165098,40.652584 8.171807,40.676507 8.168276,40.677296 8.153377,40.687281 8.144545,40.702503 8.117938,40.717214 8.108185,40.731087 8.116337,40.745584 8.137545,40.759651 8.142665,40.768816 8.138683,40.793327 8.147006,40.809483</coordinates></LinearRing></outerBoundaryIs><innerBoundaryIs><LinearRing><coordinates>8.50118,40.312546 8.517715,40.309435 8.527132,40.298483 8.524455,40.285481 8.511104,40.277304 8.507408,40.276425 8.507492,40.275824 8.505992,40.267238 8.485846,40.2277 8.490976,40.202001 8.489542,40.192441 8.481797,40.177609 8.482913,40.173134 8.484959,40.16817 8.483527,40.15494 8.511809,40.111435 8.514264,40.102267 8.512549,40.078911 8.505997,40.06732 8.476846,40.043959 8.480567,40.03789 8.47783,40.029435 8.482265,40.029311 8.483747,40.028817 8.495779,40.019633 8.496625,40.00702 8.508204,40.011046 8.511349,40.011136 8.516491,40.0096 8.522203,40.013168 8.528552,40.01478 8.535249,40.017385 8.548323,40.018149 8.555184,40.017758 8.582634,40.012951 8.596536,40.005721 8.600596,39.993106 8.592723,39.981618 8.576984,39.977183 8.566889,39.977335 8.564186,39.977041 8.549508,39.979203 8.547525,39.980074 8.538804,39.971072 8.534646,39.968968 8.532316,39.957139 8.533537,39.953443 8.534313,39.953179 8.548226,39.937298 8.548717,39.927192 8.544567,39.916163 8.541324,39.91253 8.552173,39.915822 8.56971,39.907675 8.571551,39.905474 8.57487,39.89533 8.577061,39.896648 8.591135,39.900433 8.605261,39.896803 8.620884,39.887652 8.62467,39.88889 8.634913,39.88889 8.649858,39.884648 8.657784,39.873913 8.654983,39.861711 8.64277,39.853756 8.63838,39.852517 8.638601,39.851587 8.632033,39.844212 8.639557,39.839535 8.64059,39.838322 8.644199,39.825622 8.635949,39.814301 8.620102,39.810199 8.619124,39.810235 8.615848,39.80922 8.611717,39.809399 8.604669,39.812452 8.60076,39.809666 8.591779,39.806882 8.587278,39.806878 8.585508,39.805594 8.567949,39.799801 8.565998,39.799936 8.564407,39.795085 8.570012,39.783354 8.569967,39.781602 8.563848,39.769706 8.563206,39.769159 8.561457,39.763348 8.536359,39.734075 8.538483,39.733388 8.539916,39.730675 8.542794,39.728764 8.544358,39.726378 8.554529,39.727366 8.556644,39.725943 8.558886,39.72604 8.562075,39.725186 8.572397,39.719617 8.573969,39.718134 8.574384,39.715362 8.575547,39.715297 8.583631,39.709352 8.583824,39.709318 8.598009,39.701643 8.601452,39.688432 8.59225,39.677009 8.575508,39.673705 8.573802,39.673885 8.572886,39.673996 8.570596,39.67431 8.568375,39.675224 8.568164,39.675161 8.519444,39.675475 8.502303,39.681561 8.498785,39.690251 8.47774,39.700223 8.477456,39.696806 8.473357,39.687635 8.471407,39.68544 8.47793,39.678519 8.481687,39.663232 8.47306,39.637307 8.49164,39.607665 8.492951,39.594312 8.468767,39.533502 8.465506,39.528354 8.407266,39.464307 8.42304,39.456674 8.433921,39.442591 8.435487,39.425568 8.434081,39.417911 8.425093,39.399048 8.41788,39.39123 8.406606,39.384141 8.404826,39.378403 8.411917,39.370715 8.412033,39.359698 8.411519,39.358396 8.41487,39.354438 8.418987,39.354048 8.432312,39.349034 8.439006,39.338688 8.44048,39.330685 8.448924,39.32395 8.45522,39.31426 8.459794,39.292879 8.458177,39.282602 8.447931,39.264189 8.444357,39.261482 8.44227,39.257975 8.391037,39.221074 8.395097,39.217604 8.398462,39.217362 8.398536,39.218126 8.3993,39.218081 8.404169,39.216952 8.405684,39.216843 8.407081,39.216276 8.408576,39.21593 8.409205,39.21566 8.419809,39.205947 8.419741,39.202138 8.420079,39.201039 8.424619,39.201147 8.425832,39.200563 8.432631,39.191573 8.438415,39.186764 8.437743,39.184055 8.457372,39.1754 8.459079,39.172974 8.460884,39.158732 8.459585,39.157545 8.46096,39.15504 8.460493,39.13644 8.460514,39.136445 8.477882,39.135182 8.489101,39.124668 8.497548,39.10384 8.498774,39.103885 8.501899,39.102982 8.510733,39.104999 8.526606,39.097188 8.535775,39.086443 8.542041,39.085946 8.557389,39.079499 8.558963,39.075533 8.559389,39.075395 8.562173,39.070258 8.56338,39.069998 8.569804,39.068426 8.578716,39.062398 8.583545,39.063668 8.588801,39.062724 8.604171,39.053244 8.604631,39.040427 8.609439,39.028309 8.609447,39.028239 8.612754,39.022618 8.611527,39.005541 8.610314,39.003969 8.605189,39.001047 8.624507,38.994661 8.626801,38.986224 8.637378,38.983391 8.641917,38.980257 8.649057,38.978555 8.65765,38.968758 8.65667,38.956852 8.653884,38.951642 8.644415,38.943813 8.645476,38.940692 8.644523,38.92184 8.654505,38.929225 8.669353,38.930287 8.678075,38.92859 8.695497,38.935093 8.695179,38.935469 8.694774,38.938029 8.697185,38.948651 8.706803,38.956318 8.708195,38.956902 8.726794,38.957923 8.731064,38.954658 8.732649,38.954584 8.783591,38.930054 8.785962,38.927483 8.790044,38.925583 8.79533,38.920033 8.803263,38.922539 8.818209,38.918591 8.82546,38.909133 8.828747,38.908925 8.844574,38.899115 8.848181,38.903222 8.851191,38.904614 8.852193,38.904734 8.853052,38.906084 8.862953,38.914027 8.87685,38.91589 8.877804,38.91578 8.973933,38.984989 8.975175,38.993496 8.986145,39.00198 8.998904,39.006653 9.002135,39.006831 9.002619,39.007195 9.001112,39.018414 9.003164,39.028038 9.018801,39.054314 8.997997,39.075939 8.993658,39.08382 8.985741,39.12011 8.987491,39.130725 8.997825,39.148536 8.997142,39.148801 8.985582,39.159114 8.986563,39.172861 8.99421,39.178317 8.995025,39.18056 8.990507,39.186866 8.990042,39.193007 8.987111,39.1964 8.985942,39.196847 8.985383,39.198401 8.979274,39.20547 8.97842,39.209468 8.979845,39.21367 8.978908,39.216913 8.97985,39.220282 8.981063,39.221687 8.981232,39.223827 8.984913,39.230655 8.988747,39.233804 8.989045,39.234915 8.990501,39.235446 8.989429,39.238706 8.984396,39.247834 8.984351,39.248687 8.987934,39.256695 8.986072,39.260862 8.988821,39.264146 8.975243,39.268109 8.974299,39.268782 8.972751,39.271136 8.969624,39.272301 8.967423,39.274232 8.9616,39.287563 8.963001,39.289741 8.962895,39.290171 8.968297,39.297976 8.969697,39.300152 8.969895,39.300284 8.970348,39.300938 8.984807,39.305522 8.989255,39.305657 9.004848,39.301498 9.007527,39.297751 9.01327,39.294466 9.01637,39.284982 9.034149,39.285535 9.045353,39.283638 9.058831,39.278336 9.070791,39.266736 9.069632,39.261391 9.08783,39.262388 9.101265,39.252376 9.113493,39.229505 9.118447,39.227949 9.118011,39.23281 9.122919,39.242412 9.120685,39.250042 9.12073,39.250177 9.130351,39.260729 9.146468,39.263517 9.152428,39.260856 9.154668,39.261703 9.156421,39.261838 9.163897,39.259125 9.173723,39.258188 9.176913,39.257065 9.188187,39.248482 9.188374,39.247095 9.192402,39.249539 9.195412,39.250123 9.197279,39.249814 9.198307,39.250167 9.213406,39.251083 9.224862,39.248702 9.236,39.242051 9.253995,39.23425 9.268268,39.233359 9.275192,39.24297 9.295141,39.245325 9.309779,39.234416 9.311171,39.231496 9.310789,39.224985 9.31546,39.222633 9.321178,39.222577 9.338463,39.216157 9.359537,39.196505 9.376678,39.192004 9.385459,39.187787 9.409174,39.169547 9.415365,39.157252 9.439056,39.150291 9.447296,39.144231 9.476728,39.152749 9.491691,39.152988 9.510111,39.148316 9.518635,39.14265 9.521589,39.145191 9.540078,39.151034 9.540128,39.151031 9.547148,39.175209 9.550829,39.17946 9.542692,39.191058 9.540544,39.204328 9.563878,39.275838 9.56658,39.278669 9.567571,39.281992 9.588543,39.304948 9.589975,39.305583 9.587503,39.305352 9.573493,39.314578 9.56834,39.322639 9.557963,39.325589 9.550288,39.337505 9.555094,39.350319 9.561164,39.353111 9.558671,39.361996 9.568754,39.370824 9.572181,39.381569 9.581421,39.386414 9.58237,39.389999 9.584894,39.395256 9.585037,39.395454 9.582485,39.400912 9.58407,39.414755 9.581906,39.41541 9.569401,39.424485 9.568234,39.437821 9.579046,39.44816 9.595061,39.44978 9.598085,39.454917 9.611326,39.46033 9.620432,39.46142 9.621416,39.480891 9.617022,39.484011 9.609427,39.497272 9.609242,39.513352 9.60974,39.517258 9.609957,39.518063 9.608341,39.521052 9.613484,39.531149 9.617635,39.546544 9.624267,39.555884 9.63139,39.561228 9.634429,39.599605 9.62439,39.649108 9.627798,39.661759 9.637095,39.673034 9.636578,39.696187 9.648154,39.711439 9.650534,39.721562 9.646887,39.764335 9.64711,39.764849 9.646746,39.765533 9.646739,39.785386 9.647749,39.78729 9.647283,39.789135 9.660874,39.841914 9.664599,39.84871 9.668742,39.853337 9.6631,39.860082 9.659331,39.870146 9.659768,39.904642 9.663051,39.913741 9.666459,39.918188 9.66467,39.917958 9.656992,39.91935 9.641389,39.928997 9.641109,39.944507 9.648786,39.957579 9.653941,39.961311 9.657626,39.965368 9.660742,39.966898 9.660438,39.97854 9.663815,39.981597 9.663781,39.984233 9.665322,39.990891 9.708785,40.078963 9.678146,40.092269 9.670113,40.098038 9.651482,40.119753 9.637697,40.130196 9.631306,40.138931 9.623903,40.162904 9.609141,40.182126 9.605916,40.190064 9.600325,40.249262 9.601017,40.255144 9.609722,40.281017 9.612599,40.286143 9.650185,40.332009 9.651683,40.332823 9.652171,40.334004 9.666192,40.346819 9.666146,40.350124 9.670007,40.358299 9.676475,40.365641 9.685593,40.371885 9.687139,40.372338 9.684407,40.376155 9.688564,40.389015 9.702105,40.395814 9.702022,40.396037 9.702831,40.396217 9.702921,40.396224 9.702956,40.396242 9.703809,40.396376 9.70383,40.396296 9.711093,40.396871 9.713385,40.396736 9.714736,40.396229 9.715687,40.396446 9.71672,40.396311 9.719071,40.39573 9.723809,40.396275 9.730159,40.39539 9.744971,40.402876 9.749444,40.428203 9.753295,40.435943 9.763153,40.447116 9.762275,40.448228 9.76043,40.456448 9.764648,40.470257 9.780485,40.477479 9.786617,40.476163 9.804114,40.515446 9.804161,40.520054 9.787425,40.528638 9.784604,40.528574 9.782718,40.529023 9.767734,40.539805 9.767105,40.541062 9.766346,40.552286 9.768853,40.555237 9.768229,40.56117 9.744568,40.573285 9.736347,40.582527 9.733752,40.584562 9.73389,40.587038 9.733803,40.58734 9.728495,40.605868 9.718439,40.608324 9.709791,40.617872 9.710491,40.629499 9.712735,40.633901 9.717819,40.637621 9.716492,40.638329 9.712328,40.650399 9.719326,40.661671 9.721841,40.663558 9.72642,40.66564 9.728498,40.671117 9.72242,40.680203 9.706845,40.682149 9.697076,40.696479 9.69703,40.698321 9.698153,40.700522 9.691941,40.711995 9.694047,40.723781 9.689005,40.730288 9.689115,40.744427 9.664004,40.75966 9.657851,40.768121 9.651885,40.768178 9.639549,40.776635 9.637494,40.78923 9.639109,40.794431 9.634019,40.808106 9.647425,40.821058 9.65451,40.823519 9.654541,40.823553 9.654421,40.82406 9.656729,40.835169 9.650838,40.837619 9.64884,40.837416 9.643092,40.838853 9.634157,40.845153 9.63393,40.845233 9.633876,40.845352 9.628658,40.84903 9.628941,40.856246 9.627853,40.858648 9.627898,40.859142 9.628667,40.860062 9.621208,40.86456 9.617892,40.870195 9.606365,40.873798 9.600939,40.878554 9.600754,40.878413 9.585234,40.877097 9.580235,40.877979 9.568666,40.877221 9.55657,40.882409 9.552034,40.886046 9.550106,40.889349 9.540044,40.885557 9.539011,40.885512 9.520575,40.89109 9.518867,40.894929 9.51245,40.893703 9.49586,40.895189 9.493912,40.896851 9.493317,40.89689 9.489064,40.900923 9.479145,40.902884 9.470964,40.917588 9.481211,40.931521 9.481378,40.931609 9.481662,40.936417 9.496377,40.945768 9.521402,40.951205 9.544149,40.946911 9.547612,40.944389 9.549142,40.952703 9.565398,40.969253 9.561777,40.974108 9.560164,40.98715 9.549656,40.986095 9.535718,40.993365 9.535008,40.995556 9.528223,40.992962 9.508825,40.990896 9.491686,40.994156 9.482277,41.005579 9.485843,41.018805 9.501839,41.037228 9.499783,41.05068 9.507349,41.062118 9.507384,41.064467 9.505647,41.067415 9.507484,41.071113 9.507545,41.075162 9.519352,41.09623 9.525781,41.101485 9.520282,41.104937 9.517045,41.116641 9.51759,41.119848 9.510463,41.12351 9.507024,41.119706 9.491155,41.119023 9.488883,41.113053 9.472949,41.100336 9.472851,41.097233 9.469595,41.091249 9.474278,41.085861 9.474502,41.085188 9.47116,41.070595 9.454661,41.062794 9.45246,41.062569 9.436307,41.065383 9.426523,41.075589 9.426208,41.076442 9.427558,41.082088 9.426029,41.08292 9.421043,41.088534 9.416976,41.098036 9.415708,41.125165 9.416578,41.128114 9.415835,41.128527 9.408676,41.13907 9.403337,41.139417 9.402838,41.139622 9.402571,41.13956 9.387633,41.144462 9.380351,41.155549 9.380081,41.157346 9.381108,41.160406 9.378344,41.160995 9.37003,41.166756 9.362157,41.166268 9.350699,41.174889 9.347601,41.171061 9.33262,41.167065 9.318902,41.170822 9.304986,41.169253 9.303033,41.170195 9.297965,41.167514 9.295049,41.168263 9.283233,41.166217 9.268823,41.171833 9.249554,41.187596 9.243272,41.198396 9.247089,41.209851 9.255338,41.219413 9.253346,41.223693 9.232154,41.227816 9.225644,41.233261 9.209012,41.220487 9.192058,41.215126 9.186975,41.216761 9.179566,41.199617 9.191949,41.182842 9.19016,41.163042 9.171787,41.144585 9.15313,41.137421 9.137505,41.137289 9.132969,41.128612 9.119691,41.118491 9.095442,41.111127 9.0875,41.109853 9.061008,41.109134 9.043026,41.114712 9.041656,41.115806 9.028983,41.111037 9.004144,41.077499 8.999861,41.0733 8.975643,41.05566 8.938418,41.022329 8.915185,41.016407 8.913395,41.016714 8.909614,41.013777 8.909922,41.009311 8.898189,41.002559 8.898215,40.995732 8.884646,40.975882 8.882006,40.972821 8.849542,40.942366 8.848176,40.933863 8.847143,40.93265 8.840336,40.9294 8.837561,40.926148 8.816813,40.915191 8.807933,40.913615 8.785142,40.90158 8.77889,40.900552 8.772336,40.898293 8.706943,40.896742 8.652837,40.870497 8.646983,40.857848 8.640893,40.8507 8.620277,40.835836 8.613307,40.83235 8.537236,40.807563 8.530058,40.806186 8.518973,40.805436 8.51833,40.80399 8.50256,40.797789 8.48626,40.796666 8.480873,40.796769 8.477214,40.797162 8.469666,40.797089 8.452967,40.802181 8.452542,40.802933 8.444535,40.804548 8.409805,40.822899 8.40154,40.822679 8.389187,40.81968 8.377423,40.820578 8.376071,40.821085 8.370197,40.818447 8.356457,40.818986 8.347899,40.821726 8.347834,40.821703 8.347112,40.821978 8.345613,40.822458 8.343047,40.822073 8.318081,40.825755 8.315221,40.827201 8.300624,40.826208 8.292332,40.832972 8.290267,40.831489 8.268902,40.834951 8.260593,40.840204 8.25203,40.853839 8.251844,40.862517 8.244526,40.868523 8.242629,40.869615 8.242561,40.868065 8.239131,40.859253 8.21398,40.827545 8.211412,40.81013 8.203043,40.798232 8.187092,40.788045 8.190255,40.768484 8.188519,40.759113 8.178722,40.741598 8.172447,40.735019 8.169723,40.733214 8.177286,40.729029 8.185012,40.721731 8.191984,40.709704 8.209639,40.705754 8.226155,40.691766 8.227994,40.684265 8.225422,40.672105 8.217177,40.666589 8.207978,40.633868 8.216018,40.63217 8.23034,40.623501 8.239993,40.61007 8.241017,40.600615 8.254439,40.601447 8.255796,40.603078 8.265819,40.608607 8.265983,40.609256 8.276011,40.62086 8.293775,40.623563 8.303142,40.618686 8.319153,40.617487 8.330551,40.606353 8.329673,40.60153 8.33033,40.601085 8.338154,40.589371 8.335368,40.581656 8.339724,40.57454 8.34026,40.566096 8.337217,40.559404 8.342698,40.552295 8.343598,40.547464 8.345121,40.546011 8.355383,40.519099 8.36411,40.518235 8.388143,40.504981 8.396916,40.495556 8.420792,40.435005 8.421779,40.4306 8.423565,40.401404 8.422968,40.396407 8.412446,40.361824 8.407375,40.355172 8.407502,40.354437 8.436222,40.351289 8.455386,40.338432 8.456258,40.336106 8.471695,40.332201 8.486595,40.320736 8.490589,40.311444 8.50118,40.312546</coordinates></LinearRing></innerBoundaryIs><innerBoundaryIs><LinearRing><coordinates>8.641737,38.91239 8.641854,38.912396 8.641928,38.912765 8.641737,38.91239</coordinates></LinearRing></innerBoundaryIs><innerBoundaryIs><LinearRing><coordinates>8.311861,41.077475 8.311653,41.08534 8.314338,41.088077 8.31155,41.090313 8.306037,41.087915 8.308677,41.080411 8.308431,41.078328 8.311861,41.077475</coordinates></LinearRing></innerBoundaryIs><innerBoundaryIs><LinearRing><coordinates>8.20613,40.939455 8.206562,40.940346 8.205998,40.939461 8.20613,40.939455</coordinates></LinearRing></innerBoundaryIs><innerBoundaryIs><LinearRing><coordinates>9.379738,41.273929 9.3755,41.27198 9.36808,41.264755 9.364695,41.263249 9.371424,41.257733 9.374995,41.251203 9.376889,41.252382 9.37586,41.257864 9.381199,41.271595 9.379738,41.273929</coordinates></LinearRing></innerBoundaryIs><innerBoundaryIs><LinearRing><coordinates>8.380269,39.082584 8.374428,39.073542 8.374133,39.073316 8.382325,39.043874 8.423127,38.980602 8.427777,39.020279 8.4299,39.026387 8.43604,39.036602 8.435293,39.038095 8.436684,39.053702 8.44059,39.059138 8.442261,39.060253 8.437073,39.072416 8.432862,39.074889 8.420658,39.08005 8.414646,39.085622 8.41106,39.085905 8.409821,39.086867 8.386221,39.082144 8.380269,39.082584</coordinates></LinearRing></innerBoundaryIs><innerBoundaryIs><LinearRing><coordinates>8.285626,39.112259 8.277545,39.125212 8.278911,39.127799 8.27857,39.128705 8.280833,39.143103 8.286553,39.150717 8.286285,39.16134 8.278037,39.161652 8.273799,39.157415 8.260755,39.150933 8.258289,39.150495 8.261569,39.14897 8.271551,39.139397 8.271413,39.129953 8.279996,39.118657 8.278127,39.114366 8.282343,39.11209 8.285542,39.111969 8.285626,39.112259</coordinates></LinearRing></innerBoundaryIs><innerBoundaryIs><LinearRing><coordinates>8.46179,39.993715 8.455252,39.999312 8.447549,39.991559 8.433079,39.984771 8.42741,39.985656 8.41674,39.972691 8.425188,39.948942 8.425768,39.94141 8.420719,39.915417 8.426379,39.914337 8.434912,39.922253 8.445469,39.924807 8.438954,39.935707 8.440749,39.953447 8.458161,39.973595 8.459523,39.985222 8.462085,39.986499 8.462097,39.986688 8.469222,39.992989 8.463855,39.992996 8.46179,39.993715</coordinates></LinearRing></innerBoundaryIs></Polygon><Polygon><outerBoundaryIs><LinearRing><coordinates>5.221857,43.180347 5.20821,43.187735 5.204383,43.199889 5.204607,43.201192 5.212763,43.21251 5.229054,43.217041 5.230402,43.217041 5.241172,43.215208 5.242295,43.214804 5.254414,43.20499 5.254083,43.19171 5.241488,43.182156 5.238793,43.181258 5.221857,43.180347</coordinates></LinearRing></outerBoundaryIs></Polygon><Polygon><outerBoundaryIs><LinearRing><coordinates>9.92552,43.416218 9.91094,43.40414 9.889009,43.40542 9.8763,43.411032 9.865914,43.420223 9.865624,43.432155 9.869169,43.440016 9.879173,43.449503 9.895086,43.452307 9.908789,43.451273 9.92655,43.443562 9.930062,43.428659 9.92552,43.416218</coordinates></LinearRing></outerBoundaryIs></Polygon><Polygon><outerBoundaryIs><LinearRing><coordinates>4.322386,43.625183 4.327902,43.625941 4.32943,43.625762 4.330648,43.625239 4.335538,43.625306 4.336841,43.624991 4.337336,43.624705 4.352643,43.617364 4.356368,43.603785 4.345784,43.592242 4.344032,43.591389 4.328013,43.588415 4.324305,43.589665 4.32329,43.589554 4.320425,43.588586 4.311803,43.588047 4.298203,43.590053 4.292365,43.592298 4.279619,43.605054 4.285596,43.620282 4.305708,43.626266 4.321478,43.625502 4.322386,43.625183</coordinates></LinearRing></outerBoundaryIs></Polygon><Polygon><outerBoundaryIs><LinearRing><coordinates>12.286812,45.331948 12.287311,45.348331 12.292476,45.355113 12.292476,45.328906 12.286812,45.331948</coordinates></LinearRing></outerBoundaryIs></Polygon><Polygon><outerBoundaryIs><LinearRing><coordinates>12.172276,44.74836 12.172553,44.73536 12.160538,44.725619 12.142479,44.724198 12.13727,44.725186 12.120573,44.73546 12.118775,44.738424 12.118519,44.752346 12.132208,44.762233 12.136296,44.763446 12.155713,44.763415 12.169358,44.753526 12.172276,44.74836</coordinates></LinearRing></outerBoundaryIs></Polygon><Polygon><outerBoundaryIs><LinearRing><coordinates>12.178961,44.882119 12.185634,44.883444 12.203358,44.874496 12.204216,44.865529 12.204585,44.865087 12.204328,44.864364 12.204637,44.861139 12.205014,44.860245 12.204813,44.859292 12.204837,44.859049 12.204717,44.858832 12.204249,44.856607 12.203674,44.856669 12.20414,44.853018 12.202657,44.84956 12.18979,44.838718 12.177817,44.838235 12.174772,44.837641 12.173436,44.838058 12.169908,44.837915 12.16715,44.839762 12.163458,44.839791 12.160094,44.842222 12.159351,44.842453 12.158543,44.842992 12.158242,44.84356 12.14993,44.849564 12.148716,44.851674 12.146823,44.858519 12.146822,44.859956 12.15785,44.874844 12.158167,44.874869 12.160488,44.877968 12.163887,44.878765 12.164737,44.879293 12.17396,44.881126 12.178324,44.882148 12.178961,44.882119</coordinates></LinearRing></outerBoundaryIs></Polygon><Polygon><outerBoundaryIs><LinearRing><coordinates>12.283691,45.539513 12.290854,45.554328 12.292427,45.555451 12.292476,45.555467 12.292476,45.529858 12.283691,45.539513</coordinates></LinearRing></outerBoundaryIs></Polygon><Polygon><outerBoundaryIs><LinearRing><coordinates>12.292299,44.256394 12.29201,44.257012 12.290625,44.257597 12.288307,44.260122 12.287949,44.260249 12.28413,44.263977 12.279511,44.277438 12.280698,44.278845 12.278668,44.281039 12.274607,44.291604 12.27293,44.291632 12.269517,44.29262 12.258191,44.299162 12.254597,44.302934 12.254283,44.304256 12.252021,44.305538 12.248741,44.309535 12.248245,44.313435 12.239311,44.317586 12.2289,44.327512 12.22413,44.328861 12.216726,44.342157 12.216761,44.343119 12.212447,44.351919 12.218247,44.363207 12.21573,44.365331 12.215254,44.377334 12.225348,44.38688 12.226388,44.38737 12.22401,44.388461 12.219318,44.401136 12.223997,44.407543 12.223662,44.407804 12.213847,44.405883 12.197502,44.412177 12.191611,44.424824 12.199399,44.436913 12.216477,44.44853 12.217956,44.452913 12.214694,44.454536 12.210565,44.467171 12.213634,44.483145 12.213611,44.485601 12.212399,44.488336 12.213529,44.494457 12.213505,44.49706 12.21418,44.497984 12.21431,44.498688 12.214278,44.498689 12.201062,44.508442 12.201064,44.51185 12.196669,44.516623 12.197038,44.518236 12.196009,44.518952 12.195638,44.521115 12.181338,44.520337 12.166855,44.528888 12.164631,44.54225 12.16953,44.546914 12.168568,44.547651 12.168451,44.549505 12.166543,44.55303 12.168059,44.555728 12.16778,44.560159 12.172707,44.571217 12.143095,44.596933 12.138801,44.602342 12.126305,44.627312 12.127022,44.640773 12.138955,44.659855 12.138911,44.660858 12.15201,44.670901 12.156406,44.672334 12.154737,44.679296 12.141703,44.683516 12.129282,44.692257 12.127732,44.70467 12.137799,44.714827 12.154677,44.717873 12.172964,44.716481 12.18665,44.71227 12.200104,44.704064 12.201158,44.703672 12.214265,44.705517 12.216849,44.706512 12.220493,44.741228 12.215633,44.742446 12.213639,44.744878 12.204478,44.748477 12.202867,44.75143 12.201195,44.750917 12.198905,44.750334 12.182186,44.750282 12.16908,44.757721 12.166016,44.767301 12.161742,44.777556 12.164386,44.792098 12.166363,44.794409 12.158632,44.792588 12.150802,44.781819 12.149005,44.780651 12.129686,44.776048 12.111887,44.783151 12.111348,44.784785 12.109516,44.785692 12.104645,44.796969 12.104689,44.797912 12.113032,44.810699 12.124942,44.813603 12.127447,44.820962 12.144346,44.827006 12.145358,44.827925 12.152271,44.832263 12.156179,44.833926 12.165377,44.834925 12.182346,44.83821 12.189939,44.837536 12.206782,44.830697 12.209312,44.828371 12.222211,44.827703 12.22886,44.825277 12.230564,44.824311 12.233433,44.825574 12.264515,44.852407 12.26292,44.853762 12.261617,44.856411 12.260189,44.862383 12.260187,44.865887 12.260233,44.866975 12.260456,44.869625 12.260932,44.870356 12.258317,44.884886 12.258165,44.888359 12.259077,44.898299 12.256194,44.906869 12.259172,44.919484 12.255201,44.918909 12.245114,44.910553 12.239514,44.909078 12.233339,44.906116 12.228478,44.906169 12.222153,44.904501 12.192024,44.907779 12.176706,44.913799 12.173625,44.919597 12.173267,44.919625 12.166969,44.92157 12.160953,44.92073 12.149346,44.912502 12.130213,44.912421 12.117505,44.916058 12.104782,44.924063 12.094717,44.936996 12.091674,44.943881 12.090957,44.948783 12.0825,44.955676 12.082334,44.968201 12.093666,44.977767 12.111025,44.979757 12.11772,44.978813 12.133289,44.971729 12.137376,44.96773 12.140941,44.96279 12.1456,44.952785 12.151238,44.955879 12.154507,44.956541 12.156335,44.95811 12.158986,44.958963 12.172914,44.960386 12.17561,44.960117 12.183798,44.958248 12.18537,44.957664 12.186703,44.956407 12.187823,44.956266 12.198978,44.946463 12.199959,44.944384 12.205454,44.945041 12.217269,44.9444 12.220366,44.94716 12.225651,44.949776 12.217456,44.964877 12.217905,44.966584 12.225144,44.974172 12.213527,44.991581 12.166574,45.007254 12.137415,44.998997 12.121955,44.99825 12.092242,45.00349 12.09063,45.003774 12.085539,45.004671 12.079222,45.007855 12.078269,45.008115 12.0781,45.00842 12.070429,45.012285 12.066608,45.025174 12.073734,45.033627 12.065844,45.036782 12.059974,45.048939 12.066973,45.060777 12.083291,45.066282 12.131052,45.068933 12.139537,45.06838 12.142862,45.067751 12.154203,45.063128 12.158156,45.060343 12.160599,45.058042 12.162804,45.061296 12.179521,45.066196 12.190929,45.063337 12.195628,45.070289 12.195651,45.070304 12.197172,45.073018 12.198439,45.073994 12.198321,45.075046 12.198814,45.076169 12.19952,45.077569 12.205593,45.088206 12.184015,45.093267 12.17951,45.096024 12.178865,45.096207 12.176985,45.096622 12.176603,45.096848 12.174073,45.097565 12.165629,45.103403 12.15795,45.115726 12.164433,45.128378 12.181463,45.134292 12.199526,45.130164 12.205835,45.126436 12.218748,45.123404 12.225103,45.124485 12.225078,45.124631 12.225976,45.126967 12.23464,45.135059 12.233497,45.138434 12.232934,45.138434 12.232934,45.139602 12.232971,45.140585 12.233016,45.141169 12.240286,45.152837 12.242017,45.1534 12.242195,45.157999 12.238525,45.158866 12.231321,45.167592 12.227265,45.168864 12.22141,45.169287 12.218318,45.170039 12.215992,45.17057 12.213193,45.172244 12.20277,45.158478 12.197772,45.155562 12.196669,45.152683 12.191683,45.147878 12.175299,45.140783 12.156589,45.143866 12.146248,45.155363 12.145843,45.156935 12.155044,45.17429 12.157534,45.175688 12.158571,45.176373 12.159903,45.178249 12.160127,45.178557 12.166413,45.187002 12.166814,45.187521 12.1709,45.192598 12.171249,45.19279 12.171113,45.193289 12.171337,45.193963 12.17139,45.194014 12.161637,45.200759 12.148713,45.198523 12.147007,45.198792 12.13006,45.207937 12.129791,45.208296 12.127975,45.215115 12.127856,45.215204 12.12199,45.224933 12.098682,45.232892 12.096727,45.234672 12.09093,45.237306 12.087362,45.243193 12.084771,45.24555 12.072062,45.289646 12.069718,45.292436 12.066682,45.305385 12.076857,45.316348 12.094852,45.319508 12.109984,45.313629 12.117449,45.323549 12.115806,45.327402 12.116326,45.328129 12.114409,45.329985 12.115998,45.340136 12.114534,45.342621 12.116959,45.34698 12.117377,45.348817 12.116428,45.356166 12.121222,45.368426 12.124945,45.370145 12.124622,45.373108 12.12191,45.375469 12.119797,45.380723 12.123837,45.396379 12.128787,45.398176 12.128965,45.398406 12.122913,45.400054 12.114746,45.412021 12.120392,45.424681 12.136792,45.43116 12.142049,45.431654 12.147663,45.431742 12.152538,45.431437 12.154938,45.431404 12.155672,45.43118 12.166026,45.43045 12.167317,45.430132 12.185875,45.428441 12.193444,45.430553 12.191463,45.432331 12.193096,45.445551 12.20395,45.452391 12.203095,45.459598 12.212834,45.480306 12.223993,45.490097 12.232187,45.491149 12.236059,45.497691 12.25647,45.502279 12.274674,45.494287 12.277315,45.491454 12.28878,45.493478 12.292101,45.493188 12.292476,45.493479 12.292476,45.414243 12.29221,45.414576 12.291871,45.414803 12.291993,45.414358 12.292413,45.409897 12.292138,45.406541 12.292476,45.407282 12.292476,45.403819 12.292016,45.4046 12.292006,45.404931 12.291916,45.403834 12.284266,45.391983 12.283056,45.39162 12.281335,45.381816 12.277376,45.37739 12.279048,45.356958 12.274411,45.345513 12.260692,45.338621 12.255691,45.33882 12.259795,45.333072 12.256949,45.326238 12.257201,45.325683 12.256093,45.324183 12.254494,45.320341 12.252713,45.319604 12.248636,45.314079 12.248983,45.31131 12.245442,45.308381 12.247244,45.302822 12.246275,45.298652 12.246347,45.298622 12.249177,45.296331 12.252551,45.288448 12.253058,45.288201 12.253273,45.286761 12.255261,45.282116 12.254157,45.280855 12.255302,45.273205 12.250437,45.269567 12.250002,45.266301 12.255905,45.263382 12.256187,45.263062 12.258649,45.261804 12.259368,45.256436 12.265589,45.251472 12.264355,45.241767 12.266485,45.242454 12.270104,45.250156 12.284389,45.312458 12.286375,45.317076 12.292476,45.326486 12.292476,44.785964 12.27252,44.755058 12.265841,44.691952 12.26611,44.690454 12.270558,44.689541 12.278073,44.673675 12.276114,44.664746 12.276504,44.664308 12.284583,44.642964 12.28508,44.642687 12.286131,44.638873 12.286613,44.637598 12.287015,44.636536 12.287395,44.63553 12.289859,44.629017 12.289895,44.628922 12.290161,44.628219 12.292476,44.626188 12.292476,44.371634 12.290631,44.371787 12.290059,44.371883 12.286207,44.369184 12.286209,44.369143 12.290394,44.369232 12.292476,44.370113 12.292476,44.255047 12.292299,44.256394</coordinates></LinearRing></outerBoundaryIs><innerBoundaryIs><LinearRing><coordinates>12.210332,44.605817 12.201583,44.617779 12.202093,44.619031 12.198971,44.618911 12.188249,44.62549 12.187854,44.625609 12.187762,44.625789 12.184739,44.627644 12.184681,44.628053 12.179459,44.62785 12.184659,44.617438 12.206844,44.598162 12.215773,44.601823 12.215063,44.604687 12.210332,44.605817</coordinates></LinearRing></innerBoundaryIs><innerBoundaryIs><LinearRing><coordinates>12.275217,45.001173 12.275213,45.011144 12.276632,45.013054 12.27661,45.013187 12.271397,45.012042 12.268315,45.012235 12.267599,45.012252 12.275453,45.000586 12.275217,45.001173</coordinates></LinearRing></innerBoundaryIs><innerBoundaryIs><LinearRing><coordinates>12.2296,45.033562 12.229978,45.035825 12.226863,45.033209 12.2296,45.033562</coordinates></LinearRing></innerBoundaryIs></Polygon><Polygon><outerBoundaryIs><LinearRing><coordinates>11.096057,42.277191 11.115495,42.280113 11.131323,42.271169 11.138462,42.261421 11.140825,42.248707 11.131308,42.238036 11.128414,42.23747 11.123657,42.226811 11.104939,42.221142 11.086999,42.228104 11.072893,42.241666 11.068042,42.255351 11.077864,42.267442 11.096057,42.277191</coordinates></LinearRing></outerBoundaryIs></Polygon><Polygon><outerBoundaryIs><LinearRing><coordinates>10.275571,42.306867 10.267618,42.31778 10.265059,42.329641 10.270037,42.350169 10.288155,42.364503 10.308104,42.368097 10.329455,42.364295 10.343245,42.355534 10.351711,42.340621 10.34977,42.317939 10.338567,42.303824 10.334731,42.303559 10.330825,42.298712 10.312831,42.295396 10.293163,42.297641 10.275571,42.306867</coordinates></LinearRing></outerBoundaryIs></Polygon><Polygon><outerBoundaryIs><LinearRing><coordinates>10.868094,42.335218 10.864233,42.335445 10.84768,42.341764 10.842003,42.354985 10.843749,42.370481 10.852817,42.383109 10.856932,42.383934 10.856863,42.388525 10.861751,42.399613 10.874713,42.406148 10.890331,42.405399 10.914411,42.39794 10.925955,42.390471 10.945847,42.365449 10.949197,42.355209 10.947053,42.350856 10.948248,42.349511 10.952162,42.33771 10.949954,42.321316 10.940142,42.308531 10.932058,42.30413 10.915958,42.300723 10.900746,42.305947 10.881028,42.320631 10.877577,42.323868 10.868094,42.335218</coordinates></LinearRing></outerBoundaryIs></Polygon><Polygon><outerBoundaryIs><LinearRing><coordinates>9.473889,42.114178 9.471733,42.113191 9.450685,42.111691 9.436165,42.123209 9.435715,42.124287 9.443245,42.143532 9.445176,42.144745 9.466664,42.148397 9.483129,42.137434 9.483803,42.136131 9.484156,42.123808 9.473889,42.114178</coordinates></LinearRing></outerBoundaryIs></Polygon><Polygon><outerBoundaryIs><LinearRing><coordinates>8.851378,41.970899 8.851557,41.969372 8.848271,41.961523 8.84605,41.951629 8.844837,41.950237 8.833471,41.943299 8.818869,41.942597 8.815771,41.943181 8.800228,41.952477 8.799316,41.967403 8.800438,41.969514 8.80426,41.972294 8.80712,41.979184 8.808962,41.980846 8.825276,41.987287 8.842856,41.983165 8.851378,41.970899</coordinates></LinearRing></outerBoundaryIs></Polygon><Polygon><outerBoundaryIs><LinearRing><coordinates>8.649837,42.528537 8.667639,42.533464 8.672602,42.533294 8.676822,42.53707 8.688176,42.540922 8.687931,42.542662 8.694631,42.553759 8.693375,42.553974 8.683434,42.563028 8.68304,42.574721 8.686002,42.581729 8.696673,42.591805 8.711453,42.598409 8.727009,42.600849 8.741252,42.595615 8.746624,42.587226 8.766569,42.586773 8.774894,42.578259 8.775276,42.578434 8.774384,42.587396 8.783098,42.596848 8.782339,42.598921 8.787362,42.615445 8.808587,42.621623 8.826052,42.620125 8.837201,42.626466 8.853151,42.628434 8.857614,42.63604 8.867337,42.64429 8.881686,42.646846 8.897011,42.646013 8.905126,42.652031 8.91122,42.654451 8.92194,42.661862 8.941042,42.661023 8.944187,42.659855 8.949371,42.655445 8.956734,42.653566 8.996592,42.661152 9.004262,42.660276 9.011537,42.665473 9.021101,42.669686 9.034048,42.672711 9.03401,42.695768 9.044631,42.710715 9.056074,42.711676 9.062308,42.721336 9.080893,42.731429 9.086588,42.732021 9.092644,42.737854 9.106449,42.744433 9.16198,42.753958 9.178488,42.752462 9.197843,42.745163 9.208167,42.749817 9.22659,42.75193 9.24162,42.743763 9.241866,42.742573 9.246912,42.737163 9.257379,42.736474 9.274701,42.729311 9.279054,42.715036 9.291427,42.708513 9.2948,42.70306 9.298125,42.705139 9.298017,42.716599 9.303868,42.728473 9.318943,42.741536 9.313848,42.760107 9.313694,42.766695 9.319083,42.790508 9.289451,42.823163 9.289191,42.84302 9.310265,42.867226 9.298675,42.890975 9.305059,42.910364 9.326266,42.924875 9.327222,42.936985 9.329856,42.941104 9.325651,42.950132 9.321275,42.952429 9.316277,42.962423 9.316142,42.964265 9.321793,42.976825 9.322574,42.97714 9.317409,42.98737 9.32318,43.006554 9.341191,43.019627 9.359166,43.024799 9.402427,43.023721 9.409837,43.02696 9.424231,43.029425 9.437918,43.025324 9.479199,43.000031 9.487198,42.990796 9.486484,42.979844 9.478153,42.963322 9.49107,42.944294 9.493642,42.93692 9.49668,42.88042 9.501871,42.87437 9.503167,42.868876 9.50565,42.863886 9.504366,42.840089 9.516082,42.811665 9.51527,42.799452 9.488964,42.752602 9.471007,42.685682 9.473987,42.665652 9.548161,42.574052 9.551459,42.566894 9.558,42.526199 9.557375,42.52461 9.558428,42.522563 9.562967,42.416111 9.562315,42.414824 9.562837,42.413494 9.556622,42.370869 9.583383,42.286667 9.584029,42.282056 9.579482,42.142549 9.579288,42.142175 9.580188,42.14028 9.57555,42.109603 9.574318,42.105598 9.570857,42.098277 9.568661,42.096531 9.567367,42.092264 9.517115,42.03854 9.516877,42.037749 9.44367,41.959224 9.437093,41.933306 9.436131,41.932205 9.438949,41.923542 9.425468,41.891588 9.424392,41.868598 9.424982,41.868236 9.426194,41.866484 9.428836,41.856727 9.4287,41.855424 9.427991,41.854407 9.429948,41.821301 9.428326,41.813915 9.418486,41.794932 9.41917,41.783335 9.422715,41.78081 9.430184,41.766674 9.424765,41.692924 9.414306,41.678968 9.416591,41.676924 9.417802,41.673555 9.413959,41.658073 9.411664,41.657161 9.41248,41.655242 9.407667,41.644507 9.388665,41.625422 9.378477,41.62172 9.378189,41.621448 9.377098,41.609629 9.376657,41.609298 9.385559,41.606397 9.392587,41.594263 9.386787,41.581758 9.382077,41.577631 9.39613,41.566796 9.397117,41.563742 9.395423,41.551581 9.385924,41.544521 9.385873,41.54439 9.377872,41.537246 9.3774,41.535663 9.365027,41.523552 9.344832,41.522965 9.342721,41.523638 9.328863,41.535929 9.324016,41.534589 9.307478,41.520074 9.307812,41.519643 9.306726,41.516469 9.307444,41.512917 9.304456,41.509832 9.304372,41.509588 9.305476,41.509062 9.310204,41.496734 9.30804,41.476342 9.299212,41.465814 9.300906,41.462867 9.291089,41.44896 9.275493,41.446839 9.270862,41.442828 9.282457,41.436949 9.285779,41.423073 9.281552,41.408791 9.277255,41.40179 9.266134,41.390706 9.271215,41.389886 9.283749,41.38436 9.295047,41.372573 9.291209,41.358282 9.283887,41.350423 9.280082,41.34859 9.282241,41.34667 9.283705,41.33599 9.282131,41.330016 9.273938,41.31961 9.258945,41.31547 9.243888,41.319455 9.233962,41.325517 9.225221,41.337627 9.23029,41.3509 9.23289,41.353372 9.231412,41.353126 9.228912,41.353425 9.224371,41.35134 9.183329,41.34658 9.16787,41.348777 9.157597,41.357821 9.152488,41.36768 9.145692,41.368276 9.141831,41.369735 9.132682,41.370914 9.117181,41.37759 9.10258,41.374455 9.082153,41.377196 9.072322,41.391064 9.071191,41.411051 9.075462,41.422182 9.078068,41.425016 9.074537,41.424456 9.061245,41.428138 9.048445,41.440964 9.038719,41.438761 9.023539,41.443955 9.02298,41.444873 9.01745,41.444175 9.002042,41.455951 9.00127,41.457816 8.994903,41.458013 8.993162,41.459133 8.984801,41.455725 8.965986,41.461543 8.952565,41.47262 8.944339,41.471283 8.933372,41.474368 8.912249,41.472119 8.897257,41.484495 8.896004,41.488079 8.886241,41.487182 8.865568,41.4931 8.862189,41.503329 8.84883,41.50067 8.830636,41.502588 8.819645,41.513735 8.822252,41.526875 8.809283,41.528878 8.799997,41.537706 8.786318,41.537993 8.772315,41.5418 8.764019,41.55115 8.761097,41.55901 8.761171,41.56098 8.758597,41.564763 8.762964,41.57577 8.760361,41.577224 8.751324,41.587555 8.753213,41.59987 8.763494,41.607202 8.762011,41.615588 8.765095,41.627147 8.782652,41.649743 8.799332,41.658424 8.818831,41.654334 8.821677,41.652491 8.839493,41.662124 8.854459,41.665354 8.858991,41.676298 8.860126,41.677198 8.840776,41.678977 8.829565,41.682317 8.811685,41.692172 8.796488,41.684222 8.776846,41.681578 8.76139,41.691091 8.761192,41.696709 8.751027,41.702565 8.750221,41.707112 8.748874,41.708334 8.749333,41.712125 8.748844,41.714879 8.716195,41.705023 8.695057,41.706271 8.68354,41.719705 8.683132,41.722367 8.656993,41.723665 8.642198,41.728509 8.634841,41.739342 8.638266,41.751247 8.647651,41.762612 8.661616,41.770486 8.678948,41.769146 8.683117,41.76753 8.699405,41.778597 8.693125,41.782813 8.685714,41.792247 8.686909,41.803182 8.689827,41.808527 8.701015,41.817722 8.717432,41.819273 8.72602,41.817774 8.727397,41.81965 8.742329,41.826526 8.742057,41.826604 8.729575,41.834853 8.727207,41.84724 8.736093,41.857825 8.746919,41.86407 8.761628,41.865106 8.756162,41.87761 8.756479,41.889588 8.766681,41.898794 8.772474,41.901396 8.76967,41.905814 8.769075,41.906166 8.762299,41.904509 8.757611,41.905826 8.750666,41.899274 8.729111,41.89173 8.721854,41.890172 8.678478,41.886221 8.670193,41.886551 8.646184,41.890714 8.620929,41.87886 8.620498,41.878809 8.620337,41.874049 8.61499,41.86637 8.596514,41.856794 8.588432,41.856075 8.569487,41.860646 8.561651,41.874416 8.57032,41.887917 8.58375,41.896319 8.585528,41.89664 8.585119,41.899045 8.596231,41.928901 8.581196,41.939554 8.576323,41.944417 8.569852,41.953848 8.567922,41.966583 8.577716,41.977087 8.585802,41.981221 8.591811,41.982159 8.598258,41.984424 8.638404,41.985767 8.639022,41.986087 8.634353,41.990917 8.632505,42.00776 8.641482,42.023381 8.67041,42.040722 8.682234,42.044513 8.699273,42.046228 8.699149,42.047683 8.702859,42.051449 8.695427,42.060584 8.693347,42.069411 8.680287,42.079938 8.681047,42.086624 8.665745,42.083406 8.648924,42.084474 8.63718,42.093564 8.631423,42.103461 8.62104,42.104433 8.604814,42.111461 8.602137,42.114118 8.585504,42.111298 8.566877,42.113857 8.556485,42.125721 8.557613,42.129382 8.543623,42.131425 8.534052,42.145532 8.542996,42.159887 8.54348,42.160181 8.541031,42.161378 8.538032,42.175917 8.55047,42.187319 8.554804,42.188955 8.554308,42.190298 8.550629,42.191198 8.54234,42.203685 8.545751,42.2111 8.536338,42.214008 8.522773,42.224516 8.516035,42.238003 8.524626,42.250903 8.54309,42.255013 8.555977,42.253842 8.600281,42.269343 8.610915,42.271042 8.634989,42.270743 8.655951,42.276874 8.651585,42.282613 8.644383,42.281476 8.630374,42.282388 8.619424,42.288976 8.616202,42.292515 8.605638,42.291242 8.589048,42.293727 8.578715,42.303737 8.574804,42.313213 8.575033,42.318407 8.56516,42.315317 8.553261,42.315093 8.53453,42.321197 8.52877,42.335849 8.531854,42.350993 8.531659,42.351092 8.526019,42.352467 8.519417,42.356643 8.51096,42.368876 8.516519,42.382015 8.518181,42.383497 8.528445,42.386325 8.53258,42.390847 8.552665,42.392527 8.556769,42.391515 8.557925,42.394443 8.573699,42.401138 8.582839,42.402053 8.581864,42.414352 8.587935,42.427421 8.603297,42.432991 8.610767,42.436346 8.625711,42.437561 8.624615,42.438815 8.628526,42.452391 8.641035,42.458383 8.634851,42.459644 8.625488,42.47059 8.628407,42.483397 8.642041,42.500503 8.642239,42.515579 8.649837,42.528537</coordinates></LinearRing></outerBoundaryIs><innerBoundaryIs><LinearRing><coordinates>8.7014,42.251376 8.648097,42.235794 8.638886,42.234554 8.615633,42.234845 8.594882,42.227587 8.594907,42.224602 8.601575,42.216746 8.600576,42.214306 8.605178,42.202992 8.603274,42.193917 8.605086,42.192289 8.60924,42.179813 8.612853,42.17818 8.617487,42.165111 8.610887,42.156219 8.61293,42.154281 8.615149,42.149628 8.631259,42.145211 8.637166,42.139348 8.651057,42.138046 8.670132,42.127354 8.670911,42.126015 8.681977,42.132124 8.696723,42.132272 8.706877,42.129935 8.721538,42.120449 8.732178,42.103693 8.731857,42.095493 8.745246,42.08703 8.74618,42.081438 8.750397,42.080744 8.760257,42.072455 8.769371,42.056957 8.7689,42.041619 8.763103,42.032861 8.752994,42.024999 8.743733,42.023664 8.740448,42.020191 8.730433,42.014937 8.719828,42.011835 8.695182,42.009357 8.683422,42.002311 8.691622,41.996331 8.692567,41.983186 8.687577,41.971823 8.67835,41.962578 8.659937,41.953058 8.64736,41.949888 8.637212,41.949551 8.639786,41.947726 8.64642,41.929708 8.645554,41.927388 8.647343,41.927614 8.676934,41.922485 8.712356,41.925712 8.719577,41.92824 8.722097,41.937115 8.730568,41.947447 8.745815,41.951429 8.760962,41.947263 8.765801,41.944239 8.768916,41.945553 8.77191,41.94492 8.774916,41.945515 8.780323,41.943141 8.786616,41.941809 8.803821,41.931611 8.810619,41.925211 8.812649,41.922009 8.820483,41.915803 8.821535,41.913828 8.821703,41.91369 8.82795,41.901229 8.825743,41.897236 8.826555,41.889096 8.815855,41.878804 8.807778,41.87518 8.813533,41.861986 8.813574,41.850807 8.804878,41.84174 8.802588,41.840479 8.80732,41.836507 8.805975,41.822418 8.79308,41.803421 8.790421,41.801713 8.789088,41.799071 8.783196,41.797072 8.779106,41.794443 8.775999,41.794629 8.772349,41.79339 8.762738,41.793168 8.759199,41.788348 8.755114,41.785522 8.756407,41.783809 8.754387,41.772371 8.750523,41.766443 8.745036,41.760971 8.724692,41.747158 8.72505,41.746616 8.762785,41.757994 8.766894,41.757954 8.770531,41.759259 8.775714,41.75787 8.781119,41.757817 8.783876,41.755681 8.787802,41.754628 8.800783,41.745778 8.808296,41.735535 8.807416,41.731276 8.812382,41.732423 8.826196,41.728954 8.85279,41.714297 8.917277,41.70835 8.93255,41.702154 8.938259,41.689791 8.93776,41.679146 8.933204,41.669153 8.922038,41.662785 8.910353,41.659558 8.906567,41.650426 8.896472,41.645808 8.894536,41.641139 8.88523,41.631622 8.870141,41.628486 8.860336,41.628967 8.834229,41.614849 8.819276,41.611486 8.810509,41.6141 8.813162,41.599033 8.811736,41.593486 8.818511,41.589697 8.828185,41.575129 8.825666,41.571379 8.831056,41.569969 8.83657,41.564227 8.841573,41.564787 8.848695,41.563394 8.851636,41.564513 8.868636,41.560564 8.877299,41.548812 8.878713,41.540432 8.891038,41.538237 8.902222,41.530824 8.903552,41.528785 8.907578,41.526566 8.907783,41.525577 8.910919,41.525864 8.927164,41.522883 8.935835,41.513617 8.936107,41.513666 8.947125,41.50871 8.955943,41.510143 8.978498,41.504701 8.983677,41.500427 8.988625,41.503024 9.003977,41.502439 9.015324,41.495095 9.029073,41.494062 9.037148,41.486696 9.040777,41.487503 9.049278,41.484572 9.06505,41.493597 9.081228,41.497198 9.096497,41.491793 9.09771,41.49085 9.104196,41.480976 9.102098,41.47102 9.114352,41.468519 9.118355,41.461232 9.12715,41.46392 9.144103,41.458249 9.150563,41.445079 9.150428,41.442698 9.142324,41.432878 9.141652,41.430954 9.128702,41.416899 9.146046,41.414869 9.153194,41.406223 9.160426,41.407219 9.177877,41.404477 9.187923,41.393307 9.187894,41.393181 9.191581,41.391027 9.194956,41.38451 9.200969,41.385207 9.201663,41.386748 9.202805,41.387214 9.207172,41.391575 9.20334,41.393447 9.20141,41.394374 9.201405,41.394392 9.201222,41.394481 9.192732,41.403777 9.188627,41.416025 9.1961,41.427326 9.199103,41.428268 9.190818,41.433356 9.191107,41.449146 9.207644,41.45875 9.216045,41.460053 9.217211,41.459882 9.217307,41.459938 9.23047,41.462712 9.247959,41.477867 9.248203,41.477922 9.249417,41.479348 9.24963,41.482379 9.253595,41.484254 9.255021,41.485928 9.256216,41.486446 9.249848,41.4893 9.244249,41.500452 9.249023,41.511775 9.247496,41.512455 9.242344,41.524804 9.246237,41.531292 9.248524,41.537328 9.258751,41.547643 9.27545,41.550177 9.277629,41.549207 9.289506,41.559634 9.274645,41.564043 9.271812,41.567948 9.27013,41.568303 9.26131,41.58092 9.261084,41.583031 9.262292,41.587506 9.25931,41.603981 9.265415,41.615481 9.277806,41.625239 9.28405,41.627361 9.284549,41.630627 9.291482,41.641402 9.305804,41.646537 9.321221,41.643775 9.323302,41.642765 9.328626,41.647746 9.328635,41.647781 9.328681,41.647798 9.332541,41.651408 9.333361,41.651498 9.338562,41.656841 9.348452,41.659452 9.348322,41.659824 9.351017,41.660363 9.351703,41.660311 9.351925,41.660369 9.35226,41.660378 9.349448,41.663079 9.349636,41.671133 9.34798,41.672184 9.347396,41.673128 9.347806,41.689079 9.364784,41.698579 9.367389,41.698938 9.367892,41.698846 9.377622,41.703836 9.381724,41.760269 9.379211,41.762058 9.371719,41.774389 9.370363,41.797116 9.371978,41.804498 9.381803,41.823483 9.380326,41.848147 9.378702,41.849118 9.376142,41.851229 9.370103,41.865962 9.376581,41.873376 9.377591,41.895304 9.378698,41.900136 9.388725,41.923951 9.385539,41.926334 9.379258,41.94377 9.379281,41.943834 9.375242,41.949882 9.379885,41.962424 9.394534,41.96937 9.397515,41.969811 9.400146,41.972826 9.401291,41.97672 9.404444,41.980111 9.404414,41.980443 9.40703,41.98802 9.406092,41.989007 9.402457,42.004263 9.415895,42.016029 9.436523,42.015647 9.43726,42.015368 9.444846,42.023511 9.443235,42.024036 9.442246,42.024844 9.438632,42.031966 9.43319,42.035196 9.424058,42.049882 9.434292,42.064161 9.445118,42.069867 9.445632,42.069915 9.449818,42.074781 9.468461,42.082554 9.485487,42.084379 9.496155,42.079038 9.508297,42.092028 9.504934,42.093389 9.499133,42.105588 9.502054,42.110909 9.49359,42.116044 9.49042,42.12814 9.498338,42.138949 9.510765,42.147126 9.510531,42.15654 9.511024,42.157394 9.523429,42.166745 9.525141,42.166798 9.526359,42.169776 9.532213,42.172884 9.533039,42.198887 9.531868,42.199365 9.529397,42.201386 9.523238,42.215723 9.533735,42.228576 9.533984,42.228607 9.535639,42.280577 9.508572,42.365523 9.508054,42.371652 9.514503,42.416137 9.510428,42.509969 9.50492,42.512545 9.499997,42.52466 9.505453,42.533701 9.50529,42.534034 9.505259,42.535483 9.498701,42.53426 9.491871,42.531914 9.489671,42.53178 9.474363,42.534682 9.464701,42.543984 9.464476,42.544478 9.465647,42.558183 9.466501,42.559485 9.467173,42.559972 9.466943,42.560063 9.456446,42.568208 9.441033,42.592145 9.43869,42.598914 9.437286,42.617142 9.426611,42.6241 9.418362,42.636802 9.424923,42.650042 9.427122,42.651781 9.422235,42.68446 9.422551,42.689968 9.441658,42.761388 9.443055,42.764799 9.466891,42.807313 9.456509,42.832448 9.455461,42.83844 9.456592,42.85975 9.451957,42.865147 9.44817,42.874103 9.445034,42.931565 9.429694,42.954132 9.428625,42.968529 9.43461,42.98042 9.419538,42.989651 9.407883,42.987452 9.369073,42.988423 9.373745,42.979149 9.374997,42.970125 9.372973,42.960344 9.376154,42.958123 9.383382,42.948338 9.38145,42.937278 9.379284,42.933897 9.385913,42.926916 9.378273,42.911256 9.350092,42.891992 9.360405,42.870817 9.360291,42.869011 9.360853,42.868409 9.360044,42.865129 9.359528,42.857011 9.357744,42.855808 9.357498,42.854812 9.338886,42.833457 9.364964,42.804688 9.368758,42.79163 9.362489,42.764034 9.369037,42.740097 9.363657,42.724749 9.346754,42.710115 9.346868,42.696919 9.338195,42.682975 9.323849,42.674012 9.322506,42.663909 9.309935,42.655201 9.292758,42.654835 9.276817,42.658921 9.262659,42.668448 9.25305,42.683973 9.248536,42.684291 9.231326,42.691483 9.228604,42.700456 9.212916,42.70287 9.207715,42.708966 9.187837,42.708405 9.164284,42.717289 9.125884,42.710703 9.119073,42.704145 9.103157,42.697276 9.100554,42.697005 9.092452,42.68446 9.082689,42.677715 9.082704,42.659494 9.077987,42.64879 9.065656,42.642236 9.041105,42.636503 9.027615,42.626868 9.01331,42.621921 8.999072,42.624345 8.954363,42.615831 8.93209,42.621017 8.92346,42.614618 8.9045,42.609383 8.89527,42.609886 8.89003,42.600962 8.877601,42.591665 8.859999,42.591052 8.856433,42.591944 8.847747,42.587004 8.833791,42.584142 8.833777,42.583845 8.827154,42.577202 8.827997,42.565352 8.817528,42.555369 8.78443,42.540236 8.782124,42.539962 8.78054,42.538822 8.773305,42.53891 8.766087,42.538049 8.764287,42.53902 8.761969,42.539048 8.748048,42.543538 8.744112,42.547254 8.743854,42.547167 8.737988,42.537466 8.739632,42.535792 8.744149,42.523143 8.736,42.511535 8.719469,42.507064 8.706611,42.507277 8.702157,42.503292 8.690535,42.499475 8.690477,42.495315 8.688679,42.490542 8.697318,42.48317 8.702032,42.47486 8.697436,42.455512 8.691317,42.450613 8.691688,42.449616 8.688834,42.435154 8.686911,42.434188 8.686782,42.428131 8.677793,42.409448 8.674427,42.40668 8.672188,42.402663 8.667953,42.401355 8.665334,42.399201 8.660383,42.399018 8.655058,42.397374 8.644461,42.397374 8.640491,42.398601 8.636721,42.398411 8.631535,42.399716 8.632496,42.387457 8.626994,42.374892 8.611511,42.368473 8.61122,42.368444 8.619249,42.367282 8.63564,42.358509 8.648976,42.341034 8.651354,42.327519 8.64651,42.322686 8.647552,42.322351 8.6503,42.319331 8.654926,42.320061 8.674818,42.316612 8.689777,42.307851 8.697319,42.295132 8.703069,42.29297 8.716333,42.27755 8.716779,42.268926 8.712839,42.258314 8.7014,42.251376</coordinates></LinearRing></innerBoundaryIs><innerBoundaryIs><LinearRing><coordinates>9.316479,41.57099 9.32252,41.57266 9.324227,41.578785 9.32525,41.58035 9.317466,41.571788 9.316479,41.57099</coordinates></LinearRing></innerBoundaryIs></Polygon><Polygon><outerBoundaryIs><LinearRing><coordinates>10.023796,42.575232 10.023017,42.590165 10.037633,42.600422 10.056622,42.605254 10.057485,42.606463 10.05534,42.616222 10.059266,42.629332 10.074288,42.636801 10.092095,42.634496 10.102562,42.629689 10.112139,42.62141 10.113547,42.610542 10.112466,42.606794 10.120369,42.599927 10.126161,42.589241 10.127144,42.576754 10.11956,42.562555 10.108421,42.554742 10.087092,42.550158 10.047353,42.55595 10.030312,42.565577 10.023796,42.575232</coordinates></LinearRing></outerBoundaryIs></Polygon><Polygon><outerBoundaryIs><LinearRing><coordinates>10.2724,42.845745 10.301166,42.836262 10.331819,42.834685 10.344748,42.829614 10.346418,42.832156 10.360288,42.838655 10.381244,42.872186 10.383299,42.873587 10.384093,42.875744 10.392132,42.883426 10.409782,42.890383 10.428539,42.885239 10.439094,42.877557 10.439384,42.87705 10.440009,42.876837 10.461837,42.859316 10.466815,42.840878 10.454405,42.815722 10.459723,42.80552 10.456146,42.787852 10.455113,42.78688 10.457273,42.778084 10.454898,42.766488 10.443417,42.758422 10.434113,42.755277 10.445774,42.750118 10.457594,42.735835 10.459114,42.719306 10.453421,42.70642 10.441608,42.696047 10.424371,42.689673 10.406287,42.694595 10.406244,42.694625 10.383776,42.694829 10.363748,42.703361 10.352811,42.713218 10.344043,42.732348 10.340879,42.72773 10.326816,42.718764 10.308321,42.719748 10.303031,42.72424 10.298682,42.719685 10.277708,42.718722 10.260789,42.723797 10.260788,42.723795 10.250064,42.710885 10.229863,42.708591 10.183264,42.718572 10.179129,42.718036 10.179029,42.717117 10.163297,42.708193 10.143832,42.710898 10.105389,42.730566 10.102592,42.73377 10.098173,42.736225 10.081684,42.756838 10.078312,42.767073 10.08001,42.789352 10.088386,42.801982 10.103164,42.811461 10.104341,42.811751 10.104757,42.812261 10.123714,42.822594 10.139954,42.826056 10.167805,42.824529 10.172152,42.826616 10.197501,42.827142 10.234277,42.811576 10.23965,42.815352 10.24319,42.820425 10.238439,42.832242 10.250946,42.845157 10.2724,42.845745</coordinates></LinearRing></outerBoundaryIs><innerBoundaryIs><LinearRing><coordinates>10.26663,42.784207 10.265211,42.78128 10.250709,42.770442 10.230185,42.771709 10.185636,42.790573 10.172382,42.788062 10.145349,42.789546 10.13365,42.78317 10.133491,42.783141 10.128082,42.779673 10.127377,42.770521 10.137282,42.758128 10.151088,42.751064 10.180408,42.75487 10.191349,42.754432 10.215832,42.749193 10.216208,42.751529 10.227988,42.764932 10.249509,42.766132 10.270781,42.759757 10.279971,42.768923 10.297626,42.775437 10.309681,42.775753 10.31316,42.777668 10.336141,42.781419 10.312203,42.784724 10.298555,42.790389 10.292602,42.80062 10.291957,42.800739 10.292535,42.79789 10.27646,42.786393 10.26663,42.784207</coordinates></LinearRing></innerBoundaryIs><innerBoundaryIs><LinearRing><coordinates>10.392438,42.810974 10.38523,42.807598 10.385601,42.804868 10.376179,42.788727 10.366613,42.783294 10.350129,42.780373 10.353263,42.780083 10.368852,42.774287 10.371667,42.771892 10.375653,42.775201 10.405928,42.785449 10.405197,42.788417 10.409565,42.801495 10.405625,42.80904 10.405456,42.82174 10.412817,42.836691 10.401532,42.818648 10.392438,42.810974</coordinates></LinearRing></innerBoundaryIs></Polygon><Polygon><outerBoundaryIs><LinearRing><coordinates>6.530678,43.035912 6.516598,43.029109 6.504874,43.027082 6.491322,43.00822 6.481198,43.000722 6.46714,42.998678 6.463027,42.99899 6.456904,42.993058 6.440289,42.986044 6.427412,42.988807 6.423306,42.984055 6.410277,42.976582 6.393809,42.976891 6.385639,42.979225 6.378251,42.978001 6.36202,42.979446 6.350682,42.988123 6.350053,42.989147 6.340176,42.999325 6.336265,43.010059 6.337354,43.02177 6.347974,43.030534 6.356554,43.034083 6.376278,43.035469 6.381647,43.031855 6.402412,43.035678 6.420198,43.03395 6.420402,43.033767 6.426249,43.037469 6.439572,43.041571 6.446193,43.052518 6.462254,43.062635 6.497657,43.069644 6.521684,43.064684 6.528825,43.059158 6.535516,43.047797 6.530678,43.035912</coordinates></LinearRing></outerBoundaryIs></Polygon><Polygon><outerBoundaryIs><LinearRing><coordinates>10.5695,43.038918 10.581377,43.048881 10.599284,43.050157 10.613539,43.042056 10.614302,43.041113 10.616366,43.025844 10.615872,43.024811 10.604175,43.014841 10.58641,43.013403 10.585288,43.013627 10.569984,43.02271 10.568647,43.037166 10.5695,43.038918</coordinates></LinearRing></outerBoundaryIs></Polygon><Polygon><outerBoundaryIs><LinearRing><coordinates>9.8175,42.985008 9.801772,42.985148 9.789412,42.992331 9.770858,43.013393 9.767011,43.024948 9.773745,43.035762 9.775558,43.037151 9.776057,43.053996 9.783301,43.066426 9.808948,43.08516 9.830509,43.090101 9.848386,43.079938 9.867018,43.050335 9.865782,43.03342 9.845923,43.00908 9.845141,43.008182 9.830092,42.99197 9.8175,42.985008</coordinates></LinearRing></outerBoundaryIs></Polygon><Polygon><outerBoundaryIs><LinearRing><coordinates>3.586926,43.458134 3.605484,43.455853 3.608763,43.452473 3.606592,43.456965 3.606726,43.458178 3.615558,43.470635 3.633883,43.474761 3.635725,43.474626 3.646284,43.470698 3.647312,43.472101 3.662015,43.480905 3.673366,43.480065 3.68651,43.480113 3.699357,43.472444 3.702373,43.461324 3.703989,43.461409 3.718397,43.450831 3.719626,43.448397 3.727206,43.446518 3.72752,43.446383 3.727627,43.446268 3.728234,43.446749 3.738299,43.449646 3.745246,43.461945 3.745378,43.462417 3.744961,43.463519 3.745978,43.464561 3.746688,43.467099 3.74781,43.468312 3.751107,43.469819 3.756577,43.475425 3.756678,43.475564 3.755254,43.481023 3.755478,43.482057 3.756808,43.485691 3.757302,43.486634 3.768909,43.496203 3.781337,43.497345 3.781216,43.497912 3.781334,43.498036 3.780167,43.501333 3.780481,43.503085 3.786511,43.511905 3.786799,43.513626 3.787563,43.514389 3.799844,43.520923 3.800507,43.520926 3.804053,43.522966 3.814588,43.533026 3.815111,43.533043 3.81457,43.542694 3.815333,43.544446 3.831525,43.55625 3.832109,43.556385 3.842149,43.557126 3.842733,43.557081 3.858007,43.551572 3.858749,43.550301 3.860995,43.554113 3.875687,43.559087 3.877975,43.561848 3.883127,43.562525 3.876821,43.572796 3.876776,43.573919 3.887199,43.58921 3.888322,43.589794 3.889104,43.589902 3.875275,43.597711 3.87505,43.598025 3.87226,43.606335 3.87226,43.607413 3.873891,43.613869 3.874385,43.614813 3.885834,43.624319 3.902989,43.626049 3.917442,43.619155 3.92211,43.607015 3.92184,43.60468 3.911715,43.591557 3.910743,43.591411 3.924768,43.583159 3.92589,43.581497 3.927155,43.574026 3.936211,43.571974 3.936554,43.573264 3.946697,43.584668 3.949994,43.585223 3.950746,43.586124 3.955103,43.588775 3.955668,43.588937 3.938673,43.592489 3.931351,43.608273 3.931889,43.610788 3.939996,43.621581 3.955674,43.626117 3.971649,43.62229 3.975018,43.620358 3.984152,43.608816 3.981271,43.600066 3.982435,43.5997 3.989242,43.603578 4.005596,43.607891 4.010437,43.608016 4.021841,43.615017 4.029977,43.615259 4.033262,43.616566 4.035194,43.616701 4.037858,43.615829 4.03959,43.618242 4.044821,43.619101 4.05494,43.624863 4.057097,43.625222 4.059592,43.62468 4.072412,43.624502 4.083512,43.626251 4.090995,43.625557 4.093591,43.62626 4.104149,43.626305 4.123001,43.620025 4.128249,43.606319 4.130041,43.606195 4.134943,43.612376 4.153107,43.616021 4.169465,43.609292 4.171325,43.604454 4.188994,43.60593 4.193189,43.606287 4.193277,43.606268 4.198822,43.606892 4.200598,43.610084 4.203514,43.610655 4.204827,43.613931 4.206476,43.614607 4.208998,43.617973 4.211109,43.619186 4.213557,43.620427 4.215174,43.621146 4.216316,43.621294 4.217057,43.622012 4.218494,43.622551 4.218749,43.622566 4.221206,43.623631 4.225522,43.624133 4.228048,43.625435 4.229261,43.62566 4.231567,43.625539 4.232273,43.625669 4.233934,43.625415 4.235733,43.62532 4.239283,43.625733 4.240622,43.625063 4.241601,43.625012 4.246239,43.626133 4.262926,43.620251 4.269243,43.607536 4.266783,43.603534 4.269204,43.600175 4.269249,43.598872 4.268066,43.596115 4.268342,43.591034 4.268118,43.59027 4.264546,43.586663 4.26892,43.585791 4.27184,43.584219 4.272957,43.582883 4.278014,43.582148 4.281422,43.580803 4.281553,43.58085 4.289725,43.579313 4.290588,43.579289 4.290816,43.579108 4.298061,43.577745 4.301154,43.574519 4.304833,43.573668 4.311573,43.572353 4.311788,43.57206 4.320316,43.570086 4.326822,43.55918 4.338056,43.569238 4.346042,43.569207 4.348565,43.570557 4.344765,43.574315 4.345369,43.580334 4.344255,43.58253 4.345999,43.586607 4.346017,43.586785 4.346102,43.586848 4.349018,43.593662 4.350589,43.595234 4.364818,43.602174 4.381776,43.60074 4.393359,43.591618 4.393611,43.591174 4.412847,43.600717 4.42817,43.60382 4.440578,43.603309 4.455536,43.618798 4.474717,43.626468 4.494682,43.620082 4.495167,43.618634 4.496297,43.619648 4.504716,43.619134 4.510348,43.623677 4.527237,43.625343 4.541547,43.618647 4.544107,43.616176 4.548708,43.6056 4.552854,43.601196 4.565615,43.604872 4.569389,43.604962 4.586942,43.600179 4.589727,43.598292 4.59737,43.587492 4.595267,43.58037 4.627078,43.575106 4.630448,43.573236 4.635337,43.573526 4.642015,43.569948 4.643166,43.570151 4.652583,43.568575 4.640862,43.577716 4.63468,43.586541 4.629777,43.60482 4.635051,43.619853 4.654349,43.626396 4.661583,43.626351 4.676405,43.622621 4.685121,43.613121 4.692635,43.592978 4.735265,43.561229 4.740454,43.555466 4.751317,43.53606 4.751788,43.523337 4.743969,43.516445 4.74873,43.516148 4.760823,43.506147 4.776398,43.474208 4.776895,43.46325 4.775745,43.460269 4.798798,43.475283 4.798064,43.479071 4.798466,43.480364 4.791061,43.489329 4.790203,43.500063 4.798509,43.514667 4.819329,43.518941 4.832952,43.511625 4.834581,43.511888 4.844355,43.506147 4.847028,43.505683 4.849033,43.503398 4.851165,43.502146 4.853365,43.498776 4.853375,43.498451 4.856951,43.494375 4.857579,43.491949 4.85703,43.489784 4.858694,43.489779 4.871154,43.48138 4.871518,43.48162 4.879549,43.485155 4.881391,43.48565 4.886856,43.486618 4.887844,43.486708 4.904309,43.483932 4.914041,43.474409 4.91501,43.473571 4.914981,43.47233 4.916293,43.470927 4.916241,43.470543 4.91668,43.469914 4.916682,43.469912 4.916683,43.46991 4.917122,43.469279 4.917187,43.468854 4.91741,43.468641 4.917305,43.468077 4.919043,43.456667 4.917873,43.455433 4.918964,43.452757 4.919604,43.45288 4.919869,43.45288 4.919913,43.453789 4.923369,43.460123 4.93464,43.469268 4.932119,43.470258 4.930368,43.471381 4.922236,43.482397 4.925903,43.494658 4.939604,43.50224 4.956718,43.501478 4.957651,43.501176 4.960431,43.504599 4.963021,43.504884 4.965256,43.506825 4.984947,43.507565 4.988047,43.506712 4.988911,43.505923 5.000375,43.509662 5.008238,43.509707 5.029135,43.501424 5.047771,43.480085 5.051299,43.467444 5.04237,43.456282 5.025561,43.452312 5.023881,43.452378 5.027571,43.446568 5.022615,43.434321 5.007847,43.427502 4.999019,43.426176 5.002593,43.424931 5.00291,43.424694 5.032091,43.424623 5.030064,43.439806 5.036477,43.453811 5.055007,43.459671 5.073262,43.453467 5.076803,43.450471 5.108855,43.48505 5.113376,43.486968 5.117112,43.492681 5.131915,43.496209 5.134201,43.496945 5.13477,43.496889 5.135665,43.497102 5.138361,43.496923 5.139911,43.496383 5.153782,43.495017 5.157442,43.495438 5.166732,43.493411 5.19377,43.506849 5.208619,43.509964 5.22306,43.506026 5.239366,43.496456 5.247791,43.486869 5.253804,43.46953 5.25234,43.459179 5.253378,43.458359 5.253629,43.445452 5.25255,43.443297 5.243484,43.434672 5.239802,43.432786 5.226366,43.430628 5.22143,43.428611 5.223267,43.417838 5.223216,43.417692 5.227855,43.409196 5.221248,43.396819 5.204893,43.391067 5.20404,43.391022 5.201743,43.390992 5.185017,43.3876 5.181875,43.386227 5.140699,43.381782 5.139848,43.381974 5.129379,43.379477 5.125108,43.380485 5.123536,43.38026 5.106112,43.38252 5.104376,43.384167 5.10019,43.383375 5.100184,43.383374 5.090221,43.381489 5.077791,43.381508 5.075066,43.382034 5.071236,43.381918 5.061236,43.383148 5.054794,43.385001 5.033573,43.380263 5.033442,43.38026 5.038725,43.371628 5.038891,43.370679 5.039499,43.370561 5.049129,43.361038 5.048574,43.349166 5.048077,43.348223 5.056894,43.34947 5.060457,43.347029 5.077645,43.346911 5.092189,43.3507 5.150408,43.34447 5.171078,43.349245 5.175394,43.348968 5.178885,43.349988 5.236148,43.349432 5.289776,43.373999 5.295359,43.377026 5.298189,43.37761 5.306959,43.378222 5.308141,43.378148 5.308397,43.378132 5.31004,43.377563 5.311576,43.377752 5.311821,43.377624 5.317463,43.377997 5.335613,43.372696 5.343536,43.366379 5.355803,43.359494 5.364757,43.349333 5.364854,43.349029 5.374427,43.340099 5.373988,43.334531 5.383963,43.32455 5.384258,43.323662 5.384936,43.323306 5.386064,43.318218 5.388412,43.311141 5.387798,43.3104 5.387957,43.309681 5.387419,43.308003 5.39451,43.304134 5.397959,43.291483 5.389004,43.280346 5.386936,43.279863 5.394707,43.26971 5.398112,43.248868 5.392506,43.235073 5.381537,43.231041 5.379936,43.228291 5.396802,43.231205 5.410066,43.230787 5.429625,43.226069 5.430919,43.227302 5.446688,43.230167 5.460885,43.229178 5.46884,43.227601 5.493365,43.219271 5.50235,43.218721 5.521205,43.228475 5.548078,43.229165 5.562678,43.22265 5.57436,43.205923 5.5738,43.200461 5.586115,43.188612 5.590482,43.186875 5.602322,43.196858 5.616653,43.202115 5.621026,43.202342 5.624267,43.203748 5.647541,43.206174 5.663844,43.203671 5.679099,43.196742 5.681941,43.197175 5.697119,43.195913 5.708305,43.188288 5.716791,43.177012 5.715717,43.164979 5.726779,43.164435 5.7389,43.155624 5.740089,43.153741 5.750156,43.153525 5.752005,43.153019 5.774558,43.156079 5.783903,43.153743 5.797841,43.144826 5.802735,43.137684 5.802406,43.134883 5.804451,43.135282 5.820073,43.129352 5.831616,43.119783 5.837774,43.107897 5.834785,43.10199 5.835713,43.100974 5.835727,43.09047 5.830173,43.076949 5.835464,43.074275 5.843478,43.066159 5.849684,43.076465 5.858634,43.08425 5.867158,43.088389 5.863552,43.089649 5.856947,43.101866 5.856899,43.108469 5.862779,43.118903 5.862341,43.122752 5.875613,43.133457 5.894052,43.133562 5.910119,43.140976 5.912166,43.140519 5.913041,43.141006 5.929397,43.140615 5.93672,43.138503 5.941042,43.135222 5.943135,43.135232 5.956347,43.125883 5.958722,43.126019 6.009043,43.121796 6.021409,43.118042 6.039242,43.107664 6.043518,43.099972 6.071907,43.104216 6.074456,43.103849 6.080108,43.104956 6.117489,43.101272 6.12773,43.096703 6.128783,43.096973 6.131534,43.096927 6.135859,43.100562 6.141892,43.101181 6.142883,43.104577 6.144904,43.106688 6.149404,43.108599 6.149634,43.108909 6.157053,43.115021 6.172173,43.122856 6.172142,43.123181 6.172276,43.124035 6.173306,43.125437 6.174145,43.131558 6.187108,43.14028 6.191286,43.141493 6.197835,43.141541 6.198806,43.141978 6.200288,43.142203 6.206403,43.141789 6.211377,43.142333 6.219385,43.142235 6.224058,43.141606 6.231376,43.13829 6.236132,43.137668 6.240922,43.135318 6.243982,43.135396 6.245992,43.133392 6.268259,43.13817 6.282741,43.137996 6.294536,43.131832 6.302016,43.124627 6.316896,43.124425 6.331674,43.12051 6.334904,43.116803 6.334945,43.117848 6.336336,43.12335 6.345537,43.142531 6.360829,43.153651 6.420582,43.168568 6.434914,43.168887 6.439761,43.166632 6.446465,43.170921 6.469862,43.174551 6.489698,43.170015 6.512786,43.180734 6.512883,43.181371 6.525997,43.195422 6.551155,43.205036 6.567791,43.206646 6.606339,43.200356 6.621127,43.192518 6.633562,43.203907 6.642549,43.206833 6.639701,43.211766 6.638882,43.236919 6.648068,43.250817 6.638401,43.254206 6.613399,43.245955 6.594033,43.245705 6.565159,43.254371 6.551026,43.265702 6.553956,43.280946 6.566641,43.286678 6.574202,43.295957 6.604896,43.308526 6.606637,43.311607 6.620026,43.32141 6.642628,43.328243 6.642439,43.330087 6.649756,43.34298 6.664436,43.353122 6.69075,43.35983 6.689643,43.37066 6.694414,43.382766 6.699825,43.388126 6.686021,43.387648 6.672426,43.395731 6.669633,43.408408 6.671293,43.414292 6.672779,43.416018 6.6593,43.424156 6.656732,43.43697 6.657091,43.438138 6.662873,43.446304 6.663817,43.447068 6.667348,43.447826 6.667338,43.447872 6.667742,43.449175 6.67641,43.459304 6.691807,43.463268 6.70719,43.459333 6.709571,43.45794 6.718597,43.44619 6.715522,43.437538 6.719385,43.437215 6.729531,43.433356 6.745746,43.44134 6.764706,43.44179 6.782079,43.437092 6.794631,43.428691 6.821118,43.435414 6.833282,43.434968 6.833911,43.4352 6.834869,43.4354 6.835575,43.437487 6.845287,43.447906 6.861927,43.451147 6.874969,43.44649 6.876498,43.449011 6.888126,43.457889 6.900689,43.462441 6.906387,43.48641 6.915023,43.49727 6.920233,43.498597 6.915341,43.501945 6.913496,43.514406 6.921482,43.537585 6.932747,43.548678 6.962352,43.561662 6.968001,43.562279 6.972914,43.564163 7.021528,43.567398 7.036619,43.562398 7.049214,43.573837 7.059707,43.579407 7.089808,43.587764 7.098703,43.586997 7.099335,43.593759 7.103159,43.596483 7.100709,43.605893 7.102991,43.617492 7.133207,43.660572 7.154024,43.670395 7.169524,43.670964 7.167506,43.674194 7.16566,43.678523 7.16494,43.681487 7.164566,43.684277 7.164543,43.685141 7.16332,43.686474 7.162241,43.689439 7.16144,43.694902 7.161752,43.699798 7.168731,43.711548 7.184637,43.716987 7.201469,43.713378 7.210759,43.702537 7.212853,43.69482 7.212989,43.694686 7.214581,43.690577 7.21792,43.69541 7.236475,43.70517 7.265221,43.708241 7.265778,43.709555 7.283119,43.715924 7.292866,43.713424 7.309074,43.724047 7.319016,43.722246 7.324724,43.727051 7.346107,43.737385 7.362553,43.740285 7.398652,43.737348 7.400545,43.73846 7.407267,43.749379 7.441224,43.77274 7.45487,43.777505 7.469136,43.775693 7.472128,43.776691 7.472403,43.777055 7.493982,43.789681 7.496511,43.794899 7.513483,43.800906 7.541069,43.802164 7.550653,43.800908 7.558663,43.806126 7.568135,43.807886 7.569822,43.81543 7.582774,43.823508 7.599821,43.823606 7.612905,43.815675 7.614657,43.813474 7.616862,43.804096 7.664189,43.795971 7.681201,43.810309 7.702799,43.816456 7.732248,43.814015 7.769459,43.833549 7.777828,43.836399 7.800022,43.840532 7.814788,43.839973 7.824698,43.837302 7.827818,43.840013 7.837999,43.845294 7.864506,43.852662 7.867101,43.85261 7.869229,43.853588 7.886392,43.855744 7.897481,43.855303 7.900777,43.854613 7.911754,43.860822 7.947735,43.86701 7.947898,43.86731 7.962764,43.87771 7.998914,43.886953 8.005352,43.893222 8.013557,43.894543 8.013893,43.895088 8.024111,43.903333 8.039031,43.905686 8.047163,43.905102 8.050303,43.903986 8.05216,43.904403 8.071408,43.925661 8.082876,43.932485 8.109327,43.940243 8.117373,43.95354 8.13229,43.963415 8.138047,43.964809 8.135468,43.974303 8.138244,43.993977 8.144305,44.004054 8.190792,44.042415 8.189265,44.04455 8.193145,44.056695 8.201249,44.061054 8.201955,44.080822 8.20356,44.086743 8.216667,44.111809 8.219178,44.115363 8.253172,44.152605 8.262938,44.15884 8.311367,44.17615 8.311489,44.176251 8.361536,44.194223 8.369441,44.195957 8.39512,44.198353 8.396746,44.199625 8.393658,44.206447 8.393992,44.209584 8.392276,44.213078 8.393169,44.225475 8.403371,44.239105 8.422789,44.249367 8.425736,44.253893 8.424409,44.255709 8.417005,44.255517 8.403102,44.264489 8.401696,44.277918 8.402189,44.279041 8.41124,44.28814 8.412003,44.288544 8.424875,44.291277 8.428778,44.296467 8.463072,44.313109 8.46555,44.321207 8.48293,44.337155 8.494634,44.343112 8.527984,44.351201 8.554105,44.369961 8.564016,44.374335 8.602052,44.383277 8.627609,44.401193 8.640469,44.405999 8.663838,44.409156 8.669999,44.41671 8.67986,44.423511 8.730895,44.44301 8.746898,44.444855 8.768902,44.442131 8.778557,44.444318 8.823802,44.442296 8.832657,44.438713 8.8473,44.439856 8.86217,44.434599 8.86972,44.428073 8.875403,44.430501 8.895843,44.424801 8.895899,44.424668 8.89764,44.424744 8.901482,44.426963 8.916083,44.430692 8.93528,44.429965 8.948102,44.419667 8.95057,44.414591 8.95014,44.410129 8.984439,44.409992 8.990828,44.409368 9.147179,44.378815 9.162243,44.370471 9.177464,44.351558 9.179236,44.336168 9.176879,44.33165 9.19067,44.327094 9.197183,44.340507 9.199582,44.342442 9.200266,44.344761 9.213199,44.358328 9.228055,44.365667 9.245901,44.363923 9.328802,44.331021 9.344456,44.334157 9.360847,44.327858 9.366686,44.315146 9.36568,44.313609 9.403095,44.296643 9.413215,44.287658 9.41712,44.280067 9.417416,44.276233 9.417789,44.275911 9.428109,44.276969 9.442862,44.269985 9.458788,44.254189 9.469317,44.252484 9.477142,44.255256 9.493031,44.256753 9.506909,44.250975 9.534754,44.228092 9.555736,44.224067 9.567845,44.218731 9.588461,44.202243 9.591762,44.19505 9.615674,44.188183 9.627052,44.181603 9.631402,44.17155 9.63147,44.164246 9.637708,44.15886 9.655466,44.162502 9.677391,44.157559 9.680123,44.155912 9.683769,44.155406 9.733543,44.131684 9.74147,44.125567 9.75451,44.109025 9.758762,44.108853 9.772825,44.104992 9.788489,44.096023 9.786991,44.107336 9.79954,44.118039 9.815616,44.11883 9.819252,44.121264 9.844052,44.127194 9.860548,44.126977 9.873241,44.119353 9.887202,44.102518 9.91127,44.099113 9.914381,44.097781 9.914142,44.099484 9.913663,44.099796 9.902474,44.115649 9.902466,44.115875 9.899606,44.117084 9.896301,44.12018 9.896094,44.120221 9.891737,44.122511 9.887485,44.12785 9.875366,44.133156 9.871907,44.136344 9.866607,44.148215 9.873226,44.159735 9.888603,44.165394 9.905381,44.162483 9.913197,44.158709 9.917388,44.153489 9.917774,44.153456 9.920065,44.152602 9.927444,44.148418 9.929555,44.146666 9.929903,44.145982 9.937536,44.14343 9.941758,44.140285 9.944538,44.135681 9.947893,44.133896 9.95183,44.126514 9.962042,44.119667 9.962627,44.116956 9.978394,44.116707 9.991617,44.106271 9.992469,44.104519 9.991402,44.10085 9.992295,44.098249 9.99118,44.093687 9.996521,44.088601 10.001352,44.075136 9.999836,44.06744 10.002095,44.065442 10.011166,44.065743 10.029923,44.060474 10.040164,44.053046 10.043626,44.053333 10.052297,44.05185 10.061349,44.046235 10.06651,44.045946 10.080829,44.041632 10.118466,44.018135 10.118611,44.01844 10.135556,44.024531 10.153514,44.020224 10.157557,44.017708 10.166147,44.005503 10.160581,43.992781 10.165339,43.988982 10.249088,43.896125 10.252251,43.891028 10.252304,43.890887 10.261473,43.898621 10.265202,43.900193 10.284313,43.901972 10.290698,43.898302 10.2936,43.898375 10.295577,43.897746 10.299818,43.895011 10.300096,43.895316 10.301309,43.894732 10.302685,43.893162 10.307022,43.890364 10.307785,43.88942 10.306459,43.888854 10.312151,43.882354 10.311117,43.879644 10.31823,43.877039 10.320793,43.877928 10.326949,43.878242 10.346536,43.872784 10.351927,43.861431 10.352456,43.86152 10.3528,43.86045 10.356836,43.857066 10.356638,43.854827 10.361144,43.851065 10.369447,43.832064 10.367968,43.818495 10.353882,43.80954 10.331116,43.803837 10.325663,43.80469 10.324552,43.803833 10.305178,43.803667 10.30172,43.8047 10.301533,43.804854 10.285576,43.806843 10.283071,43.809366 10.288271,43.795563 10.314788,43.775514 10.315801,43.773634 10.318045,43.772467 10.319581,43.770676 10.322165,43.773337 10.325097,43.774682 10.325969,43.77677 10.330236,43.780768 10.3318,43.78135 10.332631,43.782771 10.340896,43.788702 10.357173,43.793873 10.374027,43.789787 10.382798,43.778543 10.378987,43.765915 10.378133,43.764972 10.374123,43.761558 10.370269,43.759004 10.369219,43.758285 10.366272,43.755419 10.364611,43.754152 10.36459,43.754027 10.359715,43.747748 10.362843,43.746941 10.364864,43.745818 10.374116,43.735066 10.371674,43.723936 10.37362,43.72434 10.390096,43.717771 10.395508,43.704665 10.386749,43.692562 10.33766,43.662611 10.317955,43.65862 10.305197,43.660077 10.305804,43.658998 10.307412,43.65467 10.316229,43.609052 10.319506,43.609964 10.333467,43.614065 10.33327,43.614422 10.333178,43.618195 10.338568,43.629766 10.339575,43.630218 10.33923,43.631923 10.335317,43.633831 10.335272,43.633875 10.332224,43.651115 10.332852,43.652283 10.333938,43.654024 10.334612,43.654967 10.348658,43.66373 10.36711,43.662937 10.379657,43.653032 10.379485,43.64671 10.38218,43.645922 10.382764,43.645428 10.388705,43.634896 10.385361,43.625393 10.400806,43.624377 10.412918,43.614188 10.411972,43.600715 10.398504,43.591488 10.34362,43.575904 10.343199,43.572222 10.336135,43.561024 10.328647,43.555499 10.329296,43.548325 10.325847,43.539124 10.336198,43.528006 10.339804,43.522032 10.352103,43.484246 10.396533,43.45972 10.402255,43.455258 10.42125,43.434189 10.425181,43.426209 10.426523,43.417231 10.427596,43.41716 10.448352,43.405712 10.478247,43.349202 10.479901,43.342179 10.479602,43.334198 10.488243,43.326208 10.500666,43.328515 10.503609,43.331255 10.503989,43.332262 10.505252,43.332785 10.506543,43.333988 10.506964,43.334628 10.507332,43.334722 10.511539,43.338638 10.514549,43.339672 10.524669,43.340267 10.528597,43.343205 10.530798,43.343416 10.533544,43.345219 10.550686,43.349807 10.567422,43.344464 10.574538,43.332132 10.574583,43.33056 10.571239,43.324788 10.571274,43.321435 10.567217,43.317844 10.56669,43.316935 10.564547,43.315481 10.562152,43.31336 10.56248,43.313077 10.561762,43.312628 10.561147,43.312471 10.560512,43.311908 10.55894,43.311234 10.558497,43.311792 10.557563,43.311552 10.556737,43.31074 10.549507,43.307641 10.541877,43.307054 10.541578,43.30695 10.536747,43.303199 10.534367,43.302525 10.527962,43.302218 10.524355,43.300964 10.521275,43.301897 10.52006,43.301838 10.519992,43.301709 10.523348,43.298778 10.527832,43.292915 10.547939,43.248983 10.549056,43.245307 10.56393,43.150711 10.56403,43.14736 10.554106,43.044235 10.553515,43.041372 10.544971,43.014604 10.53732,43.005189 10.536272,43.004508 10.537399,42.996426 10.533407,42.984547 10.520075,42.97728 10.508741,42.974782 10.50976,42.960085 10.514172,42.948612 10.519579,42.947022 10.524046,42.959768 10.539753,42.966818 10.547622,42.965485 10.559805,42.968807 10.56286,42.968719 10.56425,42.969295 10.569525,42.977239 10.575037,42.978729 10.58141,42.986262 10.600638,42.988966 10.616394,42.980383 10.618325,42.977912 10.619724,42.970558 10.678393,42.967544 10.68682,42.965963 10.754028,42.94332 10.761762,42.9392 10.782151,42.923022 10.786739,42.930802 10.803021,42.936087 10.805986,42.936177 10.823627,42.931356 10.831413,42.918701 10.831457,42.917668 10.830145,42.914776 10.833727,42.905715 10.828926,42.898182 10.828688,42.896346 10.827044,42.895228 10.826349,42.894138 10.82352,42.892117 10.823026,42.892495 10.815839,42.887606 10.807444,42.887533 10.796243,42.862837 10.799614,42.845512 10.798898,42.837908 10.788558,42.8115 10.783708,42.804825 10.778127,42.799969 10.798921,42.790216 10.879047,42.782334 10.907763,42.801934 10.921503,42.806586 10.933769,42.80762 10.951676,42.803821 10.957469,42.796121 10.958759,42.795811 10.96728,42.783618 10.968815,42.770733 10.975119,42.768426 10.981369,42.75587 10.981324,42.754567 10.978744,42.750492 10.98223,42.749744 10.991347,42.738139 10.989938,42.733753 11.000382,42.734397 11.014585,42.725579 11.015047,42.721952 11.021034,42.726654 11.02391,42.727732 11.04391,42.728385 11.057816,42.717693 11.057762,42.717194 11.059572,42.717481 11.073062,42.720054 11.073882,42.719754 11.075301,42.719979 11.079525,42.71944 11.094466,42.71287 11.094676,42.712379 11.10615,42.708501 11.113248,42.697043 11.108523,42.684938 11.107849,42.684265 11.101027,42.679634 11.100534,42.67941 11.098379,42.678538 11.097122,42.678089 11.087661,42.677528 11.077615,42.671974 11.053926,42.66659 11.049274,42.662694 11.098183,42.641567 11.108353,42.632989 11.109563,42.621597 11.109149,42.620357 11.117226,42.615385 11.124706,42.607353 11.138019,42.578628 11.155475,42.579887 11.178534,42.571339 11.204174,42.540208 11.207207,42.534569 11.209212,42.527637 11.210818,42.52759 11.218147,42.530786 11.221707,42.53206 11.235544,42.536014 11.250858,42.536525 11.254048,42.535851 11.255982,42.534676 11.261255,42.535 11.275663,42.524697 11.274822,42.509847 11.273699,42.508185 11.263078,42.500231 11.248194,42.498486 11.24711,42.498617 11.226759,42.491932 11.226474,42.491871 11.226236,42.483537 11.226207,42.482536 11.229446,42.478781 11.24033,42.480981 11.256665,42.473619 11.25993,42.46266 11.26864,42.455553 11.268571,42.454865 11.291774,42.442994 11.302166,42.430003 11.299772,42.424716 11.302938,42.42165 11.335042,42.419042 11.336132,42.431096 11.338601,42.435274 11.353125,42.445118 11.372676,42.443691 11.376404,42.442118 11.38798,42.430809 11.385267,42.418008 11.408028,42.41076 11.415081,42.404634 11.474506,42.389248 11.476111,42.388184 11.478364,42.387994 11.545175,42.360409 11.551826,42.365726 11.568677,42.36703 11.582557,42.359761 11.587721,42.354146 11.587812,42.353706 11.598202,42.351496 11.607311,42.339794 11.604804,42.332165 11.650639,42.306842 11.655974,42.302779 11.698123,42.258426 11.71458,42.250629 11.725399,42.238731 11.723134,42.231186 11.727283,42.223365 11.735435,42.217424 11.738613,42.213295 11.739856,42.212568 11.740871,42.208929 11.745674,42.204375 11.745398,42.198401 11.747482,42.195895 11.746133,42.193251 11.746252,42.192543 11.747791,42.191976 11.750352,42.190763 11.760506,42.180854 11.760084,42.174574 11.76285,42.163774 11.759982,42.157403 11.772446,42.138189 11.776843,42.136903 11.791384,42.12474 11.790333,42.120966 11.809432,42.10246 11.809639,42.101874 11.817288,42.098449 11.824609,42.092294 11.830522,42.082633 11.833044,42.068408 11.847478,42.049252 11.911856,42.057106 11.925338,42.054715 11.929488,42.054045 11.929682,42.053944 11.929796,42.053924 11.929851,42.053856 11.978003,42.028886 11.98455,42.023813 11.994821,42.011868 12.023985,42.004698 12.034617,41.999419 12.059274,41.97826 12.060236,41.976127 12.062557,41.974675 12.066768,41.968661 12.137955,41.941263 12.145761,41.936475 12.184968,41.899682 12.187798,41.896327 12.201832,41.874773 12.202796,41.876961 12.208656,41.879864 12.211118,41.882543 12.214794,41.882905 12.215915,41.88346 12.217802,41.883819 12.221891,41.883603 12.230397,41.884439 12.232823,41.8839 12.244487,41.878131 12.249936,41.868461 12.250249,41.86626 12.248251,41.861824 12.24877,41.858989 12.245704,41.856172 12.243772,41.851883 12.239737,41.850687 12.236616,41.847819 12.235449,41.84737 12.225073,41.846343 12.225016,41.846326 12.224994,41.846335 12.220612,41.845901 12.224681,41.839642 12.227147,41.837942 12.229115,41.835044 12.238809,41.83147 12.244685,41.818178 12.238701,41.809391 12.243984,41.808446 12.253532,41.798401 12.259467,41.800155 12.258539,41.804674 12.268233,41.815569 12.271063,41.817052 12.292476,41.819192 12.292476,41.702252 12.225589,41.722905 12.220203,41.727099 12.211126,41.727994 12.199912,41.738636 12.19708,41.745867 12.19838,41.757977 12.197739,41.758174 12.190524,41.770731 12.197025,41.783487 12.198785,41.78409 12.183605,41.820721 12.145864,41.878668 12.111533,41.910867 12.038156,41.939097 12.027797,41.946789 12.021325,41.956026 12.002822,41.971896 11.971827,41.979513 11.959066,41.986901 11.946753,42.001211 11.910015,42.02026 11.838723,42.011553 11.824429,42.013098 11.813871,42.020509 11.788845,42.053697 11.785926,42.060219 11.78408,42.070586 11.781211,42.071098 11.771242,42.07487 11.760732,42.081516 11.757341,42.084143 11.750713,42.090439 11.74962,42.091127 11.746925,42.093103 11.747622,42.093638 11.740767,42.098851 11.74016,42.10399 11.735697,42.109137 11.737167,42.113334 11.733235,42.116052 11.712295,42.148298 11.711117,42.161974 11.712782,42.165681 11.702572,42.174683 11.698528,42.179721 11.673149,42.227517 11.668307,42.22981 11.66152,42.234623 11.618832,42.279517 11.559146,42.31247 11.558067,42.313799 11.456966,42.355564 11.359858,42.380679 11.287487,42.386565 11.270899,42.393508 11.26681,42.397466 11.234656,42.397465 11.234417,42.397369 11.235964,42.39601 11.23623,42.383826 11.235471,42.383113 11.235574,42.382942 11.235618,42.381819 11.231147,42.370817 11.218687,42.364064 11.216576,42.36357 11.21137,42.364154 11.208792,42.35768 11.196839,42.346836 11.178089,42.345675 11.169772,42.347708 11.167328,42.346354 11.147294,42.343296 11.131264,42.352794 11.123901,42.363775 11.085837,42.377009 11.074501,42.385148 11.066188,42.397229 11.064723,42.411129 11.066878,42.416014 11.063618,42.425041 11.068007,42.440942 11.076214,42.443783 11.081717,42.453735 11.098704,42.464445 11.120263,42.460295 11.131485,42.452814 11.148942,42.453395 11.159604,42.467021 11.169362,42.496857 11.168089,42.49829 11.160642,42.523979 11.148333,42.538914 11.140573,42.533787 11.120059,42.536232 11.108697,42.542025 11.099454,42.551048 11.081004,42.590806 11.066409,42.599785 11.058859,42.616793 11.005332,42.639895 11.00339,42.641782 11.000243,42.642752 10.997699,42.647313 10.994027,42.650881 10.994324,42.652543 10.987959,42.656994 10.963363,42.702973 10.927159,42.726734 10.868191,42.743119 10.861364,42.747647 10.787255,42.75493 10.77741,42.757576 10.717052,42.785865 10.706602,42.796243 10.708203,42.809132 10.713411,42.816948 10.726338,42.825752 10.743384,42.825827 10.750577,42.844235 10.7471,42.862024 10.748586,42.866347 10.748201,42.870432 10.757051,42.889982 10.72935,42.911958 10.670608,42.931747 10.597959,42.935471 10.596053,42.936119 10.582762,42.93495 10.579208,42.932193 10.574916,42.919828 10.563461,42.909724 10.547727,42.903402 10.52797,42.901606 10.506371,42.907838 10.499581,42.913744 10.497996,42.913616 10.4817,42.916587 10.471838,42.92663 10.461992,42.952185 10.46109,42.956198 10.458921,42.987099 10.463354,42.998435 10.476326,43.005324 10.486663,43.007605 10.486317,43.010069 10.494478,43.025474 10.499128,43.028495 10.505416,43.048242 10.514956,43.148242 10.500567,43.239278 10.482739,43.278164 10.475653,43.284348 10.473379,43.284259 10.470909,43.285113 10.464765,43.290471 10.463803,43.290876 10.45118,43.302507 10.451166,43.302543 10.450974,43.302621 10.435521,43.316901 10.430189,43.328621 10.430589,43.33954 10.407986,43.382208 10.402053,43.382598 10.387013,43.387686 10.379768,43.398608 10.376862,43.41794 10.36348,43.432771 10.315352,43.459326 10.306196,43.46956 10.292861,43.510435 10.284709,43.519184 10.284413,43.5192 10.280461,43.520008 10.278002,43.520615 10.27661,43.521019 10.263335,43.530183 10.262297,43.54351 10.263704,43.544729 10.262781,43.55178 10.265339,43.558024 10.272846,43.564847 10.272574,43.565892 10.273771,43.56996 10.273772,43.569965 10.274174,43.571331 10.274173,43.571341 10.274179,43.571347 10.275685,43.576469 10.271584,43.581892 10.258875,43.647385 10.245581,43.670984 10.245293,43.684174 10.252742,43.690213 10.2501,43.733367 10.254388,43.741405 10.248142,43.758197 10.248299,43.759086 10.247675,43.759792 10.242771,43.779509 10.243066,43.780393 10.242136,43.781582 10.205402,43.878738 10.12591,43.966805 10.103654,43.979745 10.103361,43.980131 10.102882,43.980246 10.05454,44.010428 10.048649,44.010758 10.043642,44.008643 10.023806,44.013862 10.002471,44.029335 10.002111,44.029323 9.999295,44.02605 9.986252,44.018531 9.969589,44.018661 9.947316,44.024588 9.93857,44.028568 9.90782,44.050146 9.901772,44.04954 9.887574,44.055708 9.882097,44.066478 9.875178,44.067456 9.874975,44.067425 9.873224,44.06201 9.878401,44.058215 9.878597,44.044684 9.872793,44.033966 9.876719,44.028743 9.873178,44.016535 9.859559,44.008908 9.857,44.008325 9.84135,44.008496 9.828935,44.015406 9.827632,44.016798 9.82643,44.024933 9.814428,44.034951 9.814285,44.035217 9.748099,44.073148 9.738189,44.073548 9.717939,44.082615 9.701124,44.103931 9.659352,44.123834 9.656159,44.124554 9.653014,44.12194 9.633968,44.115742 9.61509,44.122196 9.587464,44.146041 9.581637,44.157496 9.58162,44.159139 9.559689,44.165433 9.54762,44.172772 9.54405,44.183878 9.544057,44.183934 9.535754,44.190571 9.514566,44.194633 9.50847,44.197996 9.502126,44.200249 9.481565,44.217143 9.466943,44.215893 9.438654,44.220473 9.423925,44.227456 9.415315,44.235993 9.394777,44.234944 9.380106,44.245689 9.376698,44.2525 9.368724,44.254014 9.359619,44.26758 9.362542,44.272417 9.320282,44.291564 9.318748,44.293018 9.31109,44.294169 9.296406,44.300796 9.295407,44.303094 9.24227,44.324184 9.236253,44.311812 9.239996,44.306344 9.240959,44.291982 9.227059,44.281669 9.207131,44.281957 9.134833,44.305846 9.122124,44.315362 9.121829,44.328576 9.12821,44.340834 9.124084,44.345955 8.980864,44.373935 8.938762,44.374101 8.930772,44.376539 8.917215,44.376495 8.908414,44.379009 8.904744,44.381791 8.870938,44.387916 8.86393,44.387692 8.81503,44.397435 8.811017,44.399972 8.798302,44.395557 8.780273,44.400022 8.77846,44.402669 8.765481,44.405948 8.746794,44.408263 8.709608,44.394057 8.701252,44.38382 8.684247,44.375218 8.657104,44.371553 8.632793,44.354515 8.623075,44.350285 8.585194,44.341383 8.559152,44.322685 8.549446,44.318357 8.520314,44.311294 8.519481,44.305484 8.511079,44.29511 8.503418,44.289224 8.470371,44.273199 8.480361,44.263297 8.4789,44.250756 8.465284,44.229873 8.457412,44.222981 8.442431,44.215068 8.442415,44.21485 8.448764,44.200795 8.443353,44.182946 8.42561,44.16907 8.410447,44.163411 8.379934,44.160566 8.333658,44.14395 8.333643,44.143949 8.33351,44.143839 8.291056,44.128669 8.262297,44.097186 8.251655,44.076865 8.250403,44.042644 8.247321,44.036597 8.252297,44.032812 8.253833,44.021074 8.245037,44.011147 8.241264,44.008991 8.22104,44.005452 8.215633,44.008285 8.186922,43.984601 8.185722,43.976152 8.195477,43.962907 8.196631,43.947717 8.181372,43.937271 8.158434,43.931723 8.150745,43.919029 8.13727,43.90954 8.108633,43.901145 8.088732,43.879179 8.075283,43.87184 8.047522,43.865612 8.041907,43.861172 8.040018,43.860917 8.035763,43.858134 7.989874,43.84641 7.989105,43.844999 7.971701,43.834061 7.933595,43.827512 7.916113,43.818423 7.910456,43.817795 7.900779,43.818111 7.897322,43.81873 7.893106,43.818652 7.889146,43.819481 7.879819,43.818309 7.861685,43.813269 7.851458,43.804387 7.838789,43.79852 7.823802,43.799038 7.804742,43.804178 7.794614,43.802291 7.753427,43.780672 7.736086,43.777369 7.710126,43.779524 7.691839,43.764113 7.667355,43.758332 7.582043,43.772974 7.572104,43.766499 7.545478,43.76345 7.538003,43.765873 7.531872,43.765593 7.510999,43.753388 7.511183,43.749513 7.505961,43.737787 7.491634,43.73122 7.47488,43.732873 7.462328,43.737671 7.448443,43.728121 7.448789,43.727258 7.439679,43.715135 7.421625,43.704538 7.403312,43.700648 7.365908,43.703694 7.362206,43.701906 7.362099,43.700849 7.365928,43.697903 7.372669,43.684681 7.364284,43.671947 7.354451,43.669563 7.34386,43.658991 7.324693,43.657053 7.309501,43.665767 7.30802,43.667736 7.287418,43.671579 7.284104,43.673793 7.256303,43.670828 7.234608,43.639432 7.215385,43.629604 7.202408,43.628481 7.18256,43.633261 7.181469,43.635271 7.170689,43.634877 7.150848,43.606618 7.153928,43.594751 7.155419,43.593531 7.155182,43.582554 7.160616,43.579217 7.164124,43.568089 7.160835,43.543072 7.154372,43.532523 7.140496,43.526984 7.123792,43.524829 7.102895,43.529255 7.094953,43.544063 7.095682,43.550446 7.095204,43.550685 7.083442,43.547419 7.071026,43.536148 7.080436,43.533057 7.094173,43.521144 7.090051,43.505831 7.075766,43.500333 7.073981,43.495682 7.055294,43.489295 7.036974,43.489205 7.02079,43.493534 7.012459,43.504566 7.014158,43.510402 7.013792,43.510768 7.013645,43.511238 7.007152,43.518978 7.010479,43.530433 6.982807,43.52859 6.966841,43.521589 6.965918,43.518917 6.977384,43.508433 6.979492,43.499764 6.977158,43.488371 6.967766,43.474943 6.952057,43.468066 6.947101,43.447284 6.933701,43.434169 6.91909,43.428877 6.919333,43.428505 6.919378,43.427292 6.91504,43.416564 6.902916,43.40975 6.901704,43.409436 6.893247,43.410177 6.876159,43.407514 6.875758,43.406331 6.862464,43.39437 6.841443,43.394263 6.827731,43.398925 6.796808,43.391072 6.772158,43.394783 6.760712,43.402443 6.755458,43.393829 6.756842,43.391802 6.752103,43.379302 6.739414,43.366744 6.74124,43.348738 6.737249,43.337463 6.724713,43.330301 6.694055,43.322492 6.694942,43.318236 6.697455,43.313749 6.696301,43.311718 6.696745,43.309585 6.6929,43.305736 6.690202,43.300989 6.687269,43.300099 6.685604,43.298431 6.679463,43.297729 6.675086,43.2964 6.692817,43.293161 6.703957,43.286961 6.706053,43.285652 6.714722,43.279587 6.720895,43.260494 6.714152,43.246571 6.705698,43.23814 6.68828,43.228555 6.688556,43.219863 6.698621,43.212365 6.705231,43.196311 6.691,43.183161 6.667422,43.175492 6.671245,43.169449 6.66705,43.157618 6.653588,43.150442 6.643987,43.150886 6.64217,43.148665 6.629387,43.140951 6.612882,43.140935 6.600129,43.148624 6.585317,43.166788 6.56575,43.16998 6.560178,43.167851 6.559213,43.161544 6.548309,43.148454 6.531069,43.146594 6.506199,43.135047 6.485816,43.133067 6.46824,43.137089 6.455133,43.128702 6.437261,43.124305 6.420575,43.130484 6.387776,43.122296 6.384414,43.115298 6.390919,43.110626 6.392916,43.098804 6.388193,43.08268 6.378049,43.071552 6.360319,43.068609 6.317482,43.073638 6.297625,43.087059 6.297111,43.088583 6.289171,43.088689 6.270209,43.095744 6.265731,43.100057 6.246267,43.095877 6.237143,43.09523 6.207774,43.097226 6.189835,43.087936 6.183578,43.079534 6.183596,43.079491 6.183505,43.077695 6.179019,43.069441 6.177673,43.050542 6.179536,43.050163 6.194355,43.041569 6.196437,43.027735 6.193217,43.024798 6.19831,43.023679 6.204843,43.029072 6.216972,43.030848 6.229618,43.04134 6.249037,43.041765 6.262711,43.031622 6.273799,43.010733 6.274133,42.998255 6.26342,42.988574 6.213168,42.966616 6.186624,42.967376 6.148989,42.986954 6.14641,42.989632 6.146231,42.989733 6.138057,42.997983 6.137496,42.999142 6.122217,43.006919 6.121274,43.008222 6.121186,43.008344 6.118535,43.012072 6.118329,43.013695 6.103425,43.010396 6.083229,43.012469 6.072227,43.025119 6.069797,43.037874 6.074591,43.05136 6.09097,43.058343 6.105649,43.059744 6.105702,43.060866 6.100275,43.066531 6.079666,43.068562 6.026256,43.060572 6.004791,43.06499 5.997144,43.080419 5.99801,43.08558 5.996412,43.08651 5.965983,43.089064 5.973746,43.073431 5.970643,43.063685 5.958948,43.052106 5.939514,43.050499 5.930582,43.05253 5.921256,43.049421 5.895799,43.051809 5.890317,43.055075 5.880684,43.03909 5.870229,43.03063 5.855004,43.028477 5.826626,43.031261 5.810125,43.038497 5.800921,43.047814 5.784569,43.051024 5.779731,43.053174 5.774898,43.052279 5.758525,43.060127 5.757746,43.063468 5.750212,43.065877 5.748685,43.066954 5.741169,43.079539 5.7479,43.092401 5.749921,43.093973 5.761593,43.097659 5.748011,43.103219 5.744203,43.110208 5.741299,43.109923 5.737931,43.110956 5.730661,43.114409 5.729223,43.115397 5.727806,43.117886 5.723404,43.11798 5.705398,43.126701 5.702177,43.125997 5.687907,43.126064 5.676132,43.131969 5.66315,43.14387 5.657772,43.154778 5.661075,43.162436 5.64548,43.16952 5.635928,43.168524 5.641141,43.15987 5.64105,43.157893 5.633344,43.145335 5.615873,43.140391 5.603031,43.144556 5.592364,43.145024 5.558055,43.158674 5.550272,43.163563 5.529114,43.183906 5.528069,43.186493 5.527761,43.186234 5.510289,43.180064 5.509257,43.180352 5.508549,43.179895 5.490153,43.180541 5.464001,43.189428 5.459386,43.185917 5.441485,43.18517 5.409118,43.192985 5.412214,43.190035 5.412109,43.189406 5.412338,43.189345 5.413416,43.188626 5.414757,43.18766 5.416374,43.186402 5.422714,43.171069 5.416299,43.164526 5.415933,43.162715 5.413554,43.161726 5.409936,43.158034 5.407287,43.157002 5.400388,43.156249 5.397103,43.154881 5.389963,43.154567 5.380264,43.155583 5.364188,43.159804 5.348585,43.172738 5.34782,43.175208 5.349198,43.182749 5.349045,43.182557 5.342578,43.185341 5.334363,43.193332 5.316946,43.195758 5.31223,43.198856 5.311836,43.199494 5.306766,43.201508 5.300894,43.213663 5.300938,43.214965 5.308139,43.227307 5.324921,43.232621 5.327212,43.232666 5.32883,43.232127 5.341119,43.253281 5.347352,43.256492 5.347126,43.257868 5.336382,43.264057 5.330335,43.261375 5.328674,43.261151 5.324061,43.262177 5.317363,43.257205 5.316854,43.256837 5.304232,43.247991 5.287595,43.242978 5.270802,43.247606 5.262824,43.259404 5.267928,43.272068 5.270141,43.274158 5.268523,43.275653 5.270931,43.289549 5.286148,43.298035 5.315845,43.303651 5.328274,43.301977 5.328313,43.302059 5.329304,43.302474 5.330897,43.309785 5.316783,43.326093 5.316102,43.328919 5.315713,43.32909 5.31037,43.33417 5.303397,43.336388 5.302232,43.337227 5.255952,43.316024 5.24254,43.313272 5.181546,43.313867 5.15964,43.308806 5.148678,43.30816 5.096958,43.313699 5.083383,43.308629 5.0708,43.310899 5.067238,43.309197 5.046035,43.307182 5.042502,43.309705 5.040535,43.309239 5.025011,43.313821 5.00215,43.328865 4.994685,43.338062 4.995638,43.348439 4.992365,43.352757 4.990837,43.361487 4.966532,43.381896 4.965973,43.383621 4.958699,43.387654 4.949217,43.399498 4.947625,43.40786 4.93845,43.408052 4.928427,43.411991 4.924626,43.404907 4.923605,43.40411 4.932118,43.400562 4.937822,43.395126 4.941883,43.379031 4.93914,43.37225 4.933559,43.365071 4.880107,43.32277 4.865404,43.317129 4.853191,43.315872 4.852693,43.315951 4.840494,43.310069 4.822783,43.312236 4.788348,43.327371 4.736578,43.332954 4.731409,43.332738 4.711522,43.330766 4.710137,43.330629 4.683563,43.327988 4.676369,43.32805 4.669685,43.328834 4.668718,43.328574 4.654188,43.328016 4.59752,43.338523 4.591876,43.340134 4.570094,43.348753 4.569151,43.349126 4.568553,43.349231 4.5674,43.349819 4.55101,43.356299 4.541264,43.363335 4.530885,43.376943 4.528797,43.39089 4.540993,43.401756 4.561868,43.409805 4.561553,43.416399 4.539702,43.430413 4.461196,43.439886 4.408266,43.429021 4.392893,43.42951 4.38664,43.433213 4.343339,43.43759 4.34265,43.437854 4.278852,43.440137 4.277782,43.440508 4.27661,43.440283 4.237481,43.444201 4.226207,43.442195 4.1646,43.4536 4.158486,43.455397 4.109177,43.475873 4.098953,43.484054 4.088213,43.501345 4.089157,43.51761 4.098424,43.522199 4.098257,43.522628 4.101629,43.527402 4.102257,43.529394 4.103433,43.529993 4.094598,43.535661 4.082483,43.535186 4.078335,43.53634 4.07648,43.535814 4.044328,43.538481 3.983447,43.526481 3.907998,43.495848 3.848734,43.458604 3.81712,43.430194 3.811033,43.426259 3.76078,43.403223 3.756717,43.402833 3.755512,43.402411 3.752327,43.389269 3.737524,43.381278 3.70699,43.375441 3.696917,43.376201 3.660465,43.370239 3.575758,43.305512 3.575758,43.452351 3.586926,43.458134</coordinates></LinearRing></outerBoundaryIs><innerBoundaryIs><LinearRing><coordinates>3.622286,43.405109 3.632605,43.410352 3.634367,43.410672 3.646845,43.425848 3.607544,43.404393 3.587487,43.383583 3.601367,43.394062 3.605023,43.396335 3.613446,43.400617 3.616732,43.402535 3.619546,43.403957 3.621927,43.40499 3.622286,43.405109</coordinates></LinearRing></innerBoundaryIs><innerBoundaryIs><LinearRing><coordinates>4.885826,43.387223 4.883851,43.388293 4.882695,43.384589 4.88739,43.38668 4.887481,43.387297 4.885826,43.387223</coordinates></LinearRing></innerBoundaryIs><innerBoundaryIs><LinearRing><coordinates>4.678636,43.52533 4.695091,43.521884 4.704462,43.511427 4.70491,43.509989 4.703586,43.49896 4.702732,43.497478 4.688216,43.487616 4.683673,43.483075 4.680964,43.481611 4.690941,43.477923 4.692244,43.47662 4.696157,43.46139 4.682459,43.449514 4.680707,43.44893 4.673045,43.44947 4.668158,43.447862 4.651294,43.448187 4.652527,43.446876 4.651003,43.446105 4.653345,43.44526 4.653794,43.444901 4.655487,43.443388 4.656475,43.442399 4.656576,43.442247 4.661218,43.439568 4.663472,43.438538 4.665403,43.436516 4.666867,43.432552 4.667665,43.431974 4.669695,43.428786 4.670735,43.428873 4.675801,43.426338 4.687416,43.431392 4.70736,43.425922 4.709419,43.421279 4.710082,43.421445 4.707655,43.432387 4.722905,43.467823 4.71361,43.495673 4.716171,43.508925 4.721839,43.51223 4.708742,43.518258 4.673941,43.551907 4.673904,43.551936 4.676034,43.548595 4.670507,43.536049 4.666627,43.532567 4.666525,43.531597 4.66514,43.52949 4.665487,43.527943 4.659549,43.519938 4.662245,43.519531 4.663033,43.520104 4.678636,43.52533</coordinates></LinearRing></innerBoundaryIs><innerBoundaryIs><LinearRing><coordinates>4.486364,43.575877 4.485209,43.576859 4.485257,43.57808 4.482531,43.581077 4.47639,43.574813 4.476375,43.574805 4.482796,43.573404 4.483056,43.57324 4.486364,43.575877</coordinates></LinearRing></innerBoundaryIs><innerBoundaryIs><LinearRing><coordinates>5.136216,43.442689 5.132099,43.445968 5.110123,43.422264 5.129192,43.419638 5.162363,43.437226 5.165135,43.439211 5.150885,43.437055 5.136216,43.442689</coordinates></LinearRing></innerBoundaryIs><innerBoundaryIs><LinearRing><coordinates>5.203379,43.468076 5.198847,43.465824 5.20276,43.465398 5.203778,43.466928 5.203379,43.468076</coordinates></LinearRing></innerBoundaryIs><innerBoundaryIs><LinearRing><coordinates>6.664011,43.295705 6.648114,43.290901 6.647831,43.2904 6.649405,43.290387 6.656651,43.287848 6.657738,43.289003 6.672195,43.295705 6.664011,43.295705</coordinates></LinearRing></innerBoundaryIs><innerBoundaryIs><LinearRing><coordinates>10.276031,43.828039 10.276727,43.830702 10.273557,43.835002 10.274611,43.839862 10.269862,43.844395 10.276031,43.828039</coordinates></LinearRing></innerBoundaryIs><innerBoundaryIs><LinearRing><coordinates>10.300363,43.72201 10.301801,43.698181 10.313959,43.696717 10.345054,43.714565 10.332155,43.715902 10.330852,43.716576 10.324028,43.726339 10.316474,43.728131 10.304018,43.729 10.303987,43.729011 10.302145,43.722596 10.300363,43.72201</coordinates></LinearRing></innerBoundaryIs><innerBoundaryIs><LinearRing><coordinates>11.115247,42.418673 11.114605,42.415014 11.115129,42.40977 11.113942,42.407083 11.151973,42.393855 11.163404,42.385554 11.16449,42.383934 11.168948,42.384473 11.16922,42.385158 11.179655,42.395357 11.181446,42.396185 11.181315,42.397164 11.185202,42.410298 11.183605,42.411758 11.182965,42.413517 11.168702,42.413737 11.160156,42.412495 11.156384,42.413303 11.151665,42.417319 11.123825,42.416392 11.115247,42.418673</coordinates></LinearRing></innerBoundaryIs><innerBoundaryIs><LinearRing><coordinates>4.788244,43.419563 4.784641,43.417562 4.78997,43.414697 4.789809,43.415757 4.790337,43.417059 4.789618,43.417313 4.789253,43.418509 4.788244,43.419563</coordinates></LinearRing></innerBoundaryIs><innerBoundaryIs><LinearRing><coordinates>4.547321,43.539992 4.559702,43.53456 4.560805,43.533661 4.57113,43.530046 4.575757,43.527126 4.578148,43.523238 4.590114,43.522307 4.591288,43.521721 4.610327,43.534581 4.605062,43.541721 4.547946,43.551157 4.517773,43.545326 4.547321,43.539992</coordinates></LinearRing></innerBoundaryIs><innerBoundaryIs><LinearRing><coordinates>4.040744,43.575825 4.040736,43.575804 4.040772,43.575837 4.040744,43.575825</coordinates></LinearRing></innerBoundaryIs></Polygon></MultiGeometry>
  </Placemark>
  <Placemark>
	<name>EMSCW-26 Border</name>
	<Style><LineStyle><color>ff0000ff</color></LineStyle><PolyStyle><fill>0</fill></PolyStyle></Style>
	<ExtendedData><SchemaData schemaUrl="#emscw_all">
		<SimpleData name="tessellate">-1</SimpleData>
		<SimpleData name="extrude">0</SimpleData>
		<SimpleData name="visibility">-1</SimpleData>
		<SimpleData name="layer">emscw-26</SimpleData>
		<SimpleData name="path">/home/anomalia/projects/dashboards_minka/emscw_2026/polygons/emscw-26.kml|layername=emscw-26|geometrytype=Polygon</SimpleData>
	</SchemaData></ExtendedData>
      <MultiGeometry><Polygon><outerBoundaryIs><LinearRing><coordinates>-18.116212,27.785159 -18.101707,27.774498 -18.086824,27.771754 -18.044106,27.778496 -18.00948,27.806473 -18.010235,27.819152 -18.006154,27.83152 -17.994455,27.839069 -17.983444,27.841955 -17.972625,27.852581 -17.960872,27.858594 -17.922237,27.865423 -17.90727,27.862496 -17.883327,27.846458 -17.877297,27.839409 -17.865084,27.812367 -17.868676,27.793188 -17.883687,27.776696 -17.886704,27.770373 -17.891504,27.768105 -17.896675,27.762422 -17.908159,27.728396 -17.924713,27.71466 -17.936717,27.712477 -17.939395,27.707959 -17.939398,27.693636 -17.942159,27.684175 -17.953467,27.665825 -17.951973,27.650522 -17.961084,27.632891 -17.974602,27.624044 -17.995821,27.622428 -18.019084,27.633924 -18.02588,27.639807 -18.043432,27.665949 -18.059013,27.675411 -18.160933,27.693002 -18.172026,27.699163 -18.175865,27.71067 -18.173404,27.754462 -18.164222,27.769535 -18.140191,27.785214 -18.127902,27.788868 -18.116212,27.785159</coordinates></LinearRing></outerBoundaryIs><innerBoundaryIs><LinearRing><coordinates>-17.976339,27.786101 -18.023546,27.747974 -18.034159,27.743275 -18.08652,27.735013 -18.093805,27.735089 -18.116708,27.739311 -18.12461,27.742674 -18.131264,27.747565 -18.133979,27.745794 -18.135078,27.726383 -18.045193,27.710858 -18.038409,27.708345 -18.016442,27.695002 -18.011065,27.689902 -17.993973,27.664436 -17.993705,27.664304 -17.993847,27.665751 -17.991171,27.676834 -17.97938,27.695983 -17.979383,27.710134 -17.976802,27.719305 -17.966609,27.736509 -17.951715,27.746649 -17.94245,27.748337 -17.933553,27.77473 -17.929459,27.781618 -17.906836,27.806493 -17.912505,27.819032 -17.925782,27.827925 -17.949156,27.823794 -17.959274,27.81386 -17.969244,27.808237 -17.969337,27.808213 -17.968958,27.801785 -17.976339,27.786101</coordinates></LinearRing></innerBoundaryIs></Polygon><Polygon><outerBoundaryIs><LinearRing><coordinates>-13.990959,28.744155 -13.976711,28.752821 -13.96234,28.753372 -13.953418,28.759729 -13.941792,28.762501 -13.929942,28.769163 -13.91586,28.767065 -13.91385,28.765966 -13.899693,28.772784 -13.887999,28.774943 -13.877352,28.770848 -13.866748,28.762512 -13.857677,28.763271 -13.857677,28.708584 -13.858605,28.711122 -13.869576,28.713811 -13.882827,28.726922 -13.886696,28.728338 -13.894739,28.734661 -13.90685,28.728827 -13.921358,28.729003 -13.922063,28.728196 -13.939604,28.720762 -13.942389,28.722304 -13.944036,28.72113 -13.956228,28.716989 -13.96802,28.716538 -13.977957,28.709502 -13.986042,28.708069 -13.988997,28.702941 -13.997253,28.696609 -13.990695,28.6831 -13.990855,28.668312 -14.017238,28.614027 -14.013414,28.597921 -14.016963,28.582978 -14.044403,28.548041 -14.044314,28.547726 -14.045912,28.534837 -14.073499,28.484267 -14.073872,28.483957 -14.073991,28.483182 -14.08675,28.462792 -14.091805,28.457311 -14.122845,28.433867 -14.122865,28.433833 -14.129839,28.428404 -14.137783,28.408424 -14.142208,28.367745 -14.145163,28.359696 -14.160393,28.336657 -14.166154,28.330892 -14.18586,28.317635 -14.192593,28.288835 -14.1878,28.264212 -14.187825,28.257747 -14.19466,28.223252 -14.19836,28.215336 -14.208692,28.202223 -14.212529,28.198477 -14.296891,28.134772 -14.298745,28.132318 -14.303865,28.129084 -14.304662,28.128897 -14.306894,28.127208 -14.307057,28.127111 -14.308961,28.125461 -14.309827,28.125462 -14.311043,28.124738 -14.318086,28.121525 -14.319635,28.120229 -14.323423,28.11909 -14.360624,28.102105 -14.364502,28.100747 -14.424501,28.085698 -14.337863,28.064626 -14.264294,28.137799 -14.260594,28.139245 -14.239505,28.1716 -14.230567,28.179211 -14.20631,28.190353 -14.198092,28.19237 -14.163191,28.194117 -14.144097,28.203554 -14.14108,28.203872 -14.138629,28.205406 -14.022366,28.229487 -14.016635,28.228656 -14.000945,28.241483 -13.987082,28.246475 -13.953145,28.246769 -13.933225,28.263035 -13.919626,28.286585 -13.922114,28.291884 -13.922745,28.304407 -13.914666,28.328303 -13.903494,28.337488 -13.897838,28.358414 -13.895666,28.36337 -13.870312,28.404016 -13.870979,28.413781 -13.876707,28.418471 -13.877123,28.41915 -13.881557,28.421917 -13.884693,28.434039 -13.884245,28.437363 -13.878747,28.446956 -13.887067,28.474298 -13.886365,28.485893 -13.881516,28.497302 -13.879504,28.499298 -13.878527,28.502348 -13.872374,28.50958 -13.862556,28.515095 -13.857677,28.523975 -13.857677,28.352001 -13.859553,28.348996 -13.866851,28.322043 -13.872946,28.312512 -13.879748,28.309289 -13.882226,28.301971 -13.878856,28.294788 -13.87975,28.27892 -13.899789,28.244248 -13.904554,28.238687 -13.933435,28.21511 -13.947299,28.210124 -13.981224,28.209834 -13.999817,28.194636 -14.011664,28.189753 -14.023433,28.192112 -14.12933,28.170178 -14.149962,28.159982 -14.158767,28.157688 -14.193993,28.155928 -14.208647,28.149199 -14.236517,28.106461 -14.247775,28.097932 -14.251518,28.097962 -14.317862,28.031978 -14.338444,28.026202 -14.356451,28.030593 -14.357058,28.030173 -14.357642,28.030038 -14.371944,28.031656 -14.374076,28.032743 -14.374366,28.032888 -14.376629,28.035509 -14.466632,28.057363 -14.506576,28.04976 -14.522207,28.05285 -14.529511,28.06569 -14.523698,28.079865 -14.515448,28.0879 -14.51767,28.093673 -14.514031,28.111669 -14.506171,28.120609 -14.491181,28.127936 -14.475969,28.122729 -14.472866,28.119756 -14.460021,28.12287 -14.447583,28.122237 -14.439734,28.119351 -14.37488,28.135623 -14.329386,28.156394 -14.239125,28.224583 -14.233295,28.231986 -14.227972,28.258914 -14.232833,28.28383 -14.232687,28.290878 -14.223444,28.330495 -14.215091,28.342241 -14.192236,28.357623 -14.181748,28.373499 -14.177551,28.412244 -14.176403,28.416846 -14.165629,28.443976 -14.159294,28.452293 -14.14793,28.461143 -14.147725,28.461207 -14.147595,28.461421 -14.119458,28.482679 -14.109367,28.498816 -14.10935,28.499012 -14.085223,28.543278 -14.0858,28.545325 -14.082428,28.560914 -14.054733,28.596202 -14.058043,28.610114 -14.056696,28.621557 -14.031271,28.673926 -14.036921,28.685554 -14.038451,28.694635 -14.035941,28.716285 -14.030208,28.727543 -14.018182,28.733476 -14.015224,28.733023 -14.001696,28.74225 -13.990959,28.744155</coordinates></LinearRing></outerBoundaryIs></Polygon><Polygon><outerBoundaryIs><LinearRing><coordinates>-15.602485,28.164927 -15.550392,28.164502 -15.538684,28.170826 -15.520068,28.171968 -15.473617,28.15265 -15.472416,28.151415 -15.470474,28.151042 -15.462494,28.145848 -15.455553,28.147488 -15.454197,28.149032 -15.45903,28.160066 -15.459389,28.172443 -15.451006,28.182691 -15.431556,28.194955 -15.411911,28.196959 -15.399351,28.191955 -15.393634,28.190957 -15.391703,28.189385 -15.390273,28.186158 -15.386622,28.183131 -15.385621,28.178301 -15.3827,28.176598 -15.378598,28.166428 -15.378241,28.157984 -15.383993,28.144098 -15.387087,28.142775 -15.387043,28.141516 -15.388006,28.13524 -15.38877,28.133039 -15.394276,28.126485 -15.397156,28.11808 -15.392836,28.108966 -15.391646,28.098366 -15.398913,28.064436 -15.393275,28.053729 -15.358859,28.022505 -15.353552,28.007791 -15.353913,28.005306 -15.347585,27.996548 -15.3492,27.98423 -15.35891,27.975137 -15.360326,27.974473 -15.36205,27.970422 -15.358295,27.961916 -15.359026,27.956406 -15.344839,27.945265 -15.338556,27.934507 -15.341546,27.922113 -15.352412,27.913871 -15.366076,27.913631 -15.367365,27.914046 -15.372305,27.895656 -15.365418,27.888394 -15.361444,27.872594 -15.366208,27.854628 -15.372792,27.844578 -15.378964,27.841953 -15.385044,27.830707 -15.399533,27.826618 -15.405187,27.804935 -15.420522,27.790416 -15.477473,27.776124 -15.545084,27.749148 -15.551382,27.732663 -15.56915,27.719489 -15.597621,27.716435 -15.611223,27.719678 -15.624116,27.728478 -15.637117,27.728054 -15.659138,27.736417 -15.664947,27.733316 -15.686289,27.733789 -15.697921,27.741288 -15.705174,27.751085 -15.705974,27.754073 -15.713939,27.756578 -15.763133,27.797023 -15.770591,27.797823 -15.781491,27.802569 -15.801927,27.821026 -15.805138,27.824933 -15.849074,27.898676 -15.851256,27.909171 -15.846953,27.943893 -15.853145,27.96337 -15.852043,27.976193 -15.839539,28.001492 -15.841206,28.0054 -15.839891,28.021048 -15.825912,28.030859 -15.7964,28.037295 -15.783029,28.053057 -15.778654,28.055466 -15.774584,28.059198 -15.749227,28.069442 -15.729322,28.089917 -15.731327,28.091394 -15.732544,28.105096 -15.718609,28.146123 -15.724276,28.152643 -15.727849,28.167436 -15.717646,28.180243 -15.700839,28.182058 -15.699796,28.18174 -15.693518,28.185583 -15.677122,28.188366 -15.664776,28.179077 -15.664535,28.1786 -15.643982,28.187355 -15.631763,28.188881 -15.621302,28.183674 -15.602485,28.164927</coordinates></LinearRing></outerBoundaryIs><innerBoundaryIs><LinearRing><coordinates>-15.607029,27.763957 -15.595801,27.756296 -15.59355,27.757308 -15.592382,27.757308 -15.584804,27.754515 -15.584505,27.754547 -15.579563,27.767498 -15.567704,27.779203 -15.489809,27.810291 -15.488162,27.810331 -15.486881,27.811209 -15.441065,27.822711 -15.434076,27.849556 -15.42546,27.861158 -15.416783,27.863204 -15.415378,27.865286 -15.404414,27.87184 -15.409603,27.877307 -15.413571,27.89316 -15.403429,27.930981 -15.396627,27.940896 -15.400018,27.949132 -15.399196,27.955343 -15.403786,27.961783 -15.402968,27.973088 -15.394527,27.992942 -15.393326,27.99416 -15.395059,27.99794 -15.394531,28.001593 -15.424694,28.028947 -15.425932,28.031827 -15.428306,28.033675 -15.43801,28.052088 -15.439516,28.063312 -15.432181,28.097628 -15.440027,28.114161 -15.440938,28.113619 -15.463752,28.10823 -15.4799,28.110803 -15.493482,28.119644 -15.52923,28.134512 -15.536739,28.130456 -15.547572,28.127755 -15.613674,28.128294 -15.627401,28.133778 -15.642276,28.148599 -15.658713,28.141596 -15.670652,28.140024 -15.679004,28.141264 -15.690321,28.10799 -15.687787,28.098772 -15.689318,28.083321 -15.694696,28.072102 -15.72322,28.042777 -15.730733,28.037758 -15.755264,28.027851 -15.770077,28.010395 -15.782174,28.003216 -15.799483,27.999445 -15.799644,27.9954 -15.812576,27.969261 -15.807351,27.952798 -15.806715,27.945733 -15.81078,27.913038 -15.771037,27.846288 -15.757008,27.833614 -15.750032,27.832865 -15.739762,27.828661 -15.691952,27.789354 -15.689486,27.789482 -15.67723,27.786238 -15.670235,27.77661 -15.669098,27.772359 -15.668652,27.772596 -15.650848,27.773907 -15.627841,27.765173 -15.627149,27.765474 -15.607029,27.763957</coordinates></LinearRing></innerBoundaryIs></Polygon><Polygon><outerBoundaryIs><LinearRing><coordinates>-17.234756,28.218393 -17.19441,28.216244 -17.180107,28.208971 -17.171746,28.197803 -17.166132,28.19746 -17.154291,28.192697 -17.137952,28.178113 -17.110943,28.169423 -17.099333,28.157975 -17.095869,28.146286 -17.091601,28.143732 -17.083392,28.131116 -17.079986,28.097787 -17.087674,28.081159 -17.149754,28.03336 -17.157684,28.021003 -17.174347,28.017581 -17.176311,28.017971 -17.186144,28.010361 -17.201823,28.005768 -17.225527,28.007944 -17.235573,28.003538 -17.248697,28.002033 -17.275641,28.007332 -17.285575,28.012606 -17.289985,28.022013 -17.298951,28.025296 -17.300249,28.026515 -17.301984,28.026754 -17.330412,28.043055 -17.338931,28.056023 -17.33944,28.061619 -17.350685,28.068224 -17.365373,28.08758 -17.368144,28.101759 -17.360897,28.129745 -17.364575,28.146936 -17.359078,28.163651 -17.355764,28.166889 -17.355854,28.167201 -17.353861,28.180975 -17.345419,28.19499 -17.344961,28.195715 -17.334138,28.212021 -17.321457,28.220923 -17.283812,28.230807 -17.282895,28.230716 -17.281892,28.231297 -17.265,28.234262 -17.248195,28.229987 -17.234756,28.218393</coordinates></LinearRing></outerBoundaryIs><innerBoundaryIs><LinearRing><coordinates>-17.200391,28.169026 -17.2087,28.180123 -17.246719,28.182145 -17.258518,28.186728 -17.269885,28.196535 -17.275242,28.195595 -17.304622,28.187884 -17.310731,28.178684 -17.314914,28.171746 -17.313995,28.16857 -17.31922,28.150741 -17.323122,28.146932 -17.320639,28.135295 -17.320835,28.127561 -17.32707,28.103525 -17.321445,28.096109 -17.315593,28.095104 -17.305253,28.089829 -17.300596,28.079829 -17.299712,28.07008 -17.280145,28.058857 -17.270957,28.055492 -17.270094,28.054681 -17.266961,28.054248 -17.256248,28.04917 -17.252135,28.040765 -17.24441,28.039245 -17.235482,28.043161 -17.224499,28.044973 -17.203832,28.043078 -17.192925,28.051519 -17.181431,28.054275 -17.180458,28.055936 -17.180405,28.055953 -17.180275,28.056168 -17.120973,28.101852 -17.122532,28.11704 -17.125224,28.11865 -17.132852,28.128301 -17.135626,28.137655 -17.157397,28.144656 -17.164135,28.148471 -17.178497,28.161289 -17.18625,28.161762 -17.200391,28.169026</coordinates></LinearRing></innerBoundaryIs></Polygon><Polygon><outerBoundaryIs><LinearRing><coordinates>-16.729626,28.402093 -16.715377,28.404543 -16.710229,28.403698 -16.701146,28.411528 -16.688728,28.412011 -16.683972,28.416754 -16.671246,28.41927 -16.603956,28.412477 -16.582542,28.4197 -16.568145,28.431822 -16.554429,28.437063 -16.519645,28.438228 -16.513468,28.446734 -16.499795,28.455266 -16.492059,28.456752 -16.487652,28.465789 -16.477546,28.471976 -16.472113,28.473552 -16.470183,28.479647 -16.460866,28.490928 -16.45313,28.49236 -16.44451,28.50167 -16.441043,28.519393 -16.433149,28.53136 -16.393128,28.560426 -16.378139,28.564654 -16.378099,28.564634 -16.378032,28.564653 -16.367435,28.5638 -16.353266,28.569214 -16.35324,28.570095 -16.345367,28.584564 -16.334722,28.592606 -16.319785,28.59711 -16.306405,28.590867 -16.305007,28.58929 -16.285094,28.589382 -16.27843,28.594416 -16.265431,28.595166 -16.223214,28.584556 -16.176456,28.601175 -16.175405,28.604091 -16.174147,28.605349 -16.155444,28.611649 -16.154096,28.611469 -16.141137,28.603988 -16.140933,28.602804 -16.126747,28.598343 -16.116516,28.59045 -16.101652,28.565339 -16.103815,28.54535 -16.1066,28.542034 -16.105798,28.535395 -16.109374,28.522652 -16.121195,28.514714 -16.124976,28.51494 -16.127896,28.511284 -16.142555,28.50325 -16.159397,28.501212 -16.183102,28.483024 -16.191603,28.478997 -16.21163,28.474233 -16.211677,28.474197 -16.22281,28.470814 -16.235492,28.44419 -16.253944,28.432245 -16.257804,28.432026 -16.285947,28.402849 -16.288661,28.400475 -16.307795,28.386374 -16.321566,28.381996 -16.327434,28.38211 -16.343284,28.369577 -16.349035,28.354248 -16.340822,28.31609 -16.344869,28.30094 -16.362852,28.279421 -16.367974,28.261195 -16.370094,28.256409 -16.404799,28.200485 -16.406077,28.165259 -16.409912,28.157194 -16.407033,28.145209 -16.416578,28.13256 -16.436062,28.121029 -16.468477,28.085938 -16.467779,28.082777 -16.473043,28.066154 -16.479928,28.063662 -16.480893,28.061046 -16.494105,28.053985 -16.497064,28.054587 -16.506926,28.042408 -16.513094,28.037228 -16.524188,28.03098 -16.527447,28.020844 -16.540663,28.007816 -16.559148,28.009841 -16.56345,28.012709 -16.592556,28.011177 -16.615796,28.002922 -16.630471,27.990707 -16.649412,27.986066 -16.66091,27.98866 -16.667036,27.98423 -16.686671,27.981012 -16.711954,27.989319 -16.72392,28.002785 -16.728259,28.029738 -16.746556,28.037936 -16.756819,28.052474 -16.758076,28.078076 -16.792673,28.105319 -16.796411,28.109381 -16.821478,28.147644 -16.823945,28.154029 -16.82524,28.162231 -16.830191,28.164758 -16.837668,28.171968 -16.848406,28.191953 -16.848453,28.192807 -16.849248,28.193555 -16.86475,28.231865 -16.864634,28.244544 -16.859865,28.256303 -16.859917,28.256362 -16.860013,28.256361 -16.872931,28.260842 -16.878831,28.272193 -16.879442,28.280072 -16.89183,28.287638 -16.899982,28.302574 -16.89982,28.306349 -16.910412,28.318197 -16.920209,28.324497 -16.922285,28.323558 -16.925698,28.323558 -16.938589,28.328097 -16.94443,28.339469 -16.942858,28.344284 -16.943464,28.345139 -16.941163,28.357949 -16.934563,28.368775 -16.917372,28.378987 -16.897878,28.380396 -16.8385,28.407932 -16.834827,28.408236 -16.831651,28.409866 -16.827464,28.408846 -16.823093,28.409208 -16.820548,28.407161 -16.817036,28.406305 -16.800633,28.394332 -16.752637,28.393142 -16.751119,28.392289 -16.745454,28.396258 -16.734223,28.40027 -16.731741,28.399772 -16.729626,28.402093</coordinates></LinearRing></outerBoundaryIs><innerBoundaryIs><LinearRing><coordinates>-16.658505,28.026497 -16.647912,28.024108 -16.63864,28.031827 -16.631853,28.035681 -16.601755,28.046374 -16.595429,28.04764 -16.557573,28.049633 -16.55056,28.057925 -16.550531,28.057929 -16.550529,28.057932 -16.536054,28.066086 -16.519103,28.087025 -16.507239,28.093905 -16.505077,28.10128 -16.463893,28.145887 -16.459028,28.149807 -16.453152,28.153286 -16.454409,28.157315 -16.448309,28.169298 -16.445944,28.171509 -16.444783,28.20393 -16.442034,28.212757 -16.406178,28.27058 -16.400643,28.290309 -16.397923,28.29375 -16.396794,28.297363 -16.382078,28.314983 -16.389572,28.349721 -16.388819,28.35927 -16.379392,28.384425 -16.373009,28.393033 -16.346374,28.414102 -16.332019,28.418928 -16.325726,28.418806 -16.3142,28.427303 -16.281313,28.461408 -16.267074,28.467867 -16.255728,28.491705 -16.242575,28.502705 -16.22218,28.508904 -16.221489,28.508864 -16.220742,28.509359 -16.204118,28.513315 -16.179339,28.53233 -16.168325,28.536804 -16.15445,28.538485 -16.148938,28.545389 -16.146382,28.547018 -16.143407,28.556469 -16.14891,28.565761 -16.158923,28.568908 -16.21707,28.548243 -16.229875,28.547569 -16.268697,28.557331 -16.277645,28.552768 -16.315322,28.552595 -16.317168,28.547564 -16.32672,28.540519 -16.358696,28.528305 -16.368528,28.526877 -16.375972,28.527476 -16.402788,28.508006 -16.406401,28.489577 -16.414734,28.477302 -16.416526,28.476841 -16.429104,28.463262 -16.434785,28.461334 -16.436683,28.455347 -16.45106,28.44191 -16.45439,28.440944 -16.454459,28.440463 -16.460086,28.429661 -16.471527,28.42372 -16.485295,28.421077 -16.492709,28.410872 -16.509873,28.401948 -16.54779,28.400684 -16.559482,28.390841 -16.566742,28.386774 -16.596831,28.376626 -16.60623,28.375546 -16.664361,28.381423 -16.673056,28.373607 -16.685817,28.373026 -16.692204,28.367109 -16.705369,28.365209 -16.711,28.366136 -16.71776,28.359801 -16.732404,28.36065 -16.739971,28.355349 -16.756476,28.351568 -16.764106,28.356681 -16.810837,28.357836 -16.822175,28.361562 -16.833837,28.370076 -16.883444,28.34707 -16.880116,28.344239 -16.863497,28.325641 -16.859333,28.314011 -16.859364,28.313297 -16.848078,28.306401 -16.839968,28.293459 -16.839657,28.289424 -16.833457,28.28678 -16.821105,28.27272 -16.818325,28.255349 -16.824413,28.240357 -16.812036,28.209739 -16.803871,28.194532 -16.795992,28.190509 -16.786786,28.17815 -16.784727,28.165072 -16.763103,28.132045 -16.724722,28.101811 -16.718354,28.089622 -16.717238,28.06673 -16.700141,28.059065 -16.699198,28.058033 -16.697839,28.057803 -16.694515,28.05291 -16.690626,28.048656 -16.690783,28.04742 -16.689986,28.046247 -16.68586,28.020562 -16.681363,28.019084 -16.676276,28.022763 -16.658505,28.026497</coordinates></LinearRing></innerBoundaryIs></Polygon><Polygon><outerBoundaryIs><LinearRing><coordinates>-17.886509,28.858404 -17.88279,28.85673 -17.855497,28.851007 -17.79185,28.86122 -17.780297,28.859973 -17.768751,28.855256 -17.759085,28.8459 -17.73307,28.782932 -17.711556,28.753485 -17.710659,28.748831 -17.708344,28.743922 -17.708347,28.732603 -17.710876,28.726933 -17.712086,28.721911 -17.746537,28.675232 -17.731631,28.628333 -17.73115,28.620399 -17.740684,28.568117 -17.746131,28.558037 -17.770255,28.534087 -17.801239,28.483615 -17.801256,28.483497 -17.824035,28.446356 -17.837365,28.436771 -17.853439,28.438934 -17.876388,28.45281 -17.883573,28.461324 -17.89229,28.484588 -17.892124,28.486685 -17.893198,28.488393 -17.898717,28.533721 -17.915125,28.560733 -17.939393,28.581602 -17.945146,28.595009 -17.944419,28.607472 -17.952119,28.622531 -17.958658,28.624504 -17.964978,28.636044 -17.965453,28.641639 -17.979107,28.654749 -17.983588,28.662193 -17.999401,28.719026 -18.025347,28.750767 -18.028708,28.76429 -18.02458,28.785311 -18.017023,28.797018 -17.993963,28.814506 -17.986268,28.832635 -17.975432,28.843398 -17.943012,28.85799 -17.937515,28.865452 -17.927809,28.872783 -17.915574,28.873995 -17.89994,28.87112 -17.88924,28.865326 -17.886509,28.858404</coordinates></LinearRing></outerBoundaryIs><innerBoundaryIs><LinearRing><coordinates>-17.916811,28.831713 -17.921705,28.827809 -17.951683,28.814322 -17.958344,28.798644 -17.964822,28.790465 -17.98613,28.774313 -17.987392,28.767905 -17.964126,28.739427 -17.961047,28.733506 -17.945539,28.677691 -17.934141,28.666743 -17.928157,28.664132 -17.92452,28.654797 -17.922526,28.652644 -17.919933,28.64894 -17.905563,28.620819 -17.903829,28.612488 -17.904347,28.603659 -17.884248,28.586368 -17.880825,28.582344 -17.861245,28.550091 -17.859021,28.543666 -17.853318,28.496667 -17.847499,28.481123 -17.836189,28.499575 -17.836172,28.499692 -17.803932,28.552249 -17.800926,28.556033 -17.779462,28.577354 -17.771732,28.619852 -17.788033,28.671058 -17.785154,28.686668 -17.748788,28.735979 -17.748788,28.736016 -17.768438,28.762896 -17.77035,28.766295 -17.794244,28.824086 -17.855176,28.814306 -17.863221,28.814475 -17.896632,28.821481 -17.900794,28.822829 -17.915164,28.829296 -17.916811,28.831713</coordinates></LinearRing></innerBoundaryIs></Polygon><Polygon><outerBoundaryIs><LinearRing><coordinates>-16.056793,30.004724 -16.069513,30.010092 -16.074611,30.021825 -16.074662,30.045944 -16.068026,30.059769 -16.051452,30.074189 -16.034697,30.079707 -16.020049,30.071904 -16.018545,30.05922 -16.013799,30.058863 -15.997684,30.04842 -15.992431,30.036965 -15.991833,30.025031 -15.999703,30.014894 -16.012647,30.010921 -16.016625,30.01091 -16.018455,30.008412 -16.031163,30.000126 -16.046247,30.001671 -16.050321,30.006407 -16.056793,30.004724</coordinates></LinearRing></outerBoundaryIs></Polygon><Polygon><outerBoundaryIs><LinearRing><coordinates>-15.872577,30.11625 -15.873659,30.115675 -15.87568,30.115361 -15.891366,30.11878 -15.898548,30.131503 -15.898593,30.132446 -15.897587,30.134806 -15.898996,30.139663 -15.901731,30.141099 -15.902674,30.142132 -15.906955,30.153774 -15.90691,30.154807 -15.899995,30.168133 -15.891811,30.170974 -15.879939,30.177315 -15.865969,30.17535 -15.861881,30.173238 -15.860399,30.17168 -15.85814,30.176847 -15.842553,30.182846 -15.839408,30.182846 -15.824695,30.176927 -15.820302,30.163006 -15.82907,30.150101 -15.830642,30.149068 -15.833306,30.148276 -15.832649,30.136314 -15.838798,30.122063 -15.854599,30.116073 -15.872577,30.11625</coordinates></LinearRing></outerBoundaryIs></Polygon><Polygon><outerBoundaryIs><LinearRing><coordinates>-16.473952,32.469285 -16.470877,32.464871 -16.463568,32.429786 -16.450561,32.417127 -16.445633,32.404555 -16.452325,32.39204 -16.466944,32.386483 -16.48143,32.390948 -16.49944,32.405184 -16.505311,32.413932 -16.514032,32.446807 -16.514251,32.453833 -16.512502,32.462772 -16.509418,32.46757 -16.510654,32.468544 -16.541386,32.521026 -16.549664,32.525671 -16.558559,32.539064 -16.56044,32.567918 -16.562435,32.570034 -16.56664,32.578307 -16.568034,32.586346 -16.561491,32.602618 -16.542445,32.607911 -16.539076,32.607417 -16.528367,32.60269 -16.522869,32.593486 -16.520447,32.581269 -16.520468,32.581204 -16.49372,32.544267 -16.49361,32.543642 -16.492151,32.542565 -16.474639,32.51121 -16.472706,32.50491 -16.470601,32.479711 -16.473952,32.469285</coordinates></LinearRing></outerBoundaryIs></Polygon><Polygon><outerBoundaryIs><LinearRing><coordinates>-17.261718,32.761474 -17.265466,32.768735 -17.270524,32.792025 -17.28088,32.800799 -17.286744,32.813685 -17.279819,32.8268 -17.214199,32.880933 -17.199269,32.886353 -17.170157,32.886982 -17.154935,32.881632 -17.113067,32.843401 -17.049497,32.826794 -17.022908,32.831994 -17.000962,32.8449 -16.984573,32.847965 -16.963454,32.844547 -16.906205,32.853625 -16.889336,32.849968 -16.855298,32.825612 -16.842123,32.822872 -16.834119,32.813548 -16.834472,32.807725 -16.824283,32.802619 -16.816109,32.794625 -16.812192,32.786657 -16.809774,32.784475 -16.746593,32.77469 -16.738902,32.772007 -16.730251,32.766965 -16.695726,32.769773 -16.679496,32.764893 -16.664,32.751641 -16.663965,32.751568 -16.661535,32.750778 -16.661078,32.750393 -16.659996,32.749962 -16.657871,32.747637 -16.655759,32.746827 -16.655447,32.746546 -16.643456,32.743964 -16.635653,32.733046 -16.638762,32.720062 -16.651157,32.711785 -16.654614,32.710842 -16.66743,32.710787 -16.668912,32.711191 -16.670652,32.712672 -16.671706,32.712564 -16.67449,32.713193 -16.680203,32.715344 -16.682808,32.716781 -16.684814,32.719274 -16.693542,32.7233 -16.694638,32.724867 -16.695041,32.725115 -16.708204,32.720939 -16.723816,32.723371 -16.733535,32.719774 -16.745129,32.708639 -16.75303,32.686623 -16.767324,32.673938 -16.777282,32.670981 -16.783718,32.657076 -16.789449,32.649927 -16.816354,32.628596 -16.82113,32.626998 -16.824907,32.624346 -16.844486,32.618957 -16.855109,32.618397 -16.901447,32.626217 -16.907426,32.623537 -16.913803,32.623177 -16.916647,32.623968 -16.93746,32.616214 -16.955604,32.616627 -16.992179,32.633091 -17.018553,32.634164 -17.026426,32.635863 -17.079708,32.657888 -17.107267,32.660191 -17.118274,32.664146 -17.150526,32.687585 -17.222841,32.720412 -17.229242,32.725054 -17.261718,32.761474</coordinates></LinearRing></outerBoundaryIs><innerBoundaryIs><LinearRing><coordinates>-16.798998,32.702347 -16.790093,32.704992 -16.784143,32.721596 -16.77938,32.728819 -16.767141,32.74058 -16.825947,32.749682 -16.836839,32.754682 -16.846002,32.762945 -16.847199,32.765773 -16.849958,32.768015 -16.852805,32.773803 -16.870214,32.782523 -16.87899,32.791888 -16.878902,32.793871 -16.910345,32.81637 -16.961888,32.808194 -16.969684,32.808193 -16.985891,32.810817 -17.003778,32.800299 -17.011505,32.797389 -17.047789,32.790294 -17.058632,32.790594 -17.132547,32.809904 -17.141212,32.814505 -17.180587,32.850455 -17.191973,32.850209 -17.235251,32.814527 -17.229923,32.805853 -17.224607,32.78133 -17.197604,32.751033 -17.127193,32.719063 -17.123707,32.71704 -17.094557,32.695853 -17.06967,32.693773 -17.06285,32.692144 -17.010034,32.670313 -16.983303,32.669225 -16.974846,32.667271 -16.943046,32.652959 -16.916538,32.662832 -16.903861,32.664063 -16.850061,32.654989 -16.840396,32.65765 -16.821076,32.672973 -16.812699,32.691091 -16.798998,32.702347</coordinates></LinearRing></innerBoundaryIs></Polygon><Polygon><outerBoundaryIs><LinearRing><coordinates>-16.305086,33.119358 -16.306992,33.128267 -16.306543,33.129884 -16.294468,33.142785 -16.275604,33.142965 -16.273897,33.142246 -16.26295,33.128822 -16.270041,33.112898 -16.267609,33.110735 -16.267191,33.098126 -16.267596,33.097093 -16.274501,33.089413 -16.274333,33.089271 -16.26843,33.076048 -16.271751,33.07017 -16.26923,33.069147 -16.258575,33.058126 -16.261362,33.043539 -16.275768,33.0349 -16.277968,33.034496 -16.296088,33.038476 -16.29818,33.040087 -16.298739,33.040447 -16.299784,33.041944 -16.31716,33.042398 -16.321736,33.042018 -16.32199,33.042186 -16.361052,33.016433 -16.359993,33.005995 -16.360762,33.003892 -16.360282,33.003287 -16.363626,32.989542 -16.377251,32.981328 -16.393179,32.983453 -16.405798,32.990234 -16.414748,33.00165 -16.4111,33.015542 -16.40969,33.017287 -16.409697,33.017285 -16.422704,33.021053 -16.429736,33.031036 -16.43095,33.036291 -16.428467,33.048986 -16.416882,33.057589 -16.404956,33.057793 -16.399904,33.062246 -16.392037,33.085345 -16.383009,33.095948 -16.364188,33.106954 -16.362454,33.107874 -16.331278,33.122789 -16.318259,33.125118 -16.306529,33.120529 -16.305086,33.119358</coordinates></LinearRing></outerBoundaryIs><innerBoundaryIs><LinearRing><coordinates>-16.317456,33.081327 -16.323871,33.083151 -16.325787,33.084706 -16.342255,33.076827 -16.353466,33.070273 -16.355277,33.064966 -16.339991,33.075041 -16.325786,33.079039 -16.316799,33.078806 -16.317456,33.081327</coordinates></LinearRing></innerBoundaryIs></Polygon><Polygon><outerBoundaryIs><LinearRing><coordinates>-13.889226,28.902144 -13.87068,28.910935 -13.857677,28.927589 -13.857677,28.840904 -13.86454,28.838076 -13.877337,28.836764 -13.887991,28.842667 -13.892528,28.847741 -13.896556,28.856169 -13.900694,28.882398 -13.898451,28.893803 -13.889226,28.902144</coordinates></LinearRing></outerBoundaryIs></Polygon></MultiGeometry>
  </Placemark>
  <Placemark>
	<name>EMSCW-27 Border</name>
	<Style><LineStyle><color>ff0000ff</color></LineStyle><PolyStyle><fill>0</fill></PolyStyle></Style>
	<ExtendedData><SchemaData schemaUrl="#emscw_all">
		<SimpleData name="tessellate">-1</SimpleData>
		<SimpleData name="extrude">0</SimpleData>
		<SimpleData name="visibility">-1</SimpleData>
		<SimpleData name="layer">emscw-27</SimpleData>
		<SimpleData name="path">/home/anomalia/projects/dashboards_minka/emscw_2026/polygons/emscw-27.kml|layername=emscw-27|geometrytype=Polygon</SimpleData>
	</SchemaData></ExtendedData>
      <MultiGeometry><Polygon><outerBoundaryIs><LinearRing><coordinates>-13.857647,28.763273 -13.852903,28.757912 -13.846639,28.766919 -13.828582,28.778329 -13.814035,28.781663 -13.801468,28.775191 -13.79482,28.767375 -13.792738,28.748923 -13.802399,28.729476 -13.811688,28.720304 -13.81831,28.719193 -13.811458,28.700424 -13.810483,28.695461 -13.805124,28.556577 -13.810516,28.543175 -13.816345,28.537177 -13.815085,28.528612 -13.817146,28.517704 -13.835568,28.484199 -13.845267,28.476215 -13.837373,28.450228 -13.838551,28.437942 -13.837483,28.437067 -13.83132,28.425291 -13.829798,28.402833 -13.832539,28.392271 -13.857677,28.352001 -13.857677,28.523975 -13.855834,28.52733 -13.85752,28.538748 -13.852299,28.553919 -13.845672,28.560741 -13.850699,28.689495 -13.857677,28.708584 -13.857677,28.763271 -13.857647,28.763273</coordinates></LinearRing></outerBoundaryIs></Polygon><Polygon><outerBoundaryIs><LinearRing><coordinates>-13.851502,28.9355 -13.852669,28.937263 -13.851908,28.939886 -13.852629,28.942445 -13.847496,28.974145 -13.851548,28.983273 -13.851056,28.997708 -13.830313,29.039034 -13.825404,29.04524 -13.791763,29.073945 -13.783856,29.078264 -13.774479,29.08115 -13.758859,29.094503 -13.726064,29.101422 -13.714742,29.100872 -13.714026,29.100639 -13.706013,29.106425 -13.698817,29.108364 -13.696055,29.112351 -13.686458,29.119914 -13.679522,29.122723 -13.679435,29.123722 -13.675259,29.130955 -13.656632,29.141522 -13.63992,29.141792 -13.631794,29.138664 -13.612965,29.150965 -13.597235,29.154387 -13.580882,29.151871 -13.572404,29.148527 -13.555289,29.136554 -13.553756,29.137038 -13.543884,29.146818 -13.542019,29.168905 -13.540195,29.175301 -13.526122,29.203366 -13.541071,29.200936 -13.553481,29.202498 -13.562048,29.210455 -13.566496,29.219033 -13.567552,29.231562 -13.55932,29.242178 -13.54371,29.252375 -13.537945,29.272528 -13.542019,29.27116 -13.556449,29.278523 -13.55901,29.293528 -13.553848,29.309923 -13.541805,29.322465 -13.523945,29.322063 -13.519048,29.319682 -13.510505,29.311011 -13.510329,29.306925 -13.504531,29.308283 -13.492631,29.303481 -13.485583,29.297289 -13.48156,29.297289 -13.465488,29.289555 -13.455203,29.275315 -13.452672,29.26138 -13.460135,29.251958 -13.450776,29.243447 -13.441006,29.240386 -13.409696,29.219137 -13.402281,29.203301 -13.408132,29.154522 -13.415698,29.141784 -13.440103,29.123109 -13.428872,29.099094 -13.429406,29.084041 -13.446254,29.052117 -13.445864,29.018457 -13.449716,29.007332 -13.460005,29.000103 -13.461311,28.999664 -13.467495,28.986313 -13.481051,28.975117 -13.498486,28.970177 -13.508214,28.961846 -13.508522,28.960771 -13.517592,28.949312 -13.517816,28.949177 -13.528346,28.947245 -13.533673,28.943301 -13.534947,28.943325 -13.539879,28.940371 -13.541689,28.940153 -13.542508,28.93918 -13.5439,28.938417 -13.559656,28.936178 -13.56024,28.936313 -13.562096,28.937696 -13.576043,28.936013 -13.596385,28.925495 -13.596476,28.925382 -13.633439,28.904141 -13.644619,28.901132 -13.684683,28.900964 -13.723035,28.890596 -13.72963,28.870408 -13.734683,28.862486 -13.77201,28.826694 -13.788197,28.820563 -13.803015,28.827727 -13.811273,28.838298 -13.821024,28.838116 -13.82822,28.841287 -13.849383,28.838991 -13.855561,28.841776 -13.857677,28.840904 -13.857677,28.927589 -13.851502,28.9355</coordinates></LinearRing></outerBoundaryIs><innerBoundaryIs><LinearRing><coordinates>-13.59094,28.969488 -13.583234,28.971857 -13.553179,28.975482 -13.548713,28.982183 -13.535953,28.991002 -13.531933,28.990555 -13.521744,28.999282 -13.513331,29.003765 -13.500776,29.007325 -13.494862,29.020103 -13.486483,29.02739 -13.486804,29.054027 -13.484745,29.062373 -13.46981,29.090701 -13.483399,29.119723 -13.484285,29.131268 -13.477263,29.141354 -13.447527,29.16412 -13.443807,29.195257 -13.461677,29.207381 -13.468256,29.207567 -13.476382,29.210171 -13.480614,29.207148 -13.483314,29.201772 -13.482143,29.198723 -13.488533,29.186045 -13.489386,29.185281 -13.492073,29.184327 -13.501864,29.164818 -13.504015,29.139477 -13.509608,29.127925 -13.528249,29.109468 -13.537152,29.104139 -13.554217,29.09875 -13.572886,29.101291 -13.594569,29.116461 -13.59769,29.116942 -13.621802,29.10119 -13.635805,29.09757 -13.641337,29.100009 -13.644029,29.097785 -13.665592,29.089056 -13.66915,29.083924 -13.674625,29.080244 -13.68147,29.075388 -13.688112,29.073599 -13.690142,29.070369 -13.701189,29.061711 -13.715406,29.061449 -13.724839,29.064518 -13.740791,29.061154 -13.752928,29.049739 -13.76833,29.045 -13.795377,29.02193 -13.810699,28.991434 -13.807849,28.985007 -13.806671,28.975709 -13.809849,28.956139 -13.808704,28.955633 -13.807311,28.954241 -13.802693,28.939543 -13.803461,28.938493 -13.801904,28.935885 -13.808336,28.921278 -13.816638,28.918409 -13.841178,28.886994 -13.848915,28.88086 -13.853617,28.878632 -13.84433,28.878574 -13.840683,28.876931 -13.819868,28.87927 -13.81055,28.875166 -13.810364,28.875252 -13.796558,28.876909 -13.785321,28.870165 -13.783349,28.867641 -13.766881,28.883435 -13.758423,28.909363 -13.743823,28.922633 -13.690993,28.936919 -13.687759,28.936627 -13.685106,28.937615 -13.648509,28.937771 -13.616732,28.956034 -13.616305,28.956107 -13.61587,28.956594 -13.59094,28.969488</coordinates></LinearRing></innerBoundaryIs></Polygon><Polygon><outerBoundaryIs><LinearRing><coordinates>-13.543019,29.414301 -13.522401,29.428812 -13.511133,29.432856 -13.499626,29.430637 -13.477569,29.419271 -13.468151,29.406056 -13.474396,29.390671 -13.489129,29.377378 -13.493124,29.375802 -13.496448,29.372953 -13.516163,29.365724 -13.528295,29.364732 -13.538511,29.370127 -13.545563,29.377357 -13.547454,29.382679 -13.550213,29.387223 -13.551294,29.397374 -13.543019,29.414301</coordinates></LinearRing></outerBoundaryIs></Polygon><Polygon><outerBoundaryIs><LinearRing><coordinates>-5.544977,35.880525 -5.520204,35.905888 -5.504948,35.912392 -5.502574,35.916253 -5.491278,35.925007 -5.48252,35.925404 -5.481443,35.926396 -5.468814,35.932299 -5.454651,35.930602 -5.442022,35.925157 -5.436948,35.927769 -5.425625,35.927629 -5.41951,35.933364 -5.402341,35.939717 -5.385747,35.933032 -5.383572,35.930762 -5.373168,35.93429 -5.349778,35.930753 -5.331037,35.915875 -5.316191,35.917626 -5.30995,35.915505 -5.302593,35.920651 -5.286621,35.925037 -5.271794,35.918966 -5.263395,35.910925 -5.258239,35.900275 -5.262,35.889059 -5.268424,35.88111 -5.284176,35.87294 -5.311303,35.869875 -5.321854,35.864526 -5.330971,35.838905 -5.306852,35.702823 -5.306421,35.702174 -5.278757,35.704373 -5.26221,35.699857 -5.255264,35.686655 -5.255312,35.678525 -5.261809,35.665579 -5.277344,35.660004 -5.292819,35.665064 -5.293676,35.66678 -5.317403,35.66489 -5.338253,35.673925 -5.347284,35.687532 -5.349704,35.69351 -5.375168,35.836694 -5.374501,35.844488 -5.361575,35.880872 -5.35717,35.885622 -5.370562,35.896253 -5.382989,35.892037 -5.396818,35.891199 -5.405069,35.895603 -5.417042,35.89119 -5.42832,35.891331 -5.434357,35.88689 -5.451615,35.887909 -5.46332,35.892957 -5.468841,35.891672 -5.475926,35.880156 -5.492442,35.870141 -5.497865,35.871611 -5.524054,35.844802 -5.524371,35.844665 -5.525865,35.841964 -5.53642,35.833297 -5.55608,35.829232 -5.561395,35.825594 -5.575541,35.821299 -5.576827,35.821677 -5.589882,35.814845 -5.606501,35.812368 -5.620081,35.820283 -5.622669,35.833957 -5.612744,35.845381 -5.581839,35.861554 -5.575994,35.862186 -5.575563,35.862481 -5.567518,35.863824 -5.567587,35.864028 -5.566644,35.867307 -5.566225,35.867233 -5.566411,35.868983 -5.56457,35.871813 -5.552856,35.880408 -5.544977,35.880525</coordinates></LinearRing></outerBoundaryIs></Polygon><Polygon><outerBoundaryIs><LinearRing><coordinates>-8.603563,38.453222 -8.605737,38.465496 -8.597328,38.476177 -8.595396,38.47739 -8.57777,38.481251 -8.562486,38.473786 -8.561363,38.472483 -8.560546,38.47146 -8.559782,38.470426 -8.557768,38.456085 -8.569742,38.444903 -8.588025,38.444047 -8.591842,38.44517 -8.603563,38.453222</coordinates></LinearRing></outerBoundaryIs></Polygon><Polygon><outerBoundaryIs><LinearRing><coordinates>-6.047028,36.984448 -6.047791,36.984224 -6.062008,36.983915 -6.073372,36.990622 -6.074495,36.991925 -6.077606,37.007009 -6.065262,37.018892 -6.06351,37.019566 -6.042787,37.018963 -6.032026,37.004781 -6.031892,37.003029 -6.035642,36.991734 -6.047028,36.984448</coordinates></LinearRing></outerBoundaryIs></Polygon><Polygon><outerBoundaryIs><LinearRing><coordinates>-8.93757,37.204881 -8.921984,37.214052 -8.916178,37.215005 -8.91294,37.218535 -8.883438,37.270529 -8.885441,37.279479 -8.892873,37.283143 -8.897953,37.293366 -8.900027,37.319147 -8.895241,37.331634 -8.867262,37.360789 -8.866563,37.361102 -8.866031,37.363727 -8.836575,37.405001 -8.820369,37.446398 -8.820622,37.47407 -8.819864,37.475588 -8.820336,37.477176 -8.809048,37.533708 -8.813632,37.552293 -8.83895,37.589157 -8.8411,37.601825 -8.81667,37.686736 -8.81876,37.701631 -8.816354,37.712037 -8.813851,37.715946 -8.81671,37.724517 -8.825224,37.729229 -8.834255,37.747017 -8.816741,37.822788 -8.818233,37.823658 -8.819536,37.825769 -8.820776,37.839078 -8.814758,37.845109 -8.827537,37.912693 -8.832575,37.915175 -8.841536,37.913165 -8.851317,37.90964 -8.867949,37.915343 -8.872488,37.919314 -8.880212,37.923993 -8.880919,37.925117 -8.887553,37.922663 -8.903054,37.926518 -8.910982,37.937765 -8.912557,37.946883 -8.910038,37.957992 -8.850977,38.046231 -8.804907,38.176553 -8.799777,38.270744 -8.822508,38.36696 -8.851214,38.415958 -8.904886,38.459155 -8.909654,38.455504 -8.927759,38.455994 -8.929061,38.456488 -8.938777,38.463713 -8.941563,38.467665 -8.941814,38.468246 -8.965565,38.463596 -8.970463,38.456475 -8.978764,38.449512 -9.017027,38.430652 -9.031924,38.427961 -9.036247,38.428351 -9.051467,38.420011 -9.070027,38.4172 -9.102059,38.423286 -9.121827,38.413879 -9.13436,38.411231 -9.159332,38.411693 -9.17962,38.397365 -9.180757,38.397042 -9.181299,38.396337 -9.188553,38.394825 -9.196201,38.392649 -9.197197,38.393023 -9.198303,38.392792 -9.226548,38.395801 -9.243139,38.404896 -9.243527,38.421057 -9.216583,38.466275 -9.206385,38.517504 -9.122235,38.517504 -9.125214,38.514972 -9.134567,38.506683 -9.16491,38.494245 -9.171999,38.458749 -9.173869,38.456297 -9.17404,38.453746 -9.179866,38.443986 -9.166219,38.447995 -9.138787,38.447491 -9.116671,38.458016 -9.099396,38.460174 -9.06822,38.454254 -9.054351,38.461854 -9.038499,38.465042 -9.033543,38.464595 -9.007505,38.477432 -9.000613,38.487461 -8.985544,38.49669 -8.951358,38.503386 -8.947837,38.51176 -8.942109,38.517504 -8.678528,38.517504 -8.679214,38.513009 -8.679529,38.512605 -8.684865,38.507818 -8.686348,38.506875 -8.687696,38.50649 -8.683764,38.495564 -8.686829,38.490146 -8.685927,38.483583 -8.686152,38.483089 -8.694473,38.474312 -8.70189,38.472286 -8.700558,38.46032 -8.699363,38.460372 -8.682268,38.455213 -8.657386,38.435332 -8.65097,38.437993 -8.650376,38.438478 -8.648244,38.439124 -8.640263,38.442433 -8.633029,38.442388 -8.618653,38.438148 -8.611834,38.428413 -8.584709,38.430284 -8.583448,38.430371 -8.582166,38.430459 -8.568072,38.432154 -8.567219,38.431487 -8.56133,38.431891 -8.559375,38.43309 -8.543676,38.43266 -8.539947,38.431447 -8.52791,38.421889 -8.527921,38.419989 -8.525835,38.418414 -8.519006,38.406481 -8.518025,38.389722 -8.504917,38.38883 -8.49265,38.384875 -8.492001,38.384082 -8.475611,38.382432 -8.465257,38.371717 -8.464494,38.369426 -8.464473,38.369338 -8.463076,38.368277 -8.461894,38.355607 -8.462209,38.354754 -8.470459,38.345199 -8.472076,38.344211 -8.479666,38.341118 -8.480609,38.340894 -8.496696,38.341766 -8.498689,38.343411 -8.502381,38.342112 -8.516714,38.345114 -8.517266,38.345132 -8.522251,38.348051 -8.52545,38.35359 -8.544536,38.355022 -8.550303,38.357474 -8.556073,38.358658 -8.557371,38.360478 -8.559755,38.361492 -8.561414,38.366148 -8.564567,38.370569 -8.567222,38.388648 -8.569138,38.388596 -8.581484,38.392009 -8.587014,38.3914 -8.596947,38.384328 -8.606749,38.384359 -8.608382,38.383907 -8.609514,38.384368 -8.613613,38.38438 -8.617768,38.387534 -8.61909,38.387857 -8.645805,38.384898 -8.657616,38.386079 -8.658682,38.38643 -8.661269,38.385268 -8.678756,38.389822 -8.684101,38.393728 -8.68488,38.395045 -8.699843,38.39996 -8.73622,38.402619 -8.737967,38.401348 -8.766348,38.392906 -8.773089,38.393243 -8.772362,38.392113 -8.770825,38.379022 -8.777136,38.372373 -8.754495,38.276263 -8.754135,38.272186 -8.759558,38.17382 -8.760401,38.169659 -8.767133,38.150675 -8.75867,38.145619 -8.75566,38.133165 -8.763788,38.122009 -8.767516,38.119539 -8.768954,38.118658 -8.770269,38.117915 -8.762594,38.10258 -8.764955,38.086808 -8.761522,38.076168 -8.773139,38.063451 -8.792625,38.062331 -8.795634,38.063274 -8.797618,38.064611 -8.807963,38.035369 -8.809844,38.03165 -8.838685,37.988631 -8.834329,37.979523 -8.843567,37.966701 -8.83927,37.967083 -8.826572,37.960205 -8.82518,37.958632 -8.823156,37.952964 -8.821166,37.952574 -8.794436,37.93941 -8.793921,37.938827 -8.79316,37.938693 -8.788962,37.933219 -8.784563,37.928243 -8.784696,37.927656 -8.784214,37.927028 -8.767982,37.840874 -8.768115,37.834887 -8.787167,37.752717 -8.783725,37.750811 -8.775489,37.74142 -8.760301,37.745579 -8.754497,37.749655 -8.737057,37.748769 -8.725979,37.738163 -8.725126,37.735872 -8.725918,37.723817 -8.726952,37.721796 -8.726985,37.721775 -8.726579,37.719981 -8.725693,37.719648 -8.722548,37.71575 -8.714622,37.707283 -8.714868,37.706229 -8.713165,37.704117 -8.713076,37.700793 -8.713245,37.700455 -8.704732,37.700252 -8.702261,37.699398 -8.691647,37.691547 -8.689458,37.68 -8.695622,37.671048 -8.691603,37.663183 -8.691599,37.649622 -8.703361,37.639613 -8.720277,37.638779 -8.732844,37.647589 -8.745625,37.668361 -8.746284,37.668404 -8.760792,37.674111 -8.766429,37.68627 -8.766255,37.69406 -8.767058,37.694831 -8.767054,37.694864 -8.76722,37.695027 -8.770587,37.704329 -8.771171,37.70416 -8.773083,37.701178 -8.771335,37.688664 -8.771783,37.682556 -8.795205,37.601342 -8.772343,37.568022 -8.770044,37.562944 -8.764032,37.538508 -8.763899,37.532143 -8.775566,37.473905 -8.775372,37.45118 -8.770992,37.444587 -8.769824,37.429867 -8.782721,37.41905 -8.784255,37.419075 -8.794447,37.393079 -8.796461,37.38939 -8.821644,37.354137 -8.820791,37.351313 -8.810654,37.343343 -8.809711,37.341052 -8.810855,37.32747 -8.815398,37.324074 -8.819671,37.317931 -8.835549,37.313662 -8.850427,37.319259 -8.850786,37.319572 -8.854621,37.315577 -8.853831,37.305671 -8.84345,37.296846 -8.837978,37.27232 -8.839714,37.261478 -8.873236,37.202465 -8.875697,37.199105 -8.881812,37.192444 -8.884249,37.18337 -8.8873,37.181993 -8.882711,37.172088 -8.883026,37.158875 -8.90298,37.119533 -8.906999,37.114283 -8.936901,37.086642 -8.939729,37.068128 -8.945355,37.058071 -8.95769,37.046773 -8.956931,37.045089 -8.957973,37.041765 -8.947087,37.036713 -8.940201,37.029323 -8.930254,37.037633 -8.920415,37.040287 -8.914146,37.050028 -8.893553,37.060138 -8.872302,37.060013 -8.854643,37.073584 -8.839748,37.078718 -8.794511,37.08021 -8.754797,37.09284 -8.736826,37.101704 -8.721445,37.104204 -8.696308,37.100979 -8.69789,37.103097 -8.699841,37.118106 -8.686951,37.129387 -8.668234,37.129046 -8.664112,37.127397 -8.653177,37.132665 -8.651402,37.132939 -8.650949,37.133568 -8.647057,37.15012 -8.639747,37.158194 -8.6389,37.160134 -8.63747,37.160708 -8.635333,37.163069 -8.631155,37.163246 -8.623293,37.166405 -8.617419,37.164805 -8.616905,37.16496 -8.613997,37.163873 -8.610274,37.162859 -8.609968,37.163319 -8.60889,37.16287 -8.608465,37.162372 -8.606106,37.163711 -8.603039,37.163214 -8.594835,37.168125 -8.576767,37.165047 -8.568162,37.151951 -8.567849,37.147325 -8.571221,37.136672 -8.572267,37.135295 -8.568614,37.134193 -8.553411,37.135458 -8.552258,37.145562 -8.548593,37.14932 -8.548809,37.150039 -8.54814,37.150938 -8.548532,37.15276 -8.547538,37.153653 -8.547063,37.156494 -8.545611,37.157345 -8.547536,37.16435 -8.543418,37.179369 -8.526606,37.186799 -8.512934,37.18253 -8.513252,37.184146 -8.510071,37.196698 -8.497485,37.204675 -8.481733,37.204123 -8.471679,37.196149 -8.455905,37.195651 -8.444619,37.18575 -8.445321,37.172106 -8.457608,37.162467 -8.467609,37.159108 -8.473544,37.149345 -8.478205,37.147862 -8.478134,37.147545 -8.485769,37.136631 -8.489109,37.135567 -8.489336,37.135413 -8.491984,37.134651 -8.494261,37.133926 -8.495743,37.132035 -8.501825,37.129531 -8.497573,37.120793 -8.497514,37.119935 -8.435713,37.104062 -8.371626,37.118818 -8.355626,37.117663 -8.346602,37.114028 -8.344254,37.116173 -8.330132,37.118587 -8.328245,37.118407 -8.31223,37.11012 -8.310883,37.108323 -8.309426,37.102158 -8.308025,37.098471 -8.294287,37.092925 -8.284966,37.09562 -8.276276,37.101378 -8.263725,37.101755 -8.259428,37.102996 -8.246263,37.103501 -8.232991,37.100729 -8.185165,37.107979 -8.172006,37.10674 -8.165225,37.104281 -8.165112,37.104777 -8.158708,37.108315 -8.15866,37.108375 -8.156549,37.109678 -8.155063,37.110328 -8.150406,37.1129 -8.147171,37.113439 -8.142698,37.11296 -8.137081,37.11323 -8.135868,37.113005 -8.134365,37.112067 -8.132608,37.111879 -8.128776,37.108579 -8.121497,37.104036 -8.121379,37.102126 -8.118867,37.101312 -8.113217,37.096331 -8.11272,37.096366 -8.099949,37.087813 -8.099418,37.083244 -8.082323,37.078772 -8.076457,37.076394 -8.037506,37.054029 -8.022294,37.057816 -8.017846,37.057143 -8.007935,37.051579 -7.997884,37.052407 -7.99532,37.050721 -7.994593,37.050932 -7.974944,37.049138 -7.968116,37.039478 -7.967767,37.03967 -7.9609,37.041048 -7.958405,37.042749 -7.958234,37.042739 -7.954287,37.045306 -7.953523,37.045441 -7.93943,37.044204 -7.929337,37.036317 -7.928573,37.035104 -7.92854,37.034575 -7.924107,37.031169 -7.922368,37.031624 -7.918867,37.034904 -7.917385,37.035398 -7.910896,37.03516 -7.909077,37.036519 -7.906561,37.037328 -7.897993,37.036812 -7.888908,37.038249 -7.881993,37.0422 -7.879118,37.042739 -7.874573,37.041793 -7.869358,37.043301 -7.868549,37.043301 -7.868263,37.043219 -7.867529,37.043492 -7.862569,37.042173 -7.861203,37.042579 -7.859987,37.042257 -7.859216,37.042778 -7.852948,37.042374 -7.846619,37.042809 -7.845427,37.041975 -7.841117,37.042965 -7.836495,37.042533 -7.835968,37.042887 -7.824036,37.045956 -7.812846,37.055777 -7.7961,37.056757 -7.795247,37.056532 -7.793575,37.055548 -7.791531,37.055619 -7.790183,37.05517 -7.7897,37.054781 -7.786505,37.055601 -7.781307,37.054424 -7.779918,37.054534 -7.779879,37.0541 -7.779548,37.054025 -7.777458,37.054702 -7.774035,37.060263 -7.772643,37.061117 -7.773111,37.06479 -7.772976,37.065374 -7.763513,37.077243 -7.757052,37.078436 -7.7549,37.078942 -7.754759,37.079069 -7.752018,37.079742 -7.75161,37.079713 -7.747788,37.08061 -7.746497,37.080524 -7.74507,37.081212 -7.735283,37.080603 -7.732071,37.082142 -7.731565,37.083132 -7.729634,37.084794 -7.718114,37.089341 -7.713789,37.09447 -7.712801,37.095009 -7.707197,37.096078 -7.705067,37.09761 -7.690173,37.105365 -7.67834,37.112709 -7.672218,37.114933 -7.672123,37.115247 -7.66965,37.116887 -7.671454,37.117642 -7.672577,37.119214 -7.672589,37.11928 -7.673623,37.120386 -7.677138,37.136133 -7.663691,37.148267 -7.663557,37.148312 -7.649318,37.149131 -7.642002,37.145219 -7.637477,37.146673 -7.635952,37.146315 -7.635219,37.147453 -7.634455,37.148127 -7.628347,37.150462 -7.617746,37.15584 -7.603907,37.152257 -7.576859,37.165452 -7.571926,37.167259 -7.552329,37.172286 -7.552081,37.172395 -7.551797,37.172423 -7.550247,37.17282 -7.549522,37.173006 -7.484923,37.189544 -7.484328,37.193653 -7.484917,37.194602 -7.485485,37.205225 -7.486255,37.207393 -7.485216,37.219657 -7.474745,37.228772 -7.46828,37.229534 -7.458355,37.23226 -7.45539,37.23226 -7.45098,37.23109 -7.44972,37.233699 -7.450573,37.234323 -7.457115,37.243309 -7.456254,37.253844 -7.447529,37.27265 -7.462697,37.305872 -7.46213,37.319425 -7.450061,37.329107 -7.43978,37.329343 -7.433044,37.330932 -7.431786,37.330752 -7.418863,37.324735 -7.413796,37.313381 -7.413796,37.311944 -7.415088,37.309683 -7.399251,37.281598 -7.398792,37.267655 -7.400971,37.263067 -7.394393,37.258528 -7.39345,37.257226 -7.393606,37.249602 -7.390607,37.243407 -7.391989,37.238615 -7.391175,37.236241 -7.391546,37.235771 -7.38888,37.230441 -7.387335,37.231084 -7.386176,37.232184 -7.369879,37.233937 -7.369226,37.233806 -7.360443,37.236393 -7.359984,37.236393 -7.359119,37.236787 -7.356288,37.237191 -7.347189,37.235947 -7.335436,37.240025 -7.330978,37.239059 -7.328985,37.239785 -7.318276,37.237489 -7.318142,37.237551 -7.316389,37.237507 -7.314954,37.237044 -7.313773,37.237327 -7.30955,37.236967 -7.295623,37.23126 -7.294022,37.227876 -7.293666,37.227988 -7.28988,37.22694 -7.288129,37.227595 -7.2814,37.225864 -7.277539,37.227124 -7.276865,37.227169 -7.258609,37.221295 -7.258374,37.220569 -7.255116,37.22094 -7.198073,37.221748 -7.195461,37.223836 -7.194644,37.226902 -7.194576,37.227157 -7.18823,37.250967 -7.192601,37.256231 -7.200016,37.271905 -7.199929,37.275057 -7.201658,37.279875 -7.201524,37.281177 -7.199241,37.287803 -7.198797,37.288529 -7.198547,37.28908 -7.187046,37.299418 -7.17006,37.300465 -7.157343,37.291618 -7.157181,37.289693 -7.149434,37.28942 -7.138203,37.277794 -7.136633,37.272359 -7.136313,37.26553 -7.138211,37.255518 -7.13649,37.255252 -7.121842,37.246941 -7.120847,37.239673 -7.110101,37.235213 -7.109679,37.234218 -7.060348,37.227844 -7.050838,37.233246 -7.039669,37.231451 -7.039579,37.231581 -7.037319,37.239108 -7.027907,37.248397 -7.027627,37.248752 -7.027489,37.248809 -7.02606,37.250219 -7.026035,37.250364 -7.023901,37.253714 -7.025611,37.259024 -7.021003,37.264415 -7.021857,37.272878 -7.012652,37.28325 -7.000833,37.285718 -6.999923,37.288064 -6.998378,37.289666 -6.99952,37.292869 -7.000254,37.295884 -7.001784,37.307292 -6.999969,37.316643 -6.997553,37.321064 -7.003451,37.337523 -7.003649,37.337728 -7.004194,37.339288 -7.004506,37.339422 -7.00536,37.340365 -7.00948,37.349269 -7.00975,37.351784 -7.009511,37.356407 -7.009197,37.357889 -7.008018,37.359553 -7.008142,37.360641 -7.007379,37.362842 -7.0039,37.366 -7.00349,37.368611 -6.996126,37.379302 -6.983494,37.387892 -6.96719,37.387465 -6.955824,37.378247 -6.955397,37.365106 -6.956611,37.362366 -6.958773,37.358764 -6.962503,37.353947 -6.953932,37.353422 -6.951237,37.352434 -6.947221,37.34909 -6.941141,37.346994 -6.939884,37.345825 -6.937319,37.3417 -6.934109,37.34096 -6.925868,37.330078 -6.921607,37.310987 -6.923072,37.30063 -6.927554,37.292108 -6.927174,37.291713 -6.927362,37.290587 -6.926602,37.289525 -6.928449,37.284061 -6.929469,37.277932 -6.937023,37.267298 -6.935777,37.268057 -6.935535,37.268859 -6.931852,37.272991 -6.917201,37.28048 -6.913456,37.279824 -6.912387,37.286601 -6.903901,37.298774 -6.89865,37.300049 -6.894911,37.305003 -6.879455,37.308947 -6.878296,37.308519 -6.871443,37.315129 -6.864984,37.316749 -6.862339,37.3191 -6.859857,37.318921 -6.859448,37.319386 -6.851811,37.320053 -6.847597,37.321109 -6.845461,37.320607 -6.840736,37.321019 -6.839254,37.320615 -6.834758,37.318089 -6.830794,37.317156 -6.818502,37.309695 -6.815383,37.297456 -6.822931,37.286324 -6.827961,37.282731 -6.828513,37.282539 -6.829047,37.28152 -6.829013,37.281443 -6.834989,37.26941 -6.886846,37.223169 -6.882549,37.224251 -6.870508,37.223443 -6.867665,37.22224 -6.864544,37.222481 -6.863931,37.222332 -6.856028,37.224106 -6.849244,37.223612 -6.8345,37.217428 -6.829461,37.204597 -6.836947,37.192312 -6.839327,37.19056 -6.858178,37.185915 -6.861398,37.18632 -6.862432,37.185992 -6.872221,37.185963 -6.874801,37.185107 -6.876402,37.184986 -6.868863,37.180069 -6.869139,37.175058 -6.86616,37.172513 -6.861255,37.17295 -6.859981,37.17385 -6.844512,37.178453 -6.829558,37.173406 -6.823085,37.161399 -6.827727,37.150699 -6.749994,37.121762 -6.74757,37.120702 -6.590657,37.041049 -6.589871,37.040133 -6.588501,37.039823 -6.506195,36.986535 -6.498095,36.995983 -6.482027,36.997701 -6.48071,36.998125 -6.472203,36.996424 -6.471085,36.996658 -6.468581,36.9957 -6.467513,36.995486 -6.465934,36.994686 -6.457531,36.991468 -6.456498,36.990614 -6.451505,36.98408 -6.451101,36.983136 -6.453527,36.970647 -6.441097,36.97898 -6.439794,36.979115 -6.432848,36.977892 -6.431053,36.978381 -6.428642,36.977151 -6.425321,36.976566 -6.423224,36.97439 -6.41512,36.970258 -6.413907,36.968686 -6.412449,36.964814 -6.40981,36.963577 -6.408823,36.96196 -6.409072,36.945623 -6.425416,36.935761 -6.428156,36.935357 -6.445323,36.938604 -6.44782,36.942243 -6.449442,36.942763 -6.450458,36.944563 -6.454226,36.945974 -6.455079,36.946648 -6.460166,36.963965 -6.463393,36.962677 -6.469009,36.958877 -6.471539,36.959021 -6.427298,36.911468 -6.424667,36.907776 -6.376888,36.816568 -6.372408,36.81469 -6.381369,36.840575 -6.381701,36.849234 -6.380119,36.855279 -6.38795,36.854793 -6.400132,36.862024 -6.403545,36.874045 -6.400094,36.896638 -6.399631,36.89735 -6.401658,36.904977 -6.401317,36.907882 -6.409809,36.919596 -6.404927,36.933373 -6.389368,36.940272 -6.385339,36.940605 -6.382829,36.940973 -6.368316,36.939096 -6.366794,36.937704 -6.363119,36.93756 -6.354196,36.934512 -6.354408,36.93501 -6.346545,36.947743 -6.342277,36.950753 -6.33304,36.953974 -6.333204,36.954128 -6.332984,36.966898 -6.33204,36.967765 -6.333061,36.968623 -6.333354,36.981679 -6.322738,36.991715 -6.317078,36.994231 -6.30906,36.995091 -6.308545,36.996138 -6.303875,37.002787 -6.292351,37.010922 -6.277252,37.011382 -6.267339,37.005132 -6.267571,37.005616 -6.268198,37.017074 -6.260194,37.026704 -6.250896,37.032589 -6.236523,37.036527 -6.222551,37.032236 -6.215327,37.021666 -6.214846,37.019206 -6.204404,37.018897 -6.200699,37.016348 -6.199375,37.016104 -6.198226,37.016261 -6.192116,37.015003 -6.185067,37.010953 -6.177133,37.030767 -6.176279,37.031591 -6.176269,37.032345 -6.171349,37.036345 -6.165992,37.041511 -6.164884,37.041602 -6.164042,37.042286 -6.127398,37.054925 -6.114962,37.066552 -6.10957,37.104814 -6.12718,37.15118 -6.128156,37.156328 -6.128343,37.178426 -6.125806,37.186973 -6.107172,37.216217 -6.094625,37.225199 -6.078075,37.224906 -6.070534,37.218742 -6.05723,37.222269 -6.042488,37.216741 -6.040312,37.212219 -6.037283,37.210757 -6.032253,37.205096 -6.030336,37.198272 -6.029004,37.195512 -6.026837,37.195659 -6.01381,37.184698 -6.013317,37.183486 -6.012567,37.174653 -6.012926,37.173037 -6.023791,37.16035 -6.024182,37.160315 -6.020126,37.154828 -6.020539,37.153326 -6.017279,37.150734 -6.016812,37.141503 -6.01623,37.141238 -6.005962,37.130573 -6.004211,37.125408 -6.009983,37.107721 -6.017989,37.101087 -6.018162,37.090112 -6.029477,37.080299 -6.031402,37.08017 -6.023742,37.072742 -6.023607,37.072338 -6.024671,37.060455 -6.02557,37.058749 -6.025904,37.058145 -6.026398,37.057292 -6.026905,37.056901 -6.027441,37.055517 -6.02807,37.054619 -6.030923,37.051396 -6.031911,37.050498 -6.03639,37.048603 -6.04081,37.043781 -6.042247,37.043062 -6.043331,37.042553 -6.046385,37.041206 -6.051787,37.040708 -6.057074,37.038233 -6.060218,37.037874 -6.066193,37.039063 -6.066589,37.038857 -6.079922,37.039643 -6.095877,37.024149 -6.105559,37.018592 -6.134045,37.010004 -6.139026,37.006082 -6.16109,36.934423 -6.163112,36.930167 -6.18059,36.903625 -6.189267,36.896291 -6.234985,36.874467 -6.250992,36.872284 -6.264823,36.874619 -6.267289,36.875761 -6.270314,36.875277 -6.276376,36.876399 -6.278396,36.877641 -6.281014,36.87735 -6.281897,36.877568 -6.282986,36.874481 -6.295955,36.862479 -6.297775,36.862534 -6.298416,36.861966 -6.300796,36.861023 -6.305671,36.859626 -6.295646,36.848052 -6.295601,36.846301 -6.302258,36.832874 -6.303554,36.83244 -6.304191,36.829782 -6.290009,36.827534 -6.286191,36.825692 -6.275817,36.808083 -6.276222,36.805613 -6.284695,36.793498 -6.291185,36.791923 -6.292931,36.78613 -6.305832,36.778566 -6.307224,36.778252 -6.326852,36.782705 -6.41604,36.73031 -6.402951,36.704716 -6.401198,36.703764 -6.399985,36.702192 -6.398133,36.695286 -6.371111,36.642345 -6.361414,36.63821 -6.354041,36.641634 -6.339557,36.643863 -6.332062,36.640594 -6.322003,36.642238 -6.292172,36.63496 -6.283763,36.631063 -6.263954,36.616193 -6.258843,36.610353 -6.253075,36.599645 -6.249386,36.599912 -6.237272,36.612088 -6.222659,36.618831 -6.221495,36.618592 -6.207802,36.619796 -6.189488,36.614265 -6.189472,36.614251 -6.168162,36.619235 -6.151531,36.617785 -6.141169,36.607235 -6.141189,36.607088 -6.137686,36.603899 -6.1343,36.596964 -6.126829,36.592808 -6.124179,36.589708 -6.120363,36.578023 -6.126518,36.566816 -6.129438,36.565574 -6.128436,36.5626 -6.128661,36.561028 -6.137278,36.54853 -6.149022,36.545864 -6.149754,36.545454 -6.151864,36.544332 -6.155521,36.542751 -6.159068,36.541538 -6.163953,36.541455 -6.164233,36.541377 -6.168364,36.541108 -6.17007,36.54135 -6.175499,36.541257 -6.1769,36.542319 -6.179187,36.542644 -6.186743,36.545448 -6.187399,36.543863 -6.168087,36.539479 -6.164357,36.536715 -6.163781,36.536772 -6.161988,36.537196 -6.147837,36.531552 -6.146175,36.530069 -6.14351,36.523984 -6.139765,36.518465 -6.136814,36.517358 -6.135512,36.516685 -6.12647,36.506971 -6.126705,36.503409 -6.123013,36.501496 -6.113707,36.490966 -6.114968,36.482721 -6.114211,36.481925 -6.115008,36.469425 -6.115682,36.468123 -6.120253,36.464737 -6.120283,36.464584 -6.120374,36.461959 -6.124413,36.459485 -6.123421,36.457672 -6.126794,36.446268 -6.127962,36.444741 -6.13525,36.43977 -6.135311,36.439696 -6.131943,36.433127 -6.134429,36.426563 -6.134138,36.425924 -6.135836,36.42285 -6.136451,36.421227 -6.137164,36.420447 -6.141166,36.413198 -6.156992,36.408007 -6.161685,36.409639 -6.163205,36.409225 -6.159527,36.403434 -6.158176,36.389562 -6.166221,36.381732 -6.166165,36.379313 -6.164015,36.377691 -6.15895,36.371895 -6.12728,36.313202 -6.113499,36.312366 -6.099622,36.307078 -6.084575,36.294364 -6.080853,36.290084 -6.080798,36.289995 -6.080036,36.2901 -6.066872,36.283171 -6.062946,36.270683 -6.064149,36.268766 -6.064463,36.263539 -6.031511,36.210086 -6.025254,36.202746 -6.019956,36.203752 -5.982839,36.195651 -5.952833,36.203264 -5.94301,36.203886 -5.942708,36.203849 -5.943586,36.204606 -5.949492,36.217301 -5.942793,36.229989 -5.927308,36.235429 -5.911874,36.230517 -5.909853,36.228922 -5.906061,36.229973 -5.898721,36.230941 -5.892386,36.230896 -5.8922,36.230835 -5.889069,36.230996 -5.885548,36.230947 -5.883121,36.230753 -5.882187,36.230822 -5.867017,36.227256 -5.858936,36.216194 -5.862053,36.203618 -5.860533,36.192738 -5.862916,36.18407 -5.864387,36.182469 -5.864432,36.180043 -5.86726,36.177564 -5.867447,36.174722 -5.82639,36.140162 -5.825848,36.139019 -5.824564,36.138414 -5.791463,36.102438 -5.790539,36.102955 -5.766896,36.103709 -5.716056,36.078996 -5.705396,36.081111 -5.694095,36.08809 -5.676741,36.08558 -5.675932,36.085131 -5.674102,36.082084 -5.673926,36.082063 -5.626578,36.058521 -5.620329,36.053777 -5.615774,36.048574 -5.612665,36.048442 -5.602334,36.034108 -5.60228,36.033154 -5.599404,36.029865 -5.526408,36.05309 -5.498949,36.068936 -5.481299,36.071876 -5.466547,36.069167 -5.463447,36.070342 -5.457769,36.075097 -5.463165,36.087001 -5.467271,36.086655 -5.469247,36.087283 -5.482281,36.099468 -5.477761,36.11556 -5.47547,36.117851 -5.463114,36.123015 -5.464429,36.124059 -5.46789,36.131918 -5.468987,36.140464 -5.468068,36.146052 -5.477755,36.147703 -5.490117,36.147046 -5.491195,36.147315 -5.497809,36.150942 -5.498185,36.150524 -5.498859,36.150929 -5.499587,36.151916 -5.501497,36.152963 -5.502081,36.153547 -5.501221,36.154134 -5.50739,36.162504 -5.503516,36.175885 -5.489433,36.183465 -5.478014,36.18169 -5.469293,36.183472 -5.463997,36.182858 -5.459766,36.187367 -5.454743,36.189234 -5.45315,36.191335 -5.448323,36.191619 -5.447821,36.191805 -5.44718,36.192665 -5.448103,36.193901 -5.448238,36.194934 -5.445006,36.206546 -5.444198,36.207624 -5.443959,36.207832 -5.443777,36.209141 -5.432274,36.217953 -5.416732,36.218499 -5.404847,36.210508 -5.404039,36.20934 -5.401345,36.19858 -5.401428,36.197942 -5.383661,36.197887 -5.364408,36.188053 -5.362816,36.185389 -5.358548,36.184796 -5.357004,36.184024 -5.356818,36.184831 -5.340929,36.227234 -5.339682,36.229842 -5.329176,36.24772 -5.319815,36.255909 -5.313661,36.258756 -5.305558,36.275553 -5.306597,36.276299 -5.31931,36.291074 -5.323258,36.301104 -5.323341,36.306229 -5.32694,36.311752 -5.323497,36.324128 -5.311088,36.331853 -5.295727,36.331182 -5.292223,36.329924 -5.289473,36.327541 -5.286036,36.32651 -5.284012,36.322807 -5.280749,36.319978 -5.28088,36.317076 -5.279848,36.315187 -5.264563,36.323721 -5.239119,36.383647 -5.234259,36.390244 -5.192894,36.426588 -5.178471,36.432438 -5.161642,36.433766 -5.14096,36.443377 -5.14096,36.40032 -5.140968,36.400312 -5.15478,36.393629 -5.168101,36.395779 -5.19891,36.368721 -5.225287,36.306678 -5.234017,36.297356 -5.247185,36.290007 -5.247584,36.28506 -5.254698,36.272754 -5.260678,36.270783 -5.275585,36.239921 -5.285613,36.230496 -5.29257,36.227278 -5.299224,36.215967 -5.313892,36.176882 -5.31857,36.126379 -5.319474,36.124893 -5.319174,36.123224 -5.324794,36.104765 -5.335171,36.093268 -5.352247,36.091202 -5.365639,36.099821 -5.3774,36.11765 -5.382155,36.123067 -5.383564,36.127958 -5.385007,36.129333 -5.387074,36.134004 -5.386729,36.141445 -5.387976,36.144056 -5.387843,36.149401 -5.387539,36.15006 -5.394797,36.15579 -5.398288,36.161629 -5.403167,36.161644 -5.404715,36.159979 -5.417057,36.157265 -5.417772,36.156311 -5.414618,36.14528 -5.412853,36.144502 -5.407329,36.138527 -5.405879,36.133856 -5.403116,36.129914 -5.402085,36.123131 -5.406651,36.109565 -5.409996,36.107967 -5.411223,36.097932 -5.415849,36.094354 -5.411457,36.091654 -5.402915,36.078585 -5.409393,36.064445 -5.43531,36.042755 -5.442033,36.038863 -5.455774,36.033654 -5.469887,36.032389 -5.482371,36.034683 -5.503979,36.022214 -5.508843,36.020079 -5.587191,35.995154 -5.594806,35.988105 -5.610672,35.981849 -5.626807,35.986938 -5.633119,36.000189 -5.632896,36.005327 -5.653772,36.029173 -5.689786,36.047078 -5.715403,36.041994 -5.731634,36.043948 -5.778096,36.066539 -5.784707,36.062845 -5.800654,36.059836 -5.814494,36.066601 -5.859251,36.115235 -5.917078,36.163874 -5.945626,36.167378 -5.97688,36.159447 -5.98909,36.159228 -6.022295,36.166479 -6.036919,36.162788 -6.052048,36.170158 -6.068669,36.189649 -6.069017,36.190979 -6.070324,36.191883 -6.118952,36.270662 -6.126074,36.276677 -6.144545,36.277796 -6.162639,36.288206 -6.197726,36.353182 -6.21143,36.363512 -6.219004,36.360869 -6.220037,36.360824 -6.237803,36.367107 -6.242233,36.382594 -6.24174,36.384345 -6.238309,36.388357 -6.253768,36.426071 -6.265851,36.436127 -6.27027,36.441523 -6.305492,36.508774 -6.309375,36.50984 -6.31332,36.509177 -6.332944,36.513778 -6.339123,36.529668 -6.338675,36.531734 -6.328943,36.543942 -6.321531,36.545129 -6.312825,36.553431 -6.287847,36.561968 -6.268964,36.561344 -6.265167,36.557127 -6.26266,36.556998 -6.251935,36.547392 -6.250635,36.547368 -6.250391,36.554853 -6.263472,36.558046 -6.265337,36.560892 -6.276229,36.564377 -6.288053,36.57364 -6.297789,36.591702 -6.306018,36.597878 -6.308495,36.596498 -6.309618,36.596004 -6.31348,36.595839 -6.328123,36.592123 -6.342632,36.597864 -6.343008,36.598204 -6.346216,36.596157 -6.362717,36.59742 -6.399362,36.613047 -6.409241,36.621843 -6.464017,36.728955 -6.464806,36.740947 -6.456186,36.750889 -6.398889,36.784592 -6.404978,36.787143 -6.414927,36.795856 -6.464754,36.890884 -6.516011,36.945936 -6.615948,37.010648 -6.770811,37.089249 -6.816123,37.106126 -6.824729,37.097658 -6.840994,37.095702 -6.85427,37.103208 -6.859437,37.10963 -6.86017,37.11264 -6.863663,37.112986 -6.874645,37.118075 -6.888276,37.124286 -6.889601,37.124993 -6.917131,37.135153 -6.918652,37.135774 -6.943396,37.146865 -6.94725,37.149151 -6.948784,37.148606 -6.954044,37.150261 -6.959847,37.150704 -7.049761,37.189635 -7.050675,37.189754 -7.057839,37.187366 -7.2527,37.184758 -7.319256,37.170344 -7.322574,37.167365 -7.363484,37.15331 -7.379429,37.152765 -7.382199,37.153518 -7.393217,37.146026 -7.410133,37.146954 -7.432703,37.156028 -7.463043,37.157427 -7.533993,37.139271 -7.595004,37.106991 -7.603879,37.096822 -7.702998,37.04298 -7.708148,37.040879 -7.718182,37.037992 -7.720672,37.035014 -7.760277,37.011929 -7.77692,36.998659 -7.787155,36.994452 -7.788416,36.992986 -7.834809,36.967255 -7.835321,36.967165 -7.835704,36.966738 -7.845807,36.961615 -7.84858,36.956409 -7.859508,36.947043 -7.865346,36.946521 -7.885685,36.9418 -7.898866,36.942001 -7.927515,36.949725 -7.930018,36.950542 -7.963833,36.963609 -7.96904,36.966438 -7.975073,36.970874 -7.977917,36.9715 -8.040525,37.010771 -8.040535,37.010772 -8.100305,37.045103 -8.129652,37.052776 -8.133862,37.052784 -8.18497,37.071341 -8.230818,37.064389 -8.24052,37.064643 -8.251952,37.067032 -8.289242,37.056257 -8.28955,37.056268 -8.289726,37.056146 -8.298288,37.056597 -8.306326,37.056898 -8.306467,37.057027 -8.306785,37.057044 -8.368845,37.082078 -8.43108,37.067745 -8.443988,37.067878 -8.533888,37.09096 -8.53562,37.092067 -8.539491,37.092005 -8.558482,37.099261 -8.57554,37.09727 -8.595657,37.103343 -8.615625,37.102047 -8.616316,37.101683 -8.637766,37.098369 -8.644465,37.091784 -8.645156,37.078607 -8.653599,37.065008 -8.671659,37.060977 -8.721496,37.067382 -8.734152,37.06114 -8.736321,37.060853 -8.737834,37.059697 -8.782741,37.045417 -8.790153,37.04415 -8.830609,37.042818 -8.848733,37.028894 -8.864711,37.023744 -8.881131,37.023842 -8.885127,37.017637 -8.885149,37.017622 -8.885165,37.017489 -8.895327,37.010493 -8.895321,37.010165 -8.905096,37.00029 -8.906354,36.999661 -8.90824,36.99964 -8.909268,36.996852 -8.920698,36.985601 -8.929115,36.985028 -8.942667,36.975884 -8.961255,36.978461 -8.970312,36.991728 -8.971039,37.001439 -8.974081,37.004703 -8.976416,37.002251 -8.995997,37.001827 -9.00673,37.005824 -9.019044,37.019197 -9.012035,37.035289 -9.010293,37.036624 -9.004779,37.044066 -9.006864,37.049468 -9.001102,37.060928 -8.98331,37.077237 -8.980502,37.095699 -8.974959,37.105684 -8.94293,37.135309 -8.941881,37.137382 -8.94204,37.137383 -8.941996,37.138327 -8.94098,37.140236 -8.940616,37.143264 -8.939853,37.144567 -8.938868,37.144209 -8.935504,37.150535 -8.935152,37.150669 -8.927822,37.165138 -8.93915,37.189545 -8.93757,37.204881</coordinates></LinearRing></outerBoundaryIs><innerBoundaryIs><LinearRing><coordinates>-8.775783,38.451623 -8.777551,38.454574 -8.779112,38.454238 -8.775783,38.451623</coordinates></LinearRing></innerBoundaryIs><innerBoundaryIs><LinearRing><coordinates>-8.772022,38.44534 -8.775239,38.450714 -8.774986,38.448205 -8.772206,38.445194 -8.772022,38.44534</coordinates></LinearRing></innerBoundaryIs><innerBoundaryIs><LinearRing><coordinates>-6.200949,36.971261 -6.20001,36.97361 -6.201405,36.973471 -6.200949,36.971261</coordinates></LinearRing></innerBoundaryIs><innerBoundaryIs><LinearRing><coordinates>-6.056323,37.169885 -6.05652,37.170312 -6.057111,37.176274 -6.059867,37.176998 -6.068384,37.169522 -6.074495,37.165768 -6.057693,37.170048 -6.056323,37.169885</coordinates></LinearRing></innerBoundaryIs><innerBoundaryIs><LinearRing><coordinates>-6.053571,37.084234 -6.058459,37.08741 -6.06048,37.090329 -6.061339,37.092003 -6.062885,37.078483 -6.063056,37.076982 -6.063161,37.076064 -6.053825,37.084236 -6.053571,37.084234</coordinates></LinearRing></innerBoundaryIs><innerBoundaryIs><LinearRing><coordinates>-6.062124,37.114966 -6.058477,37.118074 -6.061921,37.120903 -6.062973,37.121221 -6.066749,37.128233 -6.062124,37.114966</coordinates></LinearRing></innerBoundaryIs><innerBoundaryIs><LinearRing><coordinates>-6.076759,37.164755 -6.079149,37.163767 -6.078357,37.161501 -6.076759,37.164755</coordinates></LinearRing></innerBoundaryIs><innerBoundaryIs><LinearRing><coordinates>-6.238102,36.486548 -6.239379,36.486838 -6.239602,36.486582 -6.238773,36.485286 -6.233725,36.484872 -6.232804,36.487332 -6.238102,36.486548</coordinates></LinearRing></innerBoundaryIs></Polygon></MultiGeometry>
  </Placemark>
  <Placemark>
	<name>EMSCW-28 Border</name>
	<Style><LineStyle><color>ff0000ff</color></LineStyle><PolyStyle><fill>0</fill></PolyStyle></Style>
	<ExtendedData><SchemaData schemaUrl="#emscw_all">
		<SimpleData name="tessellate">-1</SimpleData>
		<SimpleData name="extrude">0</SimpleData>
		<SimpleData name="visibility">-1</SimpleData>
		<SimpleData name="layer">emscw-28</SimpleData>
		<SimpleData name="path">/home/anomalia/projects/dashboards_minka/emscw_2026/polygons/emscw-28.kml|layername=emscw-28|geometrytype=Polygon</SimpleData>
	</SchemaData></ExtendedData>
      <MultiGeometry><Polygon><outerBoundaryIs><LinearRing><coordinates>-2.947163,35.367646 -2.938246,35.357089 -2.935202,35.341782 -2.937848,35.334033 -2.921332,35.310799 -2.918916,35.310339 -2.906205,35.303192 -2.902567,35.290708 -2.902618,35.290628 -2.897239,35.286345 -2.895173,35.282572 -2.89612,35.266616 -2.889795,35.260466 -2.884745,35.247292 -2.892413,35.2348 -2.908302,35.230305 -2.923109,35.236439 -2.939055,35.251933 -2.942266,35.258305 -2.953669,35.269329 -2.958633,35.283495 -2.957584,35.289826 -2.980205,35.321623 -2.982359,35.335773 -2.979994,35.342712 -2.989284,35.353702 -2.99203,35.369845 -2.984298,35.38902 -2.988483,35.385463 -2.988289,35.38401 -2.990897,35.37315 -3.047732,35.286697 -3.054459,35.280401 -3.092904,35.257679 -3.115291,35.256123 -3.126362,35.260718 -3.137518,35.245469 -3.141348,35.241544 -3.174226,35.215857 -3.189894,35.210825 -3.204997,35.21644 -3.210692,35.229415 -3.203639,35.242152 -3.172996,35.266102 -3.15281,35.293705 -3.140068,35.301898 -3.124229,35.300795 -3.106823,35.293575 -3.08339,35.307427 -3.032446,35.384984 -3.0333,35.391371 -3.031589,35.398449 -3.031817,35.398767 -3.030737,35.401972 -3.030661,35.40229 -3.030619,35.402322 -3.027156,35.412601 -3.016868,35.423391 -3.01627,35.43562 -3.007567,35.449561 -2.989226,35.453001 -2.988318,35.452831 -2.972461,35.45797 -2.952334,35.455005 -2.937416,35.446159 -2.930636,35.435962 -2.928066,35.425474 -2.933094,35.415487 -2.93776,35.410793 -2.934688,35.398527 -2.947163,35.367646</coordinates></LinearRing></outerBoundaryIs><innerBoundaryIs><LinearRing><coordinates>-2.981901,35.402086 -2.983068,35.392067 -2.980163,35.399271 -2.980616,35.39968 -2.981846,35.40224 -2.981944,35.402138 -2.981901,35.402086</coordinates></LinearRing></innerBoundaryIs></Polygon><Polygon><outerBoundaryIs><LinearRing><coordinates>-3.057464,35.945605 -3.045868,35.955959 -3.040747,35.957935 -3.022342,35.958075 -3.010539,35.946616 -3.013596,35.93158 -3.01674,35.927718 -3.031561,35.919747 -3.048509,35.923135 -3.05071,35.924527 -3.058303,35.933806 -3.057689,35.945111 -3.057464,35.945605</coordinates></LinearRing></outerBoundaryIs></Polygon><Polygon><outerBoundaryIs><LinearRing><coordinates>-2.733862,36.742776 -2.735969,36.745136 -2.73967,36.745612 -2.740228,36.74535 -2.755877,36.743251 -2.769085,36.75014 -2.773179,36.762537 -2.773,36.763974 -2.76353,36.777199 -2.745183,36.780105 -2.743161,36.779701 -2.743006,36.779606 -2.742238,36.780404 -2.724105,36.781537 -2.720287,36.780414 -2.715001,36.775642 -2.70613,36.773435 -2.698991,36.759505 -2.699082,36.757619 -2.70475,36.746124 -2.718037,36.740086 -2.732829,36.742282 -2.733862,36.742776</coordinates></LinearRing></outerBoundaryIs></Polygon><Polygon><outerBoundaryIs><LinearRing><coordinates>-0.080275,38.511348 -0.095808,38.505791 -0.111736,38.510236 -0.120447,38.516339 -0.134701,38.517504 -0.072732,38.517504 -0.080275,38.511348</coordinates></LinearRing></outerBoundaryIs></Polygon><Polygon><outerBoundaryIs><LinearRing><coordinates>-5.0916,36.466313 -5.079933,36.468718 -5.06413,36.46839 -5.043064,36.477336 -5.030838,36.47935 -5.017358,36.478413 -5.024247,36.484096 -5.024646,36.497291 -5.024152,36.498414 -5.012349,36.509013 -4.99502,36.509604 -4.993717,36.509199 -4.982126,36.500644 -4.981276,36.493449 -4.961471,36.503679 -4.95983,36.503883 -4.952336,36.5111 -4.941817,36.516826 -4.918186,36.522936 -4.912123,36.523782 -4.85812,36.52513 -4.852072,36.524593 -4.739813,36.501356 -4.711159,36.507156 -4.687062,36.519125 -4.67778,36.521708 -4.652865,36.523926 -4.627189,36.566981 -4.618425,36.574806 -4.583746,36.591878 -4.578908,36.592494 -4.574132,36.594541 -4.547136,36.596635 -4.528115,36.60769 -4.527243,36.610636 -4.503175,36.645046 -4.500624,36.64799 -4.484092,36.66362 -4.485554,36.665285 -4.488287,36.66589 -4.48968,36.667013 -4.489929,36.667217 -4.490468,36.667666 -4.496653,36.68013 -4.49043,36.692804 -4.475269,36.698613 -4.465374,36.695892 -4.465032,36.69598 -4.461657,36.695755 -4.461372,36.695828 -4.459945,36.695758 -4.446351,36.717307 -4.442126,36.726117 -4.434989,36.728807 -4.434984,36.728817 -4.422388,36.734719 -4.417132,36.735573 -4.413627,36.734803 -4.404568,36.738457 -4.390285,36.74003 -4.324447,36.729392 -4.254601,36.728707 -4.119841,36.742171 -4.084952,36.763089 -4.068541,36.766526 -4.00124,36.758978 -3.996305,36.757936 -3.957992,36.745797 -3.92991,36.757002 -3.920437,36.758875 -3.886641,36.759399 -3.874823,36.766187 -3.860239,36.769524 -3.802732,36.766199 -3.798043,36.764267 -3.792651,36.763565 -3.766087,36.750093 -3.758266,36.753397 -3.742451,36.754911 -3.729648,36.747455 -3.729014,36.746662 -3.71243,36.751047 -3.685584,36.748648 -3.677335,36.757083 -3.658933,36.764082 -3.600707,36.762644 -3.585019,36.756661 -3.565639,36.738723 -3.550802,36.734104 -3.534516,36.740277 -3.513127,36.739136 -3.461288,36.711716 -3.428353,36.712142 -3.418603,36.720008 -3.406715,36.725076 -3.380046,36.729059 -3.371268,36.7363 -3.371263,36.736301 -3.371168,36.736487 -3.353382,36.751133 -3.337005,36.756634 -3.307478,36.756317 -3.253235,36.771539 -3.239083,36.771647 -3.210596,36.764042 -3.190765,36.76776 -3.181847,36.767942 -3.144465,36.762466 -3.118258,36.768298 -3.111164,36.768917 -3.030474,36.765323 -3.024791,36.763849 -3.012065,36.76319 -3.004807,36.760223 -2.995044,36.762025 -2.979292,36.760162 -2.975146,36.758246 -2.968912,36.768808 -2.967969,36.769572 -2.954478,36.773508 -2.954242,36.773671 -2.953209,36.773895 -2.953152,36.773895 -2.949802,36.774872 -2.947062,36.774647 -2.945329,36.773855 -2.941429,36.773835 -2.940261,36.773566 -2.932111,36.770026 -2.931527,36.769622 -2.93129,36.769186 -2.913878,36.767663 -2.894921,36.758588 -2.893115,36.756608 -2.890421,36.755705 -2.844598,36.717971 -2.843947,36.718898 -2.83312,36.726769 -2.824975,36.727289 -2.823044,36.727908 -2.822833,36.728069 -2.82256,36.728064 -2.821968,36.728253 -2.82136,36.728655 -2.820845,36.728614 -2.820367,36.728767 -2.819814,36.728997 -2.819487,36.729049 -2.816149,36.730119 -2.80616,36.727723 -2.80583,36.727716 -2.805716,36.727617 -2.802375,36.726815 -2.794895,36.718129 -2.794345,36.717646 -2.794353,36.717499 -2.794151,36.717265 -2.794096,36.717106 -2.793954,36.716957 -2.7771,36.708763 -2.764944,36.71071 -2.731204,36.704915 -2.72538,36.701159 -2.71709,36.708144 -2.691809,36.718372 -2.684222,36.722541 -2.676271,36.724019 -2.674023,36.727965 -2.671823,36.729717 -2.671517,36.729818 -2.671531,36.733444 -2.660884,36.743302 -2.655179,36.745773 -2.636043,36.74641 -2.620144,36.781706 -2.617122,36.786293 -2.582497,36.824702 -2.568788,36.831893 -2.510752,36.841707 -2.493838,36.85061 -2.476141,36.853011 -2.451432,36.84789 -2.447338,36.845367 -2.442729,36.844212 -2.426473,36.83312 -2.381979,36.856015 -2.366152,36.858601 -2.314037,36.851234 -2.304547,36.847866 -2.256932,36.818305 -2.252675,36.814792 -2.251823,36.813858 -2.238472,36.807246 -2.234149,36.794676 -2.234229,36.794544 -2.233922,36.794208 -2.221143,36.792874 -2.202949,36.783305 -2.194314,36.774458 -2.186054,36.755861 -2.186587,36.742466 -2.186742,36.742338 -2.185331,36.740785 -2.18129,36.738908 -2.141878,36.749343 -2.142143,36.752491 -2.130001,36.763245 -2.127929,36.764004 -2.122835,36.774397 -2.109277,36.780419 -2.08956,36.782858 -2.083261,36.786772 -2.082123,36.810039 -2.074457,36.823142 -2.039152,36.848569 -2.025721,36.852526 -2.028047,36.862161 -2.025987,36.882374 -2.021326,36.892123 -2.009649,36.904432 -2.00745,36.906433 -1.995637,36.915733 -1.978759,36.918706 -1.959504,36.945451 -1.939714,36.954625 -1.91924,36.954463 -1.923605,36.982736 -1.920001,36.995142 -1.900755,37.018756 -1.901373,37.023211 -1.899473,37.028591 -1.898573,37.034364 -1.871716,37.072924 -1.871349,37.096256 -1.868432,37.10503 -1.854553,37.125035 -1.848971,37.153888 -1.857065,37.151629 -1.858322,37.151629 -1.871934,37.155425 -1.872428,37.15574 -1.874533,37.158747 -1.875503,37.15914 -1.876915,37.16215 -1.880513,37.167288 -1.880555,37.167341 -1.880554,37.167346 -1.88062,37.167441 -1.880344,37.168311 -1.880528,37.16851 -1.880275,37.169308 -1.881167,37.171207 -1.877304,37.179322 -1.876865,37.180941 -1.876537,37.181115 -1.875718,37.183701 -1.86683,37.187112 -1.867209,37.187736 -1.865931,37.188259 -1.866247,37.188858 -1.863866,37.189712 -1.859617,37.18988 -1.858188,37.190428 -1.85711,37.190428 -1.857119,37.189979 -1.84768,37.190352 -1.841457,37.186113 -1.836031,37.197404 -1.837402,37.20138 -1.832342,37.212084 -1.832207,37.212219 -1.830095,37.21333 -1.835902,37.220005 -1.831856,37.234376 -1.816048,37.241787 -1.811827,37.242171 -1.804685,37.248326 -1.792771,37.252798 -1.788509,37.258116 -1.787261,37.258261 -1.778583,37.271435 -1.774597,37.275799 -1.725775,37.315457 -1.693093,37.364094 -1.683769,37.371588 -1.670949,37.37369 -1.666883,37.37338 -1.662788,37.380398 -1.644125,37.390948 -1.635664,37.39155 -1.605102,37.415247 -1.591048,37.42034 -1.57587,37.421275 -1.572846,37.42571 -1.57232,37.425838 -1.57208,37.426153 -1.565848,37.427416 -1.55632,37.429737 -1.555095,37.429639 -1.533953,37.445148 -1.511587,37.449023 -1.502993,37.446707 -1.503479,37.45041 -1.501159,37.460574 -1.48733,37.482675 -1.484935,37.484357 -1.483744,37.486946 -1.456481,37.510891 -1.445675,37.516217 -1.417207,37.522523 -1.411684,37.531798 -1.405996,37.537794 -1.364223,37.566905 -1.359062,37.56962 -1.333007,37.579594 -1.321009,37.581276 -1.303239,37.579826 -1.297365,37.581509 -1.29091,37.578817 -1.272446,37.577304 -1.2692,37.582742 -1.251636,37.59267 -1.233233,37.595493 -1.174649,37.583902 -1.164994,37.579739 -1.15327,37.571069 -1.14625,37.559809 -1.146869,37.55786 -1.14681,37.557852 -1.143944,37.563878 -1.126742,37.579916 -1.126346,37.580079 -1.126256,37.580276 -1.120098,37.582641 -1.111298,37.58625 -1.110942,37.586157 -1.110616,37.586282 -1.104183,37.586566 -1.088397,37.597721 -1.068554,37.601879 -1.027319,37.594558 -1.019746,37.601483 -1.014141,37.602537 -1.01242,37.606555 -1.001353,37.616913 -0.984579,37.618295 -0.967103,37.614207 -0.954942,37.607056 -0.951292,37.595242 -0.953649,37.591223 -0.95273,37.589507 -0.952682,37.588616 -0.941547,37.584903 -0.929198,37.57354 -0.922514,37.572846 -0.898694,37.582212 -0.896959,37.585055 -0.882633,37.59469 -0.854689,37.60107 -0.841015,37.600716 -0.822421,37.595363 -0.794642,37.609789 -0.785996,37.612478 -0.754975,37.616596 -0.754722,37.617047 -0.752791,37.61844 -0.751821,37.618806 -0.791915,37.63507 -0.796507,37.63625 -0.808083,37.633529 -0.809834,37.633664 -0.822644,37.638215 -0.829482,37.648044 -0.829706,37.648987 -0.828946,37.653174 -0.878477,37.709191 -0.878829,37.711955 -0.892843,37.709099 -0.894954,37.709234 -0.911354,37.716745 -0.91461,37.731757 -0.914385,37.732431 -0.904498,37.743248 -0.888184,37.745815 -0.886072,37.745501 -0.874316,37.738765 -0.86528,37.755583 -0.859313,37.762164 -0.824838,37.786423 -0.823077,37.803963 -0.817788,37.814297 -0.800856,37.830514 -0.798998,37.831102 -0.799229,37.832838 -0.792682,37.847698 -0.783615,37.855028 -0.784318,37.860184 -0.7837,37.866802 -0.771943,37.902557 -0.768343,37.908652 -0.758419,37.919658 -0.74313,37.926688 -0.743387,37.928049 -0.739439,37.940895 -0.72611,37.953306 -0.728617,37.953872 -0.743932,37.964156 -0.746054,37.965784 -0.765637,37.982938 -0.77033,38.000712 -0.761757,38.0216 -0.748741,38.03287 -0.734368,38.037685 -0.733015,38.046088 -0.719381,38.05472 -0.675848,38.064829 -0.670324,38.064212 -0.667573,38.085732 -0.676139,38.089737 -0.680497,38.102907 -0.672062,38.114896 -0.661489,38.121687 -0.654184,38.150137 -0.653034,38.15222 -0.659941,38.15402 -0.662611,38.156008 -0.670526,38.157505 -0.679322,38.169878 -0.679727,38.172887 -0.673847,38.187172 -0.661559,38.191458 -0.659507,38.193772 -0.660448,38.19434 -0.656541,38.198428 -0.654766,38.199335 -0.652688,38.202161 -0.650128,38.204003 -0.645647,38.204863 -0.637693,38.208962 -0.637281,38.209523 -0.635264,38.210214 -0.632458,38.21166 -0.630614,38.211806 -0.625241,38.213646 -0.621412,38.218052 -0.608449,38.225355 -0.59277,38.224229 -0.574878,38.217385 -0.573729,38.217592 -0.565912,38.216334 -0.558611,38.212752 -0.551867,38.211209 -0.550205,38.209816 -0.547387,38.204149 -0.543992,38.203995 -0.533002,38.209171 -0.530082,38.218917 -0.542113,38.289671 -0.541747,38.296146 -0.530979,38.333788 -0.522264,38.344449 -0.509208,38.347547 -0.508883,38.348109 -0.504874,38.348714 -0.494466,38.357871 -0.490425,38.359337 -0.488045,38.361375 -0.457678,38.377639 -0.443469,38.380731 -0.431184,38.376697 -0.423465,38.413331 -0.4201,38.42024 -0.39392,38.452539 -0.38714,38.457973 -0.301071,38.502809 -0.296299,38.504708 -0.251927,38.517504 -0.136273,38.517504 -0.157592,38.502306 -0.168868,38.497898 -0.205248,38.492581 -0.278711,38.471398 -0.358398,38.429898 -0.37934,38.404079 -0.385783,38.373598 -0.381349,38.356027 -0.387063,38.34001 -0.406687,38.334233 -0.437581,38.337196 -0.446339,38.340318 -0.458508,38.333802 -0.468396,38.320034 -0.472593,38.317347 -0.476928,38.307314 -0.491946,38.300973 -0.493751,38.301375 -0.496505,38.291769 -0.484504,38.220911 -0.484931,38.214249 -0.491136,38.193589 -0.501885,38.181998 -0.527349,38.170009 -0.540281,38.167491 -0.583477,38.169445 -0.610747,38.139445 -0.618742,38.108383 -0.619245,38.107726 -0.629788,38.025672 -0.625089,38.003192 -0.628165,37.990637 -0.641328,37.973437 -0.644225,37.971732 -0.645825,37.969145 -0.671965,37.950643 -0.679347,37.948361 -0.682386,37.937418 -0.69609,37.924367 -0.698326,37.923627 -0.698584,37.92279 -0.697439,37.91259 -0.702678,37.899213 -0.718163,37.892652 -0.72804,37.891906 -0.729338,37.890468 -0.738948,37.861299 -0.735255,37.834091 -0.730649,37.830156 -0.729707,37.828404 -0.729032,37.81553 -0.732297,37.812283 -0.729566,37.792124 -0.729408,37.792052 -0.721459,37.783022 -0.718138,37.768008 -0.719232,37.764687 -0.710054,37.758279 -0.702655,37.747316 -0.702866,37.746529 -0.692594,37.742942 -0.689944,37.740741 -0.683713,37.72797 -0.683758,37.725948 -0.690469,37.713287 -0.706202,37.707877 -0.709121,37.707833 -0.716507,37.710286 -0.712967,37.693254 -0.691518,37.654075 -0.678072,37.648631 -0.666711,37.637461 -0.669317,37.62304 -0.684208,37.61464 -0.687356,37.614119 -0.697979,37.598403 -0.707813,37.590723 -0.721285,37.585245 -0.72786,37.583516 -0.774664,37.577309 -0.807864,37.560069 -0.827699,37.558181 -0.849978,37.564596 -0.861161,37.562044 -0.861859,37.560902 -0.872407,37.552432 -0.909411,37.537883 -0.922232,37.536172 -0.968103,37.540932 -0.969647,37.540476 -0.972611,37.540656 -0.985384,37.544904 -0.985968,37.545308 -0.988429,37.548946 -0.991537,37.550638 -0.991701,37.55378 -0.993444,37.556354 -0.992094,37.561298 -0.992097,37.561351 -0.992222,37.561746 -0.992124,37.561881 -0.992374,37.566654 -0.994407,37.566792 -0.994472,37.566672 -1.005034,37.557631 -1.020221,37.556031 -1.067715,37.564471 -1.08077,37.555246 -1.094573,37.550694 -1.096054,37.550629 -1.09241,37.547078 -1.09167,37.545103 -1.091306,37.544918 -1.090589,37.542222 -1.087451,37.533849 -1.088102,37.532864 -1.08771,37.53139 -1.097067,37.519624 -1.113892,37.516511 -1.170202,37.524145 -1.184086,37.530871 -1.192396,37.539628 -1.196944,37.550156 -1.196708,37.550788 -1.233682,37.558103 -1.240125,37.544717 -1.252817,37.541149 -1.253595,37.540148 -1.270321,37.536861 -1.273599,37.537265 -1.281538,37.541535 -1.300707,37.543105 -1.301736,37.543189 -1.319974,37.544679 -1.337485,37.537977 -1.373282,37.513039 -1.381277,37.499624 -1.395888,37.489783 -1.42808,37.482655 -1.4486,37.46464 -1.458108,37.449461 -1.455757,37.431439 -1.462458,37.416435 -1.470408,37.410103 -1.493462,37.405704 -1.513939,37.41123 -1.525329,37.402876 -1.525993,37.399247 -1.527027,37.397945 -1.537256,37.390921 -1.547704,37.39 -1.559173,37.385966 -1.580235,37.384671 -1.610693,37.361059 -1.62449,37.355979 -1.627885,37.355738 -1.63323,37.346585 -1.642576,37.338405 -1.655967,37.336047 -1.66099,37.336433 -1.688047,37.296194 -1.691962,37.29195 -1.74073,37.252355 -1.754412,37.231599 -1.765004,37.22349 -1.778061,37.218591 -1.800154,37.172698 -1.81102,37.11672 -1.813673,37.110538 -1.826732,37.091734 -1.827114,37.068379 -1.830061,37.059569 -1.856198,37.02208 -1.855474,37.016827 -1.859122,37.00465 -1.87829,36.981153 -1.873674,36.951121 -1.877674,36.938252 -1.888411,36.925902 -1.907151,36.918062 -1.927816,36.918229 -1.94818,36.889957 -1.960038,36.881894 -1.97508,36.881878 -1.975575,36.881488 -1.982134,36.874579 -1.983124,36.864922 -1.978081,36.856894 -1.978913,36.839247 -1.989022,36.82555 -1.991764,36.823874 -1.993225,36.821351 -1.998529,36.819739 -2.00277,36.817146 -2.005906,36.817496 -2.00928,36.81647 -2.016778,36.816676 -2.03803,36.801375 -2.039223,36.777293 -2.048181,36.76333 -2.067628,36.751251 -2.077959,36.747674 -2.088993,36.74631 -2.095124,36.738873 -2.094717,36.730685 -2.108717,36.720152 -2.177603,36.701921 -2.195374,36.70336 -2.211811,36.710993 -2.218497,36.715827 -2.286749,36.790799 -2.327697,36.816215 -2.366058,36.821639 -2.417,36.795422 -2.430392,36.792599 -2.443115,36.796712 -2.462372,36.809854 -2.474205,36.807607 -2.484876,36.812485 -2.490648,36.809447 -2.498357,36.80687 -2.551985,36.797806 -2.579522,36.767276 -2.601196,36.719214 -2.605846,36.713015 -2.633785,36.688316 -2.641598,36.683815 -2.691086,36.666572 -2.698799,36.665116 -2.762384,36.662512 -2.774725,36.665 -2.817694,36.685898 -2.840129,36.678275 -2.864272,36.682115 -2.920458,36.728379 -2.928465,36.732212 -2.971076,36.721044 -2.988753,36.722477 -2.994401,36.725087 -3.003545,36.723399 -3.012754,36.724297 -3.014228,36.723333 -3.031855,36.725422 -3.039469,36.729339 -3.110835,36.732518 -3.138415,36.72638 -3.148231,36.726018 -3.186069,36.731562 -3.207483,36.727546 -3.21936,36.727972 -3.246619,36.735251 -3.297451,36.720986 -3.305058,36.719986 -3.328901,36.720244 -3.339869,36.711215 -3.339962,36.711033 -3.353797,36.699626 -3.365874,36.69441 -3.392676,36.690409 -3.403928,36.681333 -3.419495,36.675969 -3.468171,36.67534 -3.480441,36.678201 -3.514334,36.696136 -3.529868,36.699071 -3.531799,36.700193 -3.532789,36.700804 -3.533198,36.701072 -3.541335,36.697987 -3.558662,36.697446 -3.587223,36.706337 -3.595748,36.711157 -3.612446,36.726609 -3.649889,36.727534 -3.658855,36.718369 -3.679007,36.71147 -3.708206,36.714084 -3.719333,36.705953 -3.737082,36.70134 -3.752682,36.709222 -3.756276,36.713715 -3.757581,36.713163 -3.779519,36.713777 -3.812118,36.730313 -3.856314,36.732869 -3.867222,36.726604 -3.879826,36.723224 -3.91554,36.722674 -3.947954,36.709739 -3.965829,36.709075 -4.010774,36.723318 -4.066502,36.72957 -4.098793,36.71021 -4.109503,36.706736 -4.251582,36.692547 -4.253157,36.692905 -4.254682,36.692411 -4.327965,36.69313 -4.332012,36.693474 -4.392311,36.70322 -4.393274,36.700493 -4.402985,36.68992 -4.404058,36.689739 -4.404933,36.688257 -4.417802,36.683979 -4.428604,36.666865 -4.429101,36.666508 -4.429152,36.66583 -4.435038,36.656983 -4.435762,36.656582 -4.437886,36.652373 -4.465812,36.625992 -4.486126,36.596973 -4.489993,36.586652 -4.494261,36.581936 -4.508243,36.574705 -4.508882,36.574804 -4.5269,36.564332 -4.537894,36.560976 -4.565691,36.558821 -4.590341,36.546689 -4.618603,36.499335 -4.636593,36.488955 -4.668983,36.486075 -4.6918,36.474742 -4.695386,36.474273 -4.698225,36.472585 -4.735496,36.465041 -4.746273,36.465056 -4.860867,36.488782 -4.908672,36.487589 -4.923074,36.483866 -4.935787,36.471626 -4.949186,36.465322 -4.952553,36.465818 -4.994557,36.444108 -5.008471,36.441304 -5.029165,36.442744 -5.049599,36.434066 -5.060526,36.431992 -5.075875,36.432312 -5.137775,36.403553 -5.14096,36.40032 -5.14096,36.443377 -5.0916,36.466313</coordinates></LinearRing></outerBoundaryIs><innerBoundaryIs><LinearRing><coordinates>-0.789825,37.679097 -0.796083,37.678998 -0.794169,37.67683 -0.773017,37.668259 -0.772785,37.668166 -0.771112,37.667487 -0.771514,37.669848 -0.768229,37.673727 -0.780855,37.675421 -0.788305,37.679642 -0.788523,37.679501 -0.789825,37.679097</coordinates></LinearRing></innerBoundaryIs><innerBoundaryIs><LinearRing><coordinates>-0.811959,37.715872 -0.807871,37.717804 -0.793025,37.720139 -0.784656,37.71653 -0.782118,37.718785 -0.76688,37.720602 -0.765533,37.719934 -0.762531,37.734756 -0.76567,37.739985 -0.76638,37.746817 -0.779987,37.775413 -0.780092,37.778663 -0.780353,37.779091 -0.780605,37.776597 -0.788384,37.764224 -0.825975,37.737786 -0.83432,37.722271 -0.820599,37.706752 -0.811959,37.715872</coordinates></LinearRing></innerBoundaryIs><innerBoundaryIs><LinearRing><coordinates>-0.679357,38.004904 -0.680104,38.00048 -0.681194,37.999617 -0.678991,37.994539 -0.679057,37.993658 -0.678065,37.99436 -0.671147,38.003407 -0.671545,38.005306 -0.679357,38.004904</coordinates></LinearRing></innerBoundaryIs></Polygon><Polygon><outerBoundaryIs><LinearRing><coordinates>-0.719147,38.117678 -0.723414,38.119699 -0.727804,38.122424 -0.728253,38.122783 -0.734727,38.13662 -0.726829,38.148604 -0.732982,38.148911 -0.738864,38.150034 -0.751729,38.156888 -0.755918,38.168816 -0.755128,38.170208 -0.753969,38.179035 -0.749794,38.186447 -0.737305,38.196016 -0.72012,38.195948 -0.710282,38.192668 -0.704237,38.188137 -0.699656,38.187294 -0.694356,38.184509 -0.684743,38.173037 -0.688226,38.159385 -0.700265,38.152914 -0.685326,38.145848 -0.681429,38.132051 -0.682014,38.129491 -0.689274,38.119111 -0.702931,38.114423 -0.71718,38.117419 -0.717262,38.117463 -0.719147,38.117678</coordinates></LinearRing></outerBoundaryIs></Polygon><Polygon><outerBoundaryIs><LinearRing><coordinates>-0.470292,38.145278 -0.490409,38.149139 -0.503777,38.156596 -0.507228,38.169376 -0.49895,38.18079 -0.483273,38.184864 -0.477404,38.184609 -0.471041,38.184481 -0.460074,38.181947 -0.452841,38.178487 -0.443095,38.168684 -0.443798,38.156086 -0.454606,38.146785 -0.470292,38.145278</coordinates></LinearRing></outerBoundaryIs></Polygon></MultiGeometry>
  </Placemark>
</Folder>
</Document></kml>
