<?xml version="1.0" encoding="utf-8" ?>
<kml xmlns="http://www.opengis.net/kml/2.2">
<Document id="root_doc">
<Folder><name>SELECT</name>
  <Placemark>
	<Style><LineStyle><color>ff0000ff</color></LineStyle><PolyStyle><fill>0</fill></PolyStyle></Style>
      <MultiGeometry><Polygon><outerBoundaryIs><LinearRing><coordinates>-14.4245008877135,28.0856980052176,0 -14.4244997250753,28.0856976899142,0 -14.3378642836834,28.0646263122161,0 -14.3378630113777,28.0646260381517,0 -14.337862097012,28.0646269643312,0 -14.2305873731875,28.1791892427892,0 -14.2305836736119,28.179192990807,0 -14.2305797818511,28.179196538862,0 -14.2305757086987,28.179199877114,0 -14.2305714654514,28.1792029963045,0 -14.2305670638777,28.1792058877825,0 -14.230562516185,28.1792085435287,0 -14.2305578349862,28.1792109561775,0 -14.2305530332643,28.1792131190376,0 -14.2305481243367,28.1792150261103,0 -14.2305431218181,28.1792166721065,0 -14.2305380395826,28.1792180524612,0 -13.9531462860734,28.2467686868145,0 -13.9531450233655,28.2467690299563,0 -13.9531443830946,28.2467701711096,0 -13.8703126081009,28.4040148456045,0 -13.8703120354037,28.404016005192,0 -13.8703122510362,28.4040172803892,0 -13.8863564168563,28.4858492223848,0 -13.8863572906052,28.4858543936768,0 -13.8863578920329,28.4858596036655,0 -13.8863582194849,28.4858648380206,0 -13.8863582720607,28.4858700823446,0 -13.8863580496156,28.4858753222126,0 -13.8863575527614,28.4858805432119,0 -13.8863567828649,28.4858857309819,0 -13.8863557420436,28.4858908712532,0 -13.8863544331604,28.4858959498872,0 -13.8863528598155,28.4859009529146,0 -13.8863510263364,28.4859058665745,0 -13.8863489377664,28.4859106773512,0 -13.88634659985,28.4859153720126,0 -13.8863440190181,28.4859199376456,0 -13.8863412023692,28.4859243616921,0 -13.8863381576508,28.4859286319834,0 -13.8578568724668,28.5237362275766,0 -13.8578536371322,28.5237402976928,0 -13.8578501946225,28.5237441941481,0 -13.8578465542441,28.523747906409,0 -13.8578427258381,28.5237514244402,0 -13.8578387197539,28.5237547387313,0 -13.8578345468212,28.5237578403226,0 -13.8578302183209,28.5237607208296,0 -13.8578257459542,28.5237633724653,0 -13.8578211418114,28.5237657880616,0 -13.857816418339,28.5237679610882,0 -13.857811588306,28.5237698856707,0 -13.8578066647697,28.5237715566064,0 -13.8578016610399,28.5237729693783,0 -13.8577965906434,28.5237741201671,0 -13.857791467287,28.5237750058619,0 -13.8577863048208,28.5237756240683,0 -13.8577811172007,28.5237759731152,0 -13.8577759184505,28.5237760520589,0 -13.8577707226241,28.5237758606861,0 -13.8577655437674,28.5237753995141,0 -13.8577603958806,28.5237746697896,0 -13.8577552928802,28.5237736734852,0 -13.8577502485611,28.5237724132944,0 -13.8577452765598,28.5237708926237,0 -13.8577403903172,28.5237691155842,0 -13.8577356030425,28.5237670869796,0 -13.8577309276771,28.523764812294,0 -13.8577263768601,28.5237622976765,0 -13.8577219628939,28.5237595499251,0 -13.8577176977107,28.5237565764677,0 -13.8577135928409,28.5237533853426,0 -13.8577096593811,28.5237499851764,0 -13.8577059079648,28.5237463851609,0 -13.8577023487332,28.5237425950281,0 -13.8576989913082,28.5237386250239,0 -13.857695844766,28.5237344858805,0 -13.8576929176126,28.5237301887874,0 -13.8576902177611,28.523725745361,0 -13.85768775251,28.5237211676134,0 -13.8576855285239,28.5237164679196,0 -13.8576835518147,28.5237116589845,0 -13.8576818277262,28.5237067538082,0 -13.8576803609192,28.5237017656509,0 -13.8576791553588,28.5236967079973,0 -13.8576782143042,28.5236915945197,0 -13.8576775402993,28.5236864390417,0 -13.8576771351662,28.5236812555002,0 -13.857677,28.5236760579078,0 -13.857677,28.3520198468817,0 -13.8576771416058,28.3520145270028,0 -13.8576775660222,28.3520092221904,0 -13.8576782720472,28.3520039474684,0 -13.8576792576813,28.3519987177754,0 -13.857680520133,28.3519935479224,0 -13.8576820558269,28.3519884525512,0 -13.8576838604137,28.3519834460923,0 -13.8997714235216,28.2442929733634,0 -13.8997734794471,28.2442880974433,0 -13.8997757904199,28.2442833371039,0 -13.8997783499689,28.2442787056747,0 -13.899781150927,28.2442742161245,0 -13.8997841854511,28.2442698810247,0 -13.8997874450441,28.2442657125141,0 -13.8997909205786,28.2442617222652,0 -13.8997946023228,28.2442579214513,0 -13.8997984799672,28.2442543207151,0 -13.8998025426537,28.2442509301392,0 -13.8998067790064,28.2442477592178,0 -13.8998111771628,28.2442448168298,0 -13.8998157248075,28.2442421112144,0 -13.8998204092064,28.2442396499477,0 -13.8998252172426,28.2442374399215,0 -13.8998301354527,28.2442354873243,0 -13.8998351500652,28.2442337976237,0 -14.2086457521908,28.149199384005,0 -14.2086469813941,28.1491989702995,0 -14.2086478899742,28.1491980447862,0 -14.3178281188677,28.032014364787,0 -14.3178317071253,28.0320107061155,0 -14.3178354781019,28.0320072360713,0 -14.3178394218941,28.0320039637674,0 -14.3178435281451,28.0320008977973,0 -14.3178477860713,28.0319980462127,0 -14.3178521844907,28.0319954165022,0 -14.3178567118524,28.0319930155719,0 -14.3178613562669,28.0319908497269,0 -14.3178661055372,28.0319889246552,0 -14.3178709471912,28.0319872454121,0 -14.3178758685138,28.0319858164077,0 -14.317880856581,28.0319846413947,0 -14.3178858982935,28.0319837234589,0 -14.3178909804108,28.0319830650109,0 -14.3178960895866,28.0319826677799,0 -14.3179012124035,28.0319825328091,0 -14.3179063354082,28.0319826604529,0 -14.317911445147,28.0319830503761,0 -14.5220935964906,28.0528384168536,0 -14.5220988689796,28.0528390974377,0 -14.5221040978493,28.0528400572589,0 -14.5221092683217,28.0528412936044,0 -14.5221143657838,28.05284280298,0 -14.5221193758291,28.05284458112,0 -14.5221242842979,28.0528466229988,0 -14.5221290773178,28.0528489228456,0 -14.5221337413425,28.0528514741605,0 -14.5221382631906,28.052854269733,0 -14.5221426300821,28.052857301662,0 -14.5221468296752,28.0528605613787,0 -14.5221508501008,28.0528640396703,0 -14.5221546799964,28.0528677267063,0 -14.5221583085378,28.0528716120664,0 -14.5221617254697,28.0528756847695,0 -14.5221649211353,28.0528799333053,0 -14.5221678865027,28.0528843456665,0 -14.5221706131912,28.0528889093826,0 -14.5221730934946,28.0528936115555,0 -14.5221753204028,28.0528984388959,0 -14.5221772876221,28.0529033777604,0 -14.5221789895927,28.0529084141908,0 -14.5221804215045,28.0529135339529,0 -14.5221815793105,28.052918722577,0 -14.5221824597386,28.0529239653989,0 -14.5221830603003,28.0529292476012,0 -14.5221833792983,28.052934554255,0 -14.5221834158312,28.0529398703627,0 -14.5221831697957,28.0529451808995,0 -14.522182641887,28.0529504708567,0 -14.5221818335973,28.0529557252837,0 -14.5221807472109,28.0529609293301,0 -14.5061871742201,28.1205406569606,0 -14.5061858107619,28.1205458028853,0 -14.5061841753898,28.1205508689605,0 -14.5061822727386,28.1205558408291,0 -14.5061801082001,28.1205607044011,0 -14.5061776879086,28.1205654458934,0 -14.5061750187232,28.1205700518687,0 -14.5061721082081,28.1205745092739,0 -14.5061689646116,28.120578805477,0 -14.5061655968426,28.1205829283026,0 -14.5061620144451,28.1205868660669,0 -14.5061582275715,28.1205906076105,0 -14.5061542469537,28.1205941423299,0 -14.5061500838725,28.1205974602079,0 -14.506145750126,28.1206005518418,0 -14.5061412579957,28.1206034084701,0 -14.5061366202122,28.1206060219971,0 -14.5061318499187,28.1206083850163,0 -14.5061269606341,28.120610490831,0 -14.5061219662143,28.1206123334734,0 -14.5061168808134,28.1206139077215,0 -14.5061117188431,28.1206152091139,0 -14.5061064949323,28.1206162339627,0 -14.5061012238852,28.1206169793633,0 -14.374881335063,28.1356228473267,0 -14.3748800128715,28.1356230346445,0 -14.3748788891167,28.1356237560691,0 -14.2332960620439,28.2319852771711,0 -14.2332950309452,28.2319860184,0 -14.2332948721676,28.2319872783105,0 -14.2234463616291,28.3304713839487,0 -14.2234457132042,28.3304765209818,0 -14.2234447997525,28.330481617566,0 -14.2234436237231,28.3304866600376,0 -14.2234421882687,28.3304916348778,0 -14.2234404972379,28.3304965287494,0 -14.2234385551641,28.3305013285321,0 -14.223436367254,28.3305060213579,0 -14.2234339393732,28.3305105946456,0 -14.2234312780309,28.3305150361342,0 -14.0547336876435,28.5962009170137,0 -14.0547330312971,28.5962020117974,0 -14.054732801658,28.5962032674279,0 -14.0359481173942,28.7162395190478,0 -14.0359471403908,28.7162448219361,0 -14.0359458789725,28.716250064453,0 -14.035944336807,28.7162552313559,0 -14.0359425183781,28.7162603076219,0 -14.035940428973,28.7162652784916,0 -14.0359380746667,28.7162701295122,0 -14.0359354623042,28.7162748465793,0 -14.0359325994811,28.716279415978,0 -14.0359294945212,28.7162838244225,0 -14.035926156452,28.7162880590954,0 -14.0359225949792,28.7162921076842,0 -14.0359188204577,28.7162959584175,0 -14.0359148438621,28.7162996000994,0 -14.0359106767543,28.7163030221415,0 -14.0359063312503,28.7163062145943,0 -14.0359018199847,28.7163091681756,0 -13.9767242260541,28.7528128415142,0 -13.976719784971,28.7528154258883,0 -13.9767152170014,28.7528177787295,0 -13.9767105342057,28.7528198938258,0 -13.9767057489475,28.7528217655929,0 -13.976700873861,28.7528233890889,0 -13.9766959218174,28.7528247600275,0 -13.8880296448378,28.7749353581353,0 -13.8880246683972,28.774936465172,0 -13.8880196420043,28.7749373171492,0 -13.8880145787228,28.7749379118527,0 -13.8880094917126,28.7749382477367,0 -13.888004394195,28.7749383239282,0 -13.8879992994187,28.7749381402293,0 -13.8879942206252,28.7749376971174,0 -13.8879891710147,28.7749369957442,0 -13.8879841637112,28.7749360379325,0 -13.8879792117291,28.7749348261718,0 -13.8879743279387,28.7749333636115,0 -13.8879695250333,28.7749316540528,0 -13.8577410761068,28.7632956651381,0 -13.8577362448138,28.7632936587823,0 -13.857731525055,28.7632914025172,0 -13.8577269297467,28.7632889025176,0 -13.8577224714651,28.7632861656252,0 -13.8577181624108,28.76328319933,0 -13.8577140143766,28.7632800117498,0 -13.8577100387142,28.763276611608,0 -13.8577062463037,28.7632730082098,0 -13.8577026475239,28.7632692114165,0 -13.8576992522235,28.7632652316187,0 -13.8576960696942,28.7632610797078,0 -13.8576931086458,28.7632567670465,0 -13.8576903771816,28.763252305437,0 -13.8576878827769,28.7632477070894,0 -13.8576856322579,28.763242984588,0 -13.8576836317838,28.7632381508566,0 -13.8576818868291,28.7632332191238,0 -13.8576804021692,28.7632282028861,0 -13.8576791818672,28.7632231158713,0 -13.8576782292627,28.7632179720012,0 -13.8576775469626,28.7632127853527,0 -13.8576771368343,28.7632075701202,0 -13.857677,28.763202340576,0 -13.857677,28.7087766331098,0 -13.8576771351618,28.7087714356016,0 -13.8576775402818,28.7087662521434,0 -13.857678214265,28.7087610967475,0 -13.8576791552893,28.7087559833499,0 -13.8576803608109,28.7087509257736,0 -13.8576818275711,28.7087459376903,0 -13.8576835516049,28.7087410325839,0 -13.8576855282517,28.7087362237142,0 -13.8576877521682,28.7087315240806,0 -13.8576902173427,28.7087269463873,0 -13.8576929171112,28.708722503009,0 -13.8576958441756,28.7087182059572,0 -13.8576989906234,28.7087140668477,0 -13.8577023479489,28.7087100968696,0 -13.8577059070765,28.7087063067547,0 -13.8577096583851,28.7087027067485,0 -13.857713591734,28.7086993065827,0 -13.8577176964904,28.7086961154487,0 -13.8577219615582,28.7086931419731,0 -13.8577263754078,28.7086903941936,0 -13.8577309261077,28.7086878795383,0 -13.8577356013562,28.7086856048049,0 -13.8577403885151,28.7086835761425,0 -13.8577452746434,28.708681799035,0 -13.8577502465328,28.7086802782864,0 -13.8577552907432,28.7086790180077,0 -13.8577603936388,28.7086780216056,0 -13.8577655414253,28.7086772917737,0 -13.8577707201871,28.7086768304849,0 -13.8577759159246,28.7086766389861,0 -13.8577811145927,28.7086767177951,0 -13.8577863021381,28.7086770666987,0 -13.8577914645376,28.7086776847538,0 -13.8577965878361,28.7086785702898,0 -13.8578016581839,28.7086797209126,0 -13.8578066618749,28.7086811335121,0 -13.8578115853829,28.7086828042694,0 -13.8578164153984,28.7086847286683,0 -13.8578211388648,28.7086869015066,0 -13.8578257430134,28.7086893169106,0 -13.8578302153981,28.7086919683509,0 -13.857834543929,28.70869484866,0 -13.8947378997443,28.7346602258548,0 -13.8947390051834,28.7346609599976,0 -13.8947402612279,28.7346605318469,0 -13.9972517769351,28.6966094539874,0 -13.9972529702472,28.6966089752653,0 -13.9972532229624,28.6966077145894,0 -14.01695957921,28.5829977213488,0 -14.0169605430455,28.5829928781307,0 -14.0169617448003,28.5829880883995,0 -14.0169631815438,28.5829833638351,0 -14.0169648497725,28.5829787159589,0 -14.0169667454181,28.582974156105,0 -14.0169688638582,28.582969695393,0 -14.0169711999266,28.5829653447006,0 -14.0169737479267,28.5829611146373,0 -14.1858593358299,28.3176360434341,0 -14.1858599706285,28.3176349894707,0 -14.1858601500198,28.3176337722498,0 -14.198355107494,28.2153760398773,0 -14.198355856954,28.215370983488,0 -14.1983568638143,28.2153659720016,0 -14.1983581254441,28.2153610185126,0 -14.198359638547,28.2153561359639,0 -14.1983613991695,28.2153513371128,0 -14.1983634027112,28.2153466344982,0 -14.1983656439372,28.2153420404075,0 -14.1983681169914,28.2153375668445,0 -14.1983708154119,28.215333225498,0 -14.1983737321482,28.2153290277114,0 -14.1983768595793,28.215324984453,0 -14.1983801895334,28.2153211062874,0 -14.1983837133099,28.2153174033477,0 -14.1983874217015,28.2153138853092,0 -14.1983913050187,28.2153105613642,0 -14.308947241241,28.1254721804457,0 -14.3089512094917,28.1254691177103,0 -14.3089553262349,28.1254662576777,0 -14.3089595811264,28.1254636075343,0 -14.3089639634747,28.1254611739393,0 -14.3089684622682,28.1254589630076,0 -14.3089730662025,28.1254569802947,0 -14.3089777637092,28.1254552307827,0 -14.4244997593243,28.0856984269776,0 -14.4245008877135,28.0856980052176,0</coordinates></LinearRing></outerBoundaryIs></Polygon><Polygon><outerBoundaryIs><LinearRing><coordinates>-13.8706808921176,28.9109341517838,0 -13.8706800224705,28.9109350203847,0 -13.8706792424336,28.9109359702769,0 -13.8579460482444,28.9272444080242,0 -13.8579426917542,28.927248480663,0 -13.857939125078,28.9272523705518,0 -13.85793535815,28.9272560668563,0 -13.8579314014619,28.9272595592814,0 -13.8579272660341,28.9272628380999,0 -13.8579229633847,28.9272658941794,0 -13.8579185054976,28.927268719008,0 -13.8579139047892,28.927271304718,0 -13.8579091740735,28.9272736441074,0 -13.8579043265267,28.9272757306605,0 -13.8578993756504,28.9272775585658,0 -13.857894335234,28.927279122732,0 -13.8578892193163,28.9272804188027,0 -13.8578840421462,28.9272814431679,0 -13.8578788181436,28.9272821929746,0 -13.8578735618584,28.9272826661343,0 -13.8578682879308,28.9272828613292,0 -13.8578630110498,28.9272827780156,0 -13.8578577459129,28.9272824164256,0 -13.8578525071848,28.9272817775663,0 -13.8578473094565,28.927280863217,0 -13.857842167205,28.9272796759245,0 -13.8578370947528,28.9272782189956,0 -13.8578321062277,28.9272764964883,0 -13.8578272155241,28.9272745132001,0 -13.8578224362638,28.927272274655,0 -13.8578177817581,28.9272697870878,0 -13.8578132649709,28.9272670574271,0 -13.8578088984827,28.9272640932756,0 -13.8578046944551,28.9272609028892,0 -13.8578006645973,28.9272574951538,0 -13.8577968201336,28.9272538795609,0 -13.8577931717715,28.9272500661807,0 -13.8577897296728,28.9272460656344,0 -13.8577865034245,28.9272418890646,0 -13.8577835020125,28.9272375481039,0 -13.8577807337964,28.9272330548431,0 -13.8577782064864,28.9272284217968,0 -13.8577759271216,28.9272236618693,0 -13.8577739020507,28.927218788318,0 -13.8577721369138,28.9272138147172,0 -13.8577706366275,28.9272087549193,0 -13.8577694053703,28.9272036230171,0 -13.8577684465716,28.9271984333044,0 -13.8577677629018,28.9271932002355,0 -13.8577673562652,28.927187938386,0 -13.8577672277944,28.9271826624113,0 -13.857767377847,28.9271773870063,0 -13.8577678060053,28.9271721268643,0 -13.8577685110767,28.927166896636,0 -13.8577694910974,28.9271617108888,0 -13.8772777810616,28.8370375788445,0 -13.8772790191237,28.8370325041259,0 -13.8772805204873,28.8370275009795,0 -13.8772822810557,28.8370225830566,0 -13.8772842960252,28.8370177637761,0 -13.8772865598978,28.8370130562876,0 -13.8772890664964,28.8370084734359,0 -13.8772918089816,28.8370040277254,0 -13.8772947798703,28.8369997312865,0 -13.8772979710564,28.8369955958424,0 -13.8773013738325,28.8369916326768,0 -13.8773049789139,28.8369878526034,0 -13.877308776464,28.8369842659364,0 -13.8773127561209,28.8369808824623,0 -13.8773169070259,28.8369777114129,0 -13.8773212178531,28.8369747614407,0 -13.87732567684,28.8369720405949,0 -13.8773302718202,28.8369695562994,0 -13.8773349902559,28.8369673153328,0 -13.8773398192726,28.8369653238097,0 -13.8773447456941,28.8369635871641,0 -13.8773497560783,28.8369621101344,0 -13.8773548367542,28.836960896751,0 -13.8773599738588,28.8369599503245,0 -13.8773651533752,28.8369592734373,0 -13.8773703611709,28.8369588679364,0 -13.877375583036,28.8369587349281,0 -13.8773808047224,28.8369588747755,0 -13.8773860119825,28.8369592870969,0 -13.877391190608,28.8369599707673,0 -13.8773963264686,28.8369609239212,0 -13.8774014055509,28.836962143958,0 -13.8774064139963,28.8369636275486,0 -13.877411338139,28.8369653706451,0 -13.8774161645432,28.8369673684912,0 -13.8774208800398,28.8369696156357,0 -13.8774254717623,28.8369721059473,0 -13.8774299271818,28.8369748326309,0 -13.8774342341416,28.8369777882466,0 -13.8774383808899,28.8369809647298,0 -13.8774423561119,28.8369843534134,0 -13.8774461489611,28.8369879450511,0 -13.8774497490886,28.8369917298429,0 -13.8774531466711,28.8369956974618,0 -13.8774563324381,28.836999837082,0 -13.8774592976971,28.8370041374082,0 -13.8774620343572,28.8370085867068,0 -13.8774645349513,28.8370131728376,0 -13.9006599462711,28.8823314671462,0 -13.9006621674181,28.8823360960115,0 -13.9006641480613,28.8823408327762,0 -13.9006658829797,28.8823456649544,0 -13.9006673676002,28.8823505798083,0 -13.9006685980093,28.8823555643826,0 -13.9006695709636,28.882360605538,0 -13.9006702838985,28.882365689986,0 -13.9006707349347,28.8823708043241,0 -13.9006709228831,28.8823759350709,0 -13.9006708472485,28.8823810687018,0 -13.9006705082301,28.8823861916848,0 -13.9006699067217,28.8823912905155,0 -13.9006690443088,28.8823963517537,0 -13.9006679232646,28.8824013620578,0 -13.9006665465444,28.8824063082209,0 -13.900664917777,28.8824111772048,0 -13.9006630412559,28.882415956175,0 -13.9006609219276,28.8824206325341,0 -13.9006585653786,28.8824251939554,0 -13.9006559778208,28.882429628415,0 -13.9006531660748,28.8824339242237,0 -13.9006501375526,28.8824380700578,0 -13.9006469002371,28.882442054989,0 -13.9006434626619,28.8824458685129,0 -13.9006398338885,28.8824495005772,0 -13.8706808921176,28.9109341517838,0</coordinates></LinearRing></outerBoundaryIs></Polygon><Polygon><outerBoundaryIs><LinearRing><coordinates>-15.729322031176,28.0899170200332,0 -15.7293218331091,28.0899182910745,0 -15.7176583823652,28.180147209531,0 -15.7176575645443,28.1801524422231,0 -15.717656470833,28.1801576242779,0 -15.717655104299,28.1801627411599,0 -15.7176534687756,28.1801677785163,0 -15.7176515688503,28.1801727222174,0 -15.7176494098524,28.1801775583962,0 -15.7176469978379,28.1801822734871,0 -15.7176443395724,28.1801868542645,0 -15.7176414425123,28.1801912878792,0 -15.717638314784,28.1801955618951,0 -15.7176349651605,28.1801996643236,0 -15.7176314030376,28.1802035836574,0 -15.7176276384071,28.1802073089028,0 -15.7176236818285,28.1802108296105,0 -15.7176195444002,28.1802141359051,0 -15.7176152377275,28.1802172185123,0 -15.7176107738907,28.1802200687855,0 -15.7176061654107,28.1802226787297,0 -15.7176014252143,28.180225041024,0 -15.7175965665976,28.1802271490423,0 -15.7175916031891,28.1802289968715,0 -15.7175865489111,28.1802305793286,0 -15.7175814179407,28.1802318919746,0 -15.7175762246703,28.1802329311278,0 -15.717570983667,28.1802336938732,0 -15.7175657096317,28.1802341780714,0 -15.7175604173579,28.1802343823642,0 -15.7175551216906,28.1802343061785,0 -15.717549837484,28.1802339497282,0 -15.5503977451375,28.1645025406998,0 -15.5503920251033,28.1645018355485,0 -15.5503863551923,28.1645008020405,0 -15.4624952948497,28.1458482747972,0 -15.4624940163271,28.1458480386452,0 -15.462493294415,28.1458491199548,0 -15.4315904478813,28.1949003218661,0 -15.4315875538535,28.1949046603553,0 -15.431584437579,28.1949088420678,0 -15.4315811075336,28.1949128556302,0 -15.4315775727742,28.1949166901265,0 -15.4315738429145,28.1949203351276,0 -15.4315699280992,28.1949237807199,0 -15.4315658389755,28.1949270175321,0 -15.4315615866651,28.1949300367608,0 -15.4315571827333,28.1949328301943,0 -15.431552639158,28.1949353902351,0 -15.4315479682966,28.1949377099204,0 -15.431543182853,28.1949397829412,0 -15.4315382958425,28.1949416036592,0 -15.4315333205567,28.1949431671225,0 -15.4315282705275,28.1949444690788,0 -15.4315231594897,28.1949455059871,0 -15.4315180013444,28.1949462750271,0 -15.4315128101206,28.1949467741074,0 -15.4315075999373,28.1949470018704,0 -15.4315023849652,28.1949469576967,0 -15.4314971793878,28.1949466417064,0 -15.4314919973632,28.1949460547591,0 -15.3917943029844,28.1893977608367,0 -15.3917890563624,28.1893968847014,0 -15.3917838637504,28.1893957308222,0 -15.3917787398409,28.1893943024639,0 -15.3917736991317,28.1893926036682,0 -15.3917687558854,28.1893906392416,0 -15.3917639240887,28.1893884147425,0 -15.391759217413,28.1893859364649,0 -15.3917546491757,28.1893832114211,0 -15.3917502323024,28.1893802473215,0 -15.3917459792906,28.1893770525529,0 -15.391741902174,28.1893736361547,0 -15.3917380124886,28.1893700077937,0 -15.3917343212402,28.1893661777361,0 -15.3917308388731,28.1893621568189,0 -15.3917275752405,28.1893579564192,0 -15.3917245395766,28.1893535884218,0 -15.3917217404709,28.1893490651859,0 -15.3917191858434,28.1893443995097,0 -15.3917168829221,28.1893396045947,0 -15.3917148382232,28.189334694008,0 -15.3917130575321,28.1893296816437,0 -15.3917115458872,28.1893245816844,0 -15.3917103075656,28.18931940856,0 -15.3917093460711,28.1893141769078,0 -15.3917086641242,28.1893089015307,0 -15.3917082636545,28.189303597355,0 -15.3917081457951,28.1892982793887,0 -15.3917083108795,28.1892929626789,0 -15.398912921891,28.0644373536265,0 -15.3989129628772,28.064436011275,0 -15.3989121822784,28.0644349184561,0 -15.3476025520142,27.9965712148367,0 -15.3475995536204,27.9965670292921,0 -15.3475967746308,27.9965626949679,0 -15.3475942224122,27.9965582233542,0 -15.3475919037302,27.9965536263049,0 -15.3475898247316,27.9965489160062,0 -15.3475879909275,27.9965441049448,0 -15.3475864071793,27.9965392058745,0 -15.3475850776852,27.9965342317821,0 -15.3475840059698,27.9965291958537,0 -15.3475831948739,27.9965241114391,0 -15.3475826465478,27.9965189920165,0 -15.341548595417,27.9221449903738,0 -15.3415483105262,27.9221398226507,0 -15.3415482933865,27.9221346471092,0 -15.3415485440438,27.9221294776126,0 -15.3415490618267,27.9221243280082,0 -15.3415498453483,27.92211921209,0 -15.3415508925097,27.9221141435619,0 -15.341552200506,27.9221091360006,0 -15.3415537658336,27.9221042028197,0 -15.3415555842993,27.9220993572334,0 -15.3415576510323,27.9220946122213,0 -15.3415599604964,27.9220899804938,0 -15.3415625065054,27.9220854744576,0 -15.420506502559,27.7904418428698,0 -15.4205093594647,27.7904373540607,0 -15.420512451084,27.7904330235633,0 -15.4205157686641,27.7904288636379,0 -15.4205193028125,27.7904248860617,0 -15.4205230435235,27.7904211020957,0 -15.4205269802067,27.790417522453,0 -15.4205311017169,27.7904141572678,0 -15.4205353963855,27.7904110160676,0 -15.4205398520537,27.7904081077454,0 -15.4205444561069,27.7904054405351,0 -15.4205491955106,27.7904030219879,0 -15.5691237191568,27.7195015415222,0 -15.5691284240006,27.7194994433405,0 -15.5691332306534,27.7194975902323,0 -15.5691381263594,27.7194959871154,0 -15.5691430981265,27.7194946382441,0 -15.5691481327606,27.7194935471981,0 -15.5691532169007,27.7194927168728,0 -15.5691583370548,27.7194921494717,0 -15.5691634796349,27.7194918465005,0 -15.5691686309937,27.7194918087633,0 -15.5691737774605,27.7194920363603,0 -15.5691789053778,27.7194925286873,0 -15.6862623368527,27.7337857450379,0 -15.6862675274337,27.7337865174051,0 -15.6862726703499,27.7337875610027,0 -15.6862777514382,27.7337888729569,0 -15.6862827567061,27.7337904496546,0 -15.6862876723697,27.7337922867539,0 -15.6862924848919,27.7337943791956,0 -15.6862971810197,27.7337967212175,0 -15.6863017478205,27.7337993063699,0 -15.686306172718,27.7338021275336,0 -15.6863104435265,27.7338051769395,0 -15.8019116961464,27.8210144548135,0 -15.801915925993,27.8210178291724,0 -15.8019199671311,27.8210214273808,0 -15.8019238077289,27.821025238904,0 -15.8019274365421,27.8210292525825,0 -15.8019308429462,27.8210334566652,0 -15.801934016968,27.8210378388434,0 -15.8019369493146,27.8210423862871,0 -15.849057358541,27.8986485919085,0 -15.8490599270555,27.8986530797875,0 -15.8490622601494,27.8986576944379,0 -15.8490643515845,27.8986624235207,0 -15.8490661957685,27.8986672543913,0 -15.8490677877705,27.8986721741326,0 -15.8490691233337,27.8986771695902,0 -15.8490701988871,27.8986822274069,0 -15.8490710115547,27.8986873340591,0 -15.8490715591636,27.8986924758924,0 -15.8490718402497,27.8986976391584,0 -15.8490718540613,27.8987028100514,0 -15.8490716005615,27.8987079747453,0 -15.8398947956968,28.0209974188159,0 -15.8398942699636,28.0210026074141,0 -15.8398934744434,28.0210077615478,0 -15.8398924112999,28.0210128671988,0 -15.8398910834245,28.0210179104808,0 -15.8398894944288,28.0210228776772,0 -15.8398876486347,28.0210277552781,0 -15.8398855510621,28.0210325300174,0 -15.8398832074162,28.021037188909,0 -15.8398806240711,28.0210417192815,0 -15.8398778080531,28.0210461088132,0 -15.839874767021,28.0210503455656,0 -15.839871509246,28.0210544180155,0 -15.8398680435884,28.0210583150867,0 -15.8398643794741,28.02106202618,0 -15.8398605268689,28.021065541202,0 -15.8398564962509,28.0210688505925,0 -15.8398522985827,28.0210719453507,0 -15.839847945281,28.0210748170594,0 -15.7293231049996,28.08991631174,0 -15.729322031176,28.0899170200332,0</coordinates></LinearRing></outerBoundaryIs><innerBoundaryIs><LinearRing><coordinates>-15.8107799654285,27.9130380081884,0 -15.8107792740078,27.9130369276723,0 -15.7570087406927,27.833615094041,0 -15.7570079765499,27.8336140272035,0 -15.7570068087371,27.8336134286472,0 -15.5958022013117,27.7562965761724,0 -15.5958009991952,27.7562960385247,0 -15.5957997756736,27.7562965254992,0 -15.4410662048214,27.8227104828727,0 -15.4410650218891,27.8227110277631,0 -15.441064216015,27.8227120508962,0 -15.4044147482234,27.8718389970405,0 -15.4044140301804,27.8718400115559,0 -15.4044138870355,27.8718412461962,0 -15.3933261205015,27.9941586706578,0 -15.3933260363751,27.9941599894093,0 -15.3933268152581,27.9941610568944,0 -15.437990281655,28.0520624372865,0 -15.437993351864,28.0520666391853,0 -15.4379961993207,28.0520709951154,0 -15.4379988163137,28.05207549328,0 -15.4380011957555,28.0520801214971,0 -15.438003331202,28.0520848672326,0 -15.4380052168702,28.0520897176338,0 -15.438006847653,28.0520946595651,0 -15.4380082191342,28.0520996796424,0 -15.4380093275993,28.0521047642704,0 -15.4380101700464,28.0521098996789,0 -15.4380107441941,28.0521150719599,0 -15.4380110484873,28.052120267106,0 -15.4400269572263,28.1141596836416,0 -15.4400270330489,28.1141609711708,0 -15.4400282983654,28.1141612210795,0 -15.6422747121207,28.148598780706,0 -15.6422759995083,28.1485989654512,0 -15.6422772811175,28.1485987441462,0 -15.6790027037215,28.1412642588816,0 -15.67900397582,28.1412639696647,0 -15.6790045414009,28.1412627940801,0 -15.723206606346,28.0428068331101,0 -15.7232088893344,28.042802086629,0 -15.7232114190657,28.0427974669343,0 -15.7232141885224,28.0427929868419,0 -15.7232171900216,28.0427886587797,0 -15.7232204152368,28.0427844947545,0 -15.723223855221,28.0427805063177,0 -15.7232275004311,28.0427767045337,0 -15.7232313407551,28.0427730999489,0 -15.7232353655393,28.0427697025631,0 -15.7232395636187,28.0427665218008,0 -15.7232439233472,28.0427635664859,0 -15.7232484326305,28.0427608448167,0 -15.7994818840328,27.9994456340832,0 -15.799482969837,27.9994449797145,0 -15.7994831663946,27.9994437273032,0 -15.8107798321219,27.9130392840438,0 -15.8107799654285,27.9130380081884,0</coordinates></LinearRing></innerBoundaryIs></Polygon><Polygon><outerBoundaryIs><LinearRing><coordinates>-16.8598650320359,28.2563029814206,0 -16.8598659561192,28.2563039403016,0 -16.9443410006054,28.3393814729658,0 -16.9443446568625,28.3393852632315,0 -16.9443481085102,28.3393892407253,0 -16.9443513459759,28.3393933944158,0 -16.9443543602805,28.3393977127832,0 -16.9443571430641,28.3394021838507,0 -16.9443596866088,28.3394067952182,0 -16.9443619838603,28.3394115340962,0 -16.9443640284473,28.3394163873418,0 -16.9443658146993,28.3394213414949,0 -16.9443673376622,28.3394263828155,0 -16.9443685931122,28.3394314973218,0 -16.9443695775674,28.339436670829,0 -16.9443702882975,28.3394418889888,0 -16.9443707233312,28.339447137329,0 -16.9443708814622,28.3394524012937,0 -16.9443707622517,28.3394576662835,0 -16.9443703660305,28.3394629176965,0 -16.9443696938974,28.3394681409681,0 -16.9443687477165,28.339473321612,0 -16.944367530112,28.3394784452599,0 -16.9443660444609,28.3394834977019,0 -16.9443642948834,28.3394884649253,0 -16.944362286232,28.3394933331538,0 -16.9443600240775,28.3394980888857,0 -16.9443575146939,28.3395027189314,0 -16.9443547650407,28.3395072104496,0 -16.9443517827438,28.3395115509836,0 -16.9443485760746,28.339515728495,0 -16.9443451539266,28.3395197313979,0 -16.9443415257907,28.3395235485905,0 -16.9443377017293,28.339527169486,0 -16.9443336923484,28.3395305840422,0 -16.9443295087676,28.3395337827889,0 -16.9443251625897,28.3395367568547,0 -16.8385260393028,28.4079151706902,0 -16.8385213696061,28.4079180108905,0 -16.8385165517081,28.4079205917168,0 -16.8385116000014,28.4079229054596,0 -16.838506529278,28.4079249452069,0 -16.8385013546856,28.4079267048655,0 -16.8384960916822,28.4079281791788,0 -16.8384907559898,28.4079293637427,0 -16.8384853635476,28.4079302550184,0 -16.8384799304644,28.4079308503436,0 -16.8384744729704,28.4079311479397,0 -16.8384690073685,28.4079311469179,0 -16.7153782367601,28.4045430340422,0 -16.7153770021914,28.4045430306162,0 -16.7153757806961,28.4045432098392,0 -16.5196462350004,28.4382277874594,0 -16.5196450131685,28.4382280294052,0 -16.5196440190457,28.4382287798258,0 -16.3198181389401,28.5970836556535,0 -16.3198138724825,28.5970868652748,0 -16.3198094408067,28.5970898426191,0 -16.3198048565448,28.5970925791996,0 -16.3198001327641,28.5970950672159,0 -16.3197952829293,28.5970972995761,0 -16.3197903208645,28.597099269917,0 -16.3197852607139,28.5971009726222,0 -16.3197801169009,28.5971024028383,0 -16.3197749040878,28.5971035564887,0 -16.3197696371333,28.5971044302848,0 -16.3197643310505,28.5971050217359,0 -16.3197590009639,28.5971053291563,0 -16.3197536620668,28.5971053516695,0 -16.3197483295772,28.5971050892115,0 -16.319743018695,28.5971045425303,0 -16.2232152410934,28.5845561613392,0 -16.2232140038794,28.5845560318988,0 -16.2232128337551,28.5845564541096,0 -16.1541526683752,28.6114469346048,0 -16.1541477725084,28.611448695692,0 -16.1541427916704,28.611450199751,0 -16.1541377393448,28.6114514427102,0 -16.1541326292089,28.6114524212048,0 -16.1541274750962,28.6114531325858,0 -16.1541222909594,28.6114535749276,0 -16.1541170908325,28.6114537470326,0 -16.1541118887926,28.611453648435,0 -16.1541066989222,28.6114532794016,0 -16.1541015352707,28.6114526409315,0 -16.1540964118167,28.6114517347531,0 -16.1540913424297,28.6114505633195,0 -16.1540863408332,28.6114491298018,0 -16.1540814205669,28.6114474380808,0 -16.1540765949504,28.611445492736,0 -16.1540718770472,28.6114432990338,0 -16.154067279629,28.6114408629126,0 -16.1540628151414,28.6114381909673,0 -16.1540584956704,28.6114352904311,0 -16.154054332909,28.611432169156,0 -16.1540503381263,28.6114288355916,0 -16.1016944114361,28.5653763053075,0 -16.1016906397676,28.5653728117275,0 -16.1016870526315,28.5653691289243,0 -16.1016836595088,28.5653652666319,0 -16.1016804693676,28.5653612350584,0 -16.1016774906398,28.5653570448597,0 -16.1016747311982,28.5653527071106,0 -16.1016721983363,28.5653482332761,0 -16.1016698987486,28.5653436351807,0 -16.1016678385129,28.5653389249775,0 -16.1016660230746,28.5653341151159,0 -16.1016644572321,28.5653292183086,0 -16.1016631451239,28.5653242474981,0 -16.101662090218,28.5653192158226,0 -16.1016612953027,28.565314136581,0 -16.1016607624788,28.5653090231982,0 -16.1016604931547,28.5653038891891,0 -16.1016604880422,28.5652987481232,0 -16.1016607471549,28.5652936135886,0 -16.1016612698078,28.5652884991562,0 -16.1016620546197,28.5652834183438,0 -16.1093663438994,28.5226943227101,0 -16.1093673741118,28.5226893516438,0 -16.1093686552813,28.5226844392674,0 -16.1093701841059,28.5226795982414,0 -16.1093719566453,28.5226748410424,0 -16.1093739683312,28.5226701799313,0 -16.109376213979,28.5226656269209,0 -16.1093786878009,28.5226611937457,0 -16.1093813834212,28.5226568918311,0 -16.1093842938926,28.5226527322646,0 -16.1093874117139,28.5226487257664,0 -16.1093907288497,28.5226448826625,0 -16.1093942367506,28.5226412128575,0 -16.1093979263759,28.5226377258097,0 -16.1094017882164,28.5226344305061,0 -16.109405812319,28.5226313354397,0 -16.1094099883124,28.5226284485874,0 -16.3432829323537,28.3695776986873,0 -16.3432839722605,28.369576979601,0 -16.3432843487272,28.3695757726361,0 -16.4070260986135,28.1452332897971,0 -16.407027745364,28.1452280465264,0 -16.4070296776776,28.1452229016417,0 -16.4070318897183,28.1452178706825,0 -16.4070343748048,28.1452129688441,0 -16.4070371254312,28.1452082109318,0 -16.4070401332897,28.1452036113164,0 -16.4070433892954,28.1451991838902,0 -16.4070468836139,28.1451949420259,0 -16.4070506056911,28.1451908985354,0 -16.5406378763243,28.0078418311545,0 -16.5406416858512,28.0078381173357,0 -16.5406456875009,28.007834611377,0 -16.5406498699466,28.0078313232022,0 -16.54065422135,28.0078282621183,0 -16.5406587293945,28.0078254367897,0 -16.54066338132,28.0078228552136,0 -16.5406681639593,28.007820524697,0 -16.5406730637751,28.0078184518365,0 -16.5406780668986,28.0078166424993,0 -16.5406831591685,28.0078151018067,0 -16.5406883261711,28.0078138341196,0 -16.5406935532812,28.0078128430262,0 -16.5406988257035,28.0078121313318,0 -16.7118947039923,27.9893254031283,0 -16.711899807895,27.9893249838695,0 -16.7119049265687,27.9893248264504,0 -16.7119100465893,27.9893249312838,0 -16.7119151545292,27.9893252980949,0 -16.7119202369927,27.9893259259216,0 -16.7119252806505,27.9893268131174,0 -16.7119302722755,27.9893279573556,0 -16.7119351987767,27.9893293556354,0 -16.7119400472342,27.9893310042896,0 -16.7119448049326,27.9893328989947,0 -16.7119494593944,27.9893350347815,0 -16.7119539984132,27.989337406049,0 -16.7119584100851,27.9893400065783,0 -16.7119626828401,27.9893428295493,0 -16.7119668054727,27.9893458675586,0 -16.7119707671712,27.9893491126389,0 -16.7119745575456,27.9893525562798,0 -16.7119781666555,27.9893561894501,0 -16.7119815850359,27.9893600026216,0 -16.7119848037217,27.989363985794,0 -16.7119878142718,27.9893681285213,0 -16.8376581083775,28.1719536285301,0 -16.8376608049673,28.1719577611258,0 -16.8376632944105,28.1719620217146,0 -16.8376655706452,28.1719663999219,0 -16.8376676281288,28.1719708850869,0 -16.8376694618514,28.1719754662882,0 -16.8376710673478,28.1719801323706,0 -16.8376724407087,28.1719848719723,0 -16.8598646586683,28.2563017031486,0 -16.8598650320359,28.2563029814206,0</coordinates></LinearRing></outerBoundaryIs><innerBoundaryIs><LinearRing><coordinates>-16.8834439471628,28.3470699751012,0 -16.8834433292566,28.347068891595,0 -16.6858606902066,28.0205631405679,0 -16.685859981431,28.0205620368549,0 -16.6858586726357,28.0205621240338,0 -16.6479133065326,28.0241078779128,0 -16.6479120095301,28.0241080335362,0 -16.6479108245132,28.0241085832352,0 -16.5072401884275,28.093904410344,0 -16.507239021467,28.0939050284566,0 -16.5072381066425,28.0939059807988,0 -16.4531528758094,28.1532850384669,0 -16.4531520296639,28.1532860174081,0 -16.4531515876583,28.1532872335163,0 -16.3730186602331,28.3930041015071,0 -16.3730168190661,28.3930091533793,0 -16.3730147090234,28.3930140989863,0 -16.3730123362055,28.3930189240297,0 -16.3730097074726,28.3930236145598,0 -16.3730068304246,28.3930281570155,0 -16.3730037133795,28.393032538264,0 -16.373000365349,28.3930367456386,0 -16.3729967960128,28.3930407669751,0 -16.3729930156902,28.3930445906475,0 -16.3729890353108,28.3930482056008,0 -16.3729848663821,28.393051601384,0 -16.1489110296938,28.5657602063465,0 -16.1489101157754,28.5657609494256,0 -16.1489112819646,28.5657607838475,0 -16.3759706864273,28.5274762214819,0 -16.3759719836679,28.527475967043,0 -16.3759729718417,28.5274750889288,0 -16.5098501412524,28.401969429361,0 -16.5098539192178,28.4019660631191,0 -16.5098578626272,28.4019628922944,0 -16.5098619613837,28.4019599250057,0 -16.5098662049925,28.4019571688505,0 -16.5098705825881,28.4019546308859,0 -16.5098750829617,28.4019523176103,0 -16.5098796945905,28.4019502349467,0 -16.5098844056664,28.4019483882277,0 -16.5098892041269,28.4019467821817,0 -16.5098940776858,28.401945420921,0 -16.5098990138646,28.4019443079311,0 -16.5099040000242,28.4019434460616,0 -16.8834427182034,28.3470701882974,0 -16.8834439471628,28.3470699751012,0</coordinates></LinearRing></innerBoundaryIs></Polygon><Polygon><outerBoundaryIs><LinearRing><coordinates>-17.1944289238894,28.2162472562276,0 -17.1944236096042,28.2162461927792,0 -17.1944183607376,28.216244842983,0 -17.194413192707,28.2162432108037,0 -17.1944081206921,28.2162413010353,0 -17.1944031595907,28.2162391192875,0 -17.194398323975,28.2162366719685,0 -17.1943936280482,28.2162339662667,0 -17.099364605142,28.1579943695638,0 -17.0993603504107,28.1579916112264,0 -17.099356240969,28.1579886407632,0 -17.0993522873826,28.1579854658117,0 -17.0993484998166,28.1579820945349,0 -17.0993448880094,28.1579785356008,0 -17.0993414612473,28.1579747981599,0 -17.099338228341,28.1579708918215,0 -17.0993351976025,28.1579668266293,0 -17.0993323768243,28.1579626130354,0 -17.099329773259,28.1579582618734,0 -17.0993273936005,28.1579537843307,0 -17.0993252439674,28.1579491919195,0 -17.0993233298864,28.1579444964475,0 -17.0993216562791,28.1579397099873,0 -17.0800048113358,28.0978455215629,0 -17.0800033368438,28.0978404843673,0 -17.0800021286723,28.0978353767468,0 -17.0800011901495,28.0978302127714,0 -17.0800005238609,28.0978250066668,0 -17.0800001316418,28.0978197727744,0 -17.0800000145727,28.0978145255121,0 -17.0800001729762,28.097809279335,0 -17.0800006064158,28.0978040486949,0 -17.0800013136975,28.0977988480009,0 -17.0800022928731,28.0977936915795,0 -17.080003541245,28.0977885936355,0 -17.0800050553743,28.0977835682123,0 -17.08000683109,28.0977786291537,0 -17.0800088635005,28.0977737900656,0 -17.080011147007,28.0977690642784,0 -17.0800136753189,28.0977644648105,0 -17.0800164414714,28.0977600043323,0 -17.0800194378446,28.0977556951312,0 -17.0800226561841,28.0977515490781,0 -17.0800260876241,28.0977475775941,0 -17.0800297227121,28.0977437916198,0 -17.1576594739946,28.0210272374939,0 -17.157663197638,28.0210237410598,0 -17.1576670949597,28.0210204393246,0 -17.1576711557913,28.0210173409027,0 -17.1576753695379,28.0210144538781,0 -17.1576797252056,28.0210117857831,0 -17.1576842114301,28.0210093435791,0 -17.1576888165067,28.0210071336377,0 -17.1576935284206,28.021005161725,0 -17.1576983348779,28.0210034329857,0 -17.1577032233384,28.0210019519301,0 -17.1577081810478,28.0210007224226,0 -17.1577131950712,28.0209997476709,0 -17.1577182523267,28.0209990302181,0 -17.2755963388286,28.0073371761479,0 -17.2756015988532,28.0073367068943,0 -17.2756068763155,28.0073365159757,0 -17.2756121564976,28.0073366039243,0 -17.2756174246741,28.0073369704951,0 -17.2756226661531,28.0073376146655,0 -17.2756278663172,28.0073385346392,0 -17.275633010664,28.0073397278506,0 -17.2756380848471,28.0073411909721,0 -17.2756430747154,28.0073429199231,0 -17.2756479663533,28.0073449098821,0 -17.2756527461188,28.0073471552995,0 -17.2756574006822,28.0073496499132,0 -17.2756619170628,28.0073523867662,0 -17.2756662826653,28.0073553582259,0 -17.2756704853148,28.0073585560056,0 -17.275674513291,28.0073619711873,0 -17.3653340145063,28.0875451349808,0 -17.3653379081803,28.0875488093812,0 -17.3653415996291,28.0875526868961,0 -17.3653450782723,28.0875567564118,0 -17.3653483341393,28.0875610062643,0 -17.3653513578983,28.0875654242726,0 -17.3653541408826,28.0875699977739,0 -17.3653566751156,28.0875747136597,0 -17.3653589533337,28.0875795584134,0 -17.3653609690071,28.087584518149,0 -17.3653627163586,28.0875895786508,0 -17.3653641903798,28.0875947254146,0 -17.3653653868459,28.0875999436887,0 -17.3653663023277,28.0876052185166,0 -17.3653669342011,28.0876105347796,0 -17.3653672806551,28.0876158772402,0 -17.3653673406968,28.087621230586,0 -17.365367114154,28.0876265794732,0 -17.365366601676,28.0876319085709,0 -17.3538664481581,28.1809307999718,0 -17.3538656716741,28.1809359786897,0 -17.3538646251586,28.1809411096595,0 -17.3538633114815,28.1809461788112,0 -17.353861734245,28.180951172244,0 -17.3538598977743,28.180956076265,0 -17.3538578071054,28.1809608774263,0 -17.3538554679712,28.1809655625621,0 -17.3538528867862,28.1809701188249,0 -17.3538500706286,28.1809745337204,0 -17.3538470272207,28.1809787951422,0 -17.3538437649083,28.1809828914044,0 -17.3538402926373,28.1809868112743,0 -17.3538366199293,28.1809905440029,0 -17.3538327568557,28.1809940793542,0 -17.3538287140098,28.1809974076335,0 -17.353824502478,28.1810005197141,0 -17.2819257161351,28.231273425081,0 -17.2819213756244,28.2312762948535,0 -17.281916891714,28.2312789349623,0 -17.2819122765442,28.2312813382591,0 -17.281907542611,28.2312834982367,0 -17.2819027027317,28.2312854090469,0 -17.2818977700106,28.2312870655161,0 -17.2818927578034,28.2312884631592,0 -17.281887679681,28.2312895981921,0 -17.2818825493926,28.2312904675416,0 -17.2818773808289,28.2312910688539,0 -17.281872187984,28.2312914005008,0 -17.281866984918,28.2312914615845,0 -17.2818617857184,28.2312912519395,0 -17.2818566044625,28.2312907721334,0 -17.2818514551787,28.2312900234655,0 -17.1944289238894,28.2162472562276,0</coordinates></LinearRing></outerBoundaryIs><innerBoundaryIs><LinearRing><coordinates>-17.3270699630792,28.1035250152388,0 -17.3270689731839,28.103524140015,0 -17.252135987163,28.0407658267745,0 -17.2521349949608,28.0407650383443,0 -17.2521338327362,28.040765543638,0 -17.12097417926,28.1018514507749,0 -17.120973058592,28.1018520086346,0 -17.1209739706908,28.1018528660611,0 -17.2086989929705,28.1801221015172,0 -17.2087000149936,28.1801229649881,0 -17.2087013451892,28.1801231088386,0 -17.3046206703279,28.1878838924169,0 -17.3046219782884,28.1878839631875,0 -17.3046225492006,28.1878827842778,0 -17.3231214277092,28.1469332668354,0 -17.3231219622698,28.1469319900637,0 -17.3231221259145,28.1469306156106,0 -17.3270698786805,28.1035263338691,0 -17.3270699630792,28.1035250152388,0</coordinates></LinearRing></innerBoundaryIs></Polygon><Polygon><outerBoundaryIs><LinearRing><coordinates>-17.8827912936458,28.8567304612918,0 -17.8827899932682,28.8567300374778,0 -17.8827886266847,28.8567299822493,0 -17.7688096369992,28.8552567579068,0 -17.7688043380096,28.8552565487884,0 -17.768799057557,28.8552560590513,0 -17.7687938104917,28.855255290073,0 -17.7687886115701,28.8552542440158,0 -17.7687834754131,28.8552529238218,0 -17.768778416465,28.8552513332037,0 -17.7687734489532,28.8552494766347,0 -17.7687685868479,28.8552473593361,0 -17.7687638438227,28.8552449872625,0 -17.7687592332164,28.8552423670847,0 -17.7687547679955,28.8552395061715,0 -17.7687504607176,28.8552364125687,0 -17.7687463234959,28.8552330949764,0 -17.7687423679657,28.8552295627247,0 -17.768738605251,28.8552258257474,0 -17.7687350459338,28.8552218945538,0 -17.7687317000239,28.8552177801999,0 -17.768728576931,28.8552134942563,0 -17.7687256854383,28.8552090487764,0 -17.7687230336774,28.8552044562623,0 -17.7083701950757,28.7439702792152,0 -17.708367797588,28.743965567468,0 -17.7083656524565,28.743960735603,0 -17.7083637656765,28.7439557971245,0 -17.7083621425212,28.7439507658348,0 -17.7083607875271,28.7439456557957,0 -17.7083597044812,28.743940481289,0 -17.7083588964105,28.7439352567765,0 -17.7083583655734,28.7439299968601,0 -17.7083581134536,28.7439247162404,0 -17.7083581407556,28.743919429676,0 -17.7083584474031,28.743914151942,0 -17.7083590325392,28.7439088977889,0 -17.7083598945284,28.7439036819013,0 -17.7083610309616,28.7438985188569,0 -17.7083624386627,28.7438934230854,0 -17.7083641136974,28.743888408829,0 -17.7083660513841,28.7438834901016,0 -17.7083682463073,28.7438786806504,0 -17.7083706923326,28.7438739939171,0 -17.7465363792264,28.6752331164596,0 -17.7465369671348,28.6752319924284,0 -17.7465369303021,28.6752307244671,0 -17.7406859580548,28.5681528341083,0 -17.7406858092243,28.5681475358978,0 -17.7406859413254,28.5681422372438,0 -17.7406863539868,28.568136953032,0 -17.7406870460493,28.5681316981072,0 -17.7406880155687,28.5681264872323,0 -17.7406892598212,28.5681213350464,0 -17.7406907753115,28.5681162560234,0 -17.7406925577819,28.5681112644321,0 -17.7406946022249,28.5681063742954,0 -17.7406969028971,28.5681015993512,0 -17.7406994533352,28.5680969530139,0 -17.740702246374,28.5680924483365,0 -17.7407052741672,28.5680880979741,0 -17.8373138052647,28.4368405506221,0 -17.8373170438754,28.4368363855912,0 -17.8373204976487,28.4368323971666,0 -17.8373241569708,28.4368285964504,0 -17.8373280116554,28.4368249940224,0 -17.8373320509727,28.4368215999104,0 -17.8373362636788,28.4368184235621,0 -17.8373406380472,28.4368154738193,0 -17.8373451619013,28.4368127588929,0 -17.8373498226486,28.4368102863402,0 -17.8373546073152,28.4368080630439,0 -17.8373595025826,28.4368060951927,0 -17.8373644948243,28.4368043882644,0 -17.8373695701437,28.4368029470103,0 -17.8373747144134,28.4368017754424,0 -17.8373799133135,28.4368008768218,0 -17.8373851523724,28.43680025365,0 -17.8373904170066,28.4367999076616,0 -17.8373956925614,28.4367998398197,0 -17.8374009643518,28.4368000503132,0 -17.8374062177031,28.4368005385561,0 -17.8374114379921,28.4368013031893,0 -17.8374166106875,28.4368023420844,0 -17.8374217213907,28.4368036523496,0 -17.8374267558753,28.4368052303376,0 -17.8374317001273,28.4368070716558,0 -17.837436540384,28.4368091711787,0 -17.8374412631719,28.4368115230622,0 -17.8835439496469,28.4613085638565,0 -17.8835485592487,28.4613111720317,0 -17.8835530242964,28.4613140206026,0 -17.8835573322651,28.4613171015784,0 -17.8835614710706,28.4613204063168,0 -17.8835654291031,28.4613239255477,0 -17.8835691952599,28.4613276493992,0 -17.8835727589765,28.4613315674256,0 -17.8835761102563,28.4613356686365,0 -17.8835792396988,28.4613399415274,0 -17.8835821385254,28.4613443741125,0 -17.8835847986047,28.461348953958,0 -17.8835872124749,28.461353668217,0 -18.0286832796539,28.7642383968417,0 -18.0286854022216,28.7642431401828,0 -18.0286872755144,28.7642479873833,0 -18.0286888944737,28.7642529253534,0 -18.0286902547273,28.7642579407585,0 -18.0286913526022,28.7642630200547,0 -18.0286921851334,28.7642681495255,0 -18.0286927500728,28.7642733153189,0 -18.0286930458948,28.764278503485,0 -18.0286930718004,28.7642837000134,0 -18.0286928277199,28.7642888908711,0 -18.0286923143122,28.7642940620403,0 -18.0286915329639,28.7642991995566,0 -18.0286904857849,28.7643042895462,0 -18.028689175603,28.764309318264,0 -18.0286876059565,28.76431427213,0 -18.028685781084,28.7643191377665,0 -18.0286837059135,28.7643239020341,0 -18.028681386049,28.7643285520671,0 -18.0286788277551,28.7643330753083,0 -18.0286760379405,28.7643374595429,0 -17.9754440595659,28.8433800930974,0 -17.9754409744868,28.8433844211761,0 -17.9754376638061,28.8433885792252,0 -17.9754341368765,28.8433925554982,0 -17.9754304036616,28.8433963387621,0 -17.9754264747078,28.8433999183291,0 -17.9754223611142,28.8434032840872,0 -17.9754180745019,28.8434064265279,0 -17.9754136269804,28.8434093367738,0 -17.9278498671696,28.8727577835756,0 -17.9278453141051,28.8727604300262,0 -17.9278406280322,28.8727628331112,0 -17.9278358219473,28.872764986166,0 -17.9278309091797,28.8727668832192,0 -17.9278259033544,28.8727685190095,0 -17.9278208183547,28.8727698890003,0 -17.9278156682834,28.8727709893919,0 -17.9278104674236,28.8727718171326,0 -17.9278052301996,28.8727723699266,0 -17.9277999711362,28.8727726462408,0 -17.9277947048191,28.872772645309,0 -17.9277894458539,28.8727723671337,0 -17.9277842088259,28.8727718124863,0 -17.9277790082594,28.8727709829052,0 -17.9277738585777,28.8727698806911,0 -17.9277687740632,28.8727685089009,0 -17.9277637688171,28.8727668713392,0 -17.8827912936458,28.8567304612918,0</coordinates></LinearRing></outerBoundaryIs><innerBoundaryIs><LinearRing><coordinates>-17.9873919602179,28.7679049923992,0 -17.9873914364853,28.7679038447894,0 -17.8474995678787,28.4811241641569,0 -17.8474989949073,28.4811230628995,0 -17.8474982522333,28.4811240576353,0 -17.7794627410334,28.5773529518882,0 -17.7794620332127,28.5773540096116,0 -17.7794620667477,28.5773552818788,0 -17.7851521397621,28.6866322744128,0 -17.7851522750177,28.686637557502,0 -17.7851521309802,28.6866428403591,0 -17.7851517080518,28.6866481082294,0 -17.7851510074137,28.6866533464,0 -17.7851500310228,28.6866585402412,0 -17.785148781606,28.6866636752469,0 -17.785147262653,28.6866687370754,0 -17.785145478406,28.6866737115892,0 -17.7851434338483,28.686678584895,0 -17.7851411346903,28.686683343382,0 -17.7851385873532,28.6866879737599,0 -17.7851357989518,28.6866924630965,0 -17.7851327772737,28.6866967988533,0 -17.7487887850748,28.7360149346678,0 -17.7487880404439,28.7360160032142,0 -17.748788606954,28.73601717596,0 -17.7942433893192,28.8240848168193,0 -17.7942440215883,28.8240859657005,0 -17.7942453309156,28.8240860388746,0 -17.9217037195011,28.827808962598,0 -17.9217049878152,28.82780896714,0 -17.9217059465431,28.8278081367893,0 -17.9873910502947,28.7679058660945,0 -17.9873919602179,28.7679049923992,0</coordinates></LinearRing></innerBoundaryIs></Polygon><Polygon><outerBoundaryIs><LinearRing><coordinates>-18.101707494718,27.7744979607249,0 -18.1017065049165,27.774498034363,0 -18.0441072914941,27.7784959103593,0 -18.0441060178546,27.7784960319619,0 -18.044105246507,27.7784970527301,0 -18.0061709137107,27.8314963692929,0 -18.0061678147586,27.831500471852,0 -18.0061645090411,27.8315044097103,0 -18.0061610052968,27.8315081724582,0 -18.0061573127877,27.8315117501491,0 -18.0061534412747,27.8315151333255,0 -18.006149400992,27.8315183130443,0 -18.0061452026198,27.8315212808999,0 -18.0061408572564,27.8315240290471,0 -18.0061363763885,27.8315265502211,0 -18.006131771861,27.8315288377574,0 -18.0061270558458,27.8315308856091,0 -17.9222959208094,27.8653991956194,0 -17.922291101681,27.8654009997862,0 -17.9222861961251,27.8654025536648,0 -17.9222812171313,27.8654038531408,0 -17.9222761778835,27.8654048947733,0 -17.9222710917251,27.865405675804,0 -17.9222659721236,27.8654061941651,0 -17.9222608326354,27.8654064484838,0 -17.9222556868693,27.8654064380868,0 -17.9222505484508,27.8654061630015,0 -17.9222454309859,27.8654056239565,0 -17.9222403480251,27.865404822379,0 -17.9222353130276,27.8654037603915,0 -17.9222303393257,27.8654024408061,0 -17.9222254400891,27.8654008671169,0 -17.9222206282906,27.8653990434908,0 -17.9222159166713,27.8653969747568,0 -17.9222113177072,27.8653946663924,0 -17.9222068435758,27.8653921245102,0 -17.9222025061242,27.8653893558407,0 -17.9221983168376,27.8653863677151,0 -17.9221942868088,27.8653831680456,0 -17.9221904267088,27.8653797653048,0 -17.8651426196664,27.8124214175288,0 -17.8651389095836,27.8124177897055,0 -17.8651353926803,27.8124139743146,0 -17.8651320784261,27.8124099816293,0 -17.865128975745,27.8124058224003,0 -17.8651260929911,27.8124015078266,0 -17.8651234379264,27.8123970495255,0 -17.8651210177001,27.8123924595015,0 -17.8651188388286,27.8123877501135,0 -17.8651169071789,27.8123829340418,0 -17.865115227952,27.8123780242543,0 -17.8651138056694,27.8123730339709,0 -17.8651126441606,27.8123679766283,0 -17.8651117465533,27.8123628658439,0 -17.8651111152642,27.8123577153788,0 -17.8651107519931,27.8123525391012,0 -17.8651106577182,27.8123473509484,0 -17.8651108326933,27.8123421648902,0 -17.8651112764473,27.8123369948903,0 -17.8651119877854,27.8123318548694,0 -17.8651129647921,27.8123267586675,0 -17.8651142048369,27.8123217200064,0 -17.8651157045808,27.8123167524532,0 -17.8651174599856,27.8123118693835,0 -17.8651194663248,27.8123070839452,0 -17.8651217181961,27.8123024090236,0 -17.8651242095362,27.8122978572063,0 -17.9745593275279,27.6241173779649,0 -17.9745620646931,27.624112941513,0 -17.9745650293279,27.6241086537258,0 -17.9745682133761,27.624104526255,0 -17.9745716081853,27.6241005703167,0 -17.9745752045305,27.6240967966607,0 -17.9745789926388,27.6240932155417,0 -17.9745829622164,27.624089836691,0 -17.9745871024763,27.6240866692905,0 -17.9745914021677,27.6240837219473,0 -17.9745958496064,27.6240810026704,0 -17.9746004327071,27.6240785188495,0 -17.9746051390154,27.6240762772339,0 -17.9746099557423,27.6240742839152,0 -17.9746148697989,27.62407254431,0 -17.9746198678315,27.6240710631455,0 -17.9746249362584,27.6240698444467,0 -17.9746300613066,27.6240688915254,0 -17.9746352290491,27.6240682069709,0 -17.9746404254432,27.6240677926435,0 -17.9746456363679,27.6240676496691,0 -17.974650847663,27.6240677784362,0 -17.9746560451673,27.624068178595,0 -17.974661214757,27.624068849058,0 -17.9746663423841,27.6240697880032,0 -17.9746714141148,27.6240709928793,0 -17.974676416167,27.624072460412,0 -17.974681334948,27.6240741866134,0 -18.1719536379005,27.6991354665261,0 -18.1719585123371,27.6991374698077,0 -18.1719632744677,27.6991397271027,0 -18.1719679110664,27.6991422321419,0 -18.1719724092558,27.699144977968,0 -18.171976756543,27.6991479569549,0 -18.1719809408542,27.6991511608289,0 -18.1719849505681,27.699154580692,0 -18.1719887745484,27.699158207046,0 -18.1719924021748,27.6991620298193,0 -18.171995823372,27.6991660383949,0 -18.1719990286384,27.6991702216396,0 -18.1720020090719,27.6991745679352,0 -18.1720047563947,27.6991790652107,0 -18.1720072629768,27.6991837009755,0 -18.1720095218564,27.6991884623546,0 -18.17201152676,27.6991933361243,0 -18.1720132721193,27.6991983087483,0 -18.1720147530869,27.6992033664162,0 -18.1720159655496,27.699208495081,0 -18.1720169061399,27.6992136804989,0 -18.1720175722457,27.6992189082682,0 -18.1720179620168,27.6992241638698,0 -18.1720180743709,27.699229432707,0 -18.1720179089957,27.6992347001466,0 -18.1720174663507,27.6992399515592,0 -18.1642311073724,27.7694528749344,0 -18.1642303819559,27.7694581365715,0 -18.1642293781943,27.7694633522705,0 -18.1642280989191,27.7694685073175,0 -18.1642265477394,27.7694735871694,0 -18.1642247290313,27.7694785774955,0 -18.1642226479254,27.7694834642175,0 -18.1642203102929,27.7694882335496,0 -18.1642177227284,27.7694928720368,0 -18.1642148925317,27.7694973665936,0 -18.1642118276871,27.7695017045403,0 -18.1642085368408,27.7695058736391,0 -18.1642050292767,27.7695098621285,0 -18.16420131489,27.7695136587567,0 -18.1641974041593,27.7695172528128,0 -18.1641933081173,27.7695206341578,0 -18.1641890383193,27.7695237932524,0 -18.1641846068108,27.7695267211845,0 -18.1641800260936,27.7695294096942,0 -18.1641753090905,27.7695318511968,0 -18.1641704691084,27.7695340388047,0 -18.1641655198017,27.7695359663463,0 -18.1641604751327,27.7695376283838,0 -18.164155349333,27.7695390202285,0 -18.1641501568631,27.7695401379538,0 -18.1641449123714,27.7695409784066,0 -18.1641396306532,27.7695415392157,0 -18.101707494718,27.7744979607249,0</coordinates></LinearRing></outerBoundaryIs><innerBoundaryIs><LinearRing><coordinates>-18.1350779615433,27.726383026541,0 -18.1350767183213,27.7263827608445,0 -18.0384390565608,27.7083506084189,0 -18.0384337823285,27.7083494762631,0 -18.0384285768206,27.7083480613461,0 -18.0384234551847,27.7083463677852,0 -18.0384184323244,27.7083444005085,0 -18.0384135228559,27.7083421652408,0 -18.0384087410654,27.7083396684863,0 -18.0384041008676,27.7083369175106,0 -18.0383996157651,27.7083339203188,0 -18.0383952988094,27.7083306856324,0 -18.0383911625623,27.7083272228643,0 -18.0383872190601,27.7083235420908,0 -17.9937059228868,27.6643049091996,0 -17.9937050083964,27.664304053809,0 -17.993704397987,27.6643051471461,0 -17.9125056044053,27.8190308482953,0 -17.9125050506508,27.8190319736851,0 -17.9125062898236,27.8190321675845,0 -17.9491547271252,27.8237938346176,0 -17.949155988122,27.8237939656426,0 -17.9491568989424,27.8237930837773,0 -18.0235167557697,27.7480038063925,0 -18.0235205470214,27.7480001408077,0 -18.0235245262399,27.7479966801831,0 -18.0235286823587,27.7479934341428,0 -18.0235330038198,27.747990411714,0 -18.0235374786051,27.7479876213022,0 -18.0235420942702,27.7479850706675,0 -18.0235468379789,27.7479827669032,0 -18.0235516965388,27.7479807164162,0 -18.0235566564383,27.7479789249088,0 -18.0235617038838,27.7479773973633,0 -18.0235668248384,27.7479761380278,0 -18.0235720050606,27.7479751504045,0 -18.0235772301441,27.74797443724,0 -18.023582485558,27.7479740005176,0 -18.0235877566869,27.7479738414519,0 -18.1312627139663,27.747565004883,0 -18.131263972903,27.747564967713,0 -18.1312642278981,27.747563734311,0 -18.1350777689551,27.7263842831656,0 -18.1350779615433,27.726383026541,0</coordinates></LinearRing></innerBoundaryIs></Polygon></MultiGeometry>
  </Placemark>
  <Placemark>
	<Style><LineStyle><color>ff0000ff</color></LineStyle><PolyStyle><fill>0</fill></PolyStyle></Style>
      <MultiGeometry><Polygon><outerBoundaryIs><LinearRing><coordinates>-7.38887997891051,37.2304410341908,0 -7.38887866665778,37.2304409392541,0 -7.19807431645618,37.2217480599766,0 -7.19807303442133,37.2217480353935,0 -7.19807302329839,37.2217493176157,0 -7.19923981743673,37.2877361213895,0 -7.19923977667712,37.287741247107,0 -7.19923947331927,37.2877463640021,0 -7.19923890816022,37.2877514586303,0 -7.19923808268491,37.2877565176057,0 -7.19923699906226,37.2877615276359,0 -7.19923566013944,37.2877664755574,0 -7.19923406943442,37.2877713483696,0 -7.19923223112672,37.2877761332694,0 -7.19923015004644,37.2877808176847,0 -7.19922783166152,37.2877853893072,0 -7.19922528206346,37.2877898361253,0 -7.19922250795122,37.287794146455,0 -7.19921951661368,37.2877983089712,0 -7.19921631591048,37.287802312737,0 -7.19921291425135,37.2878061472326,0 -7.19920932057403,37.287809802383,0 -7.19920554432077,37.2878132685845,0 -7.19920159541355,37.2878165367297,0 -7.19919748422797,37.2878195982317,0 -7.19919322156604,37.2878224450465,0 -7.19918881862774,37.2878250696942,0 -7.19918428698163,37.2878274652786,0 -7.19917963853445,37.2878296255055,0 -7.17012971408,37.3004347501909,0 -7.17012489339485,37.300436694676,0 -7.17011997818073,37.3004383860357,0 -7.17011498171855,37.3004398197,0 -7.17010991750876,37.3004409917951,0 -7.17010479923488,37.300441899154,0 -7.1700996407265,37.3004425393249,0 -7.17009445592191,37.3004429105783,0 -7.17008925883048,37.3004430119108,0 -7.17008406349476,37.3004428430488,0 -7.17007888395256,37.3004424044485,0 -7.17007373419902,37.3004416972949,0 -7.17006862814879,37.3004407234989,0 -7.17006357959842,37.3004394856916,0 -7.17005860218913,37.3004379872176,0 -7.17005370936987,37.3004362321258,0 -7.17004891436107,37.3004342251584,0 -7.17004423011884,37.3004319717382,0 -7.17003966930003,37.3004294779541,0 -7.17003524422798,37.3004267505441,0 -7.17003096685924,37.3004237968779,0 -7.17002684875128,37.3004206249361,0 -7.17002290103124,37.3004172432895,0 -7.17001913436586,37.3004136610751,0 -7.1700155589327,37.3004098879723,0 -7.17001218439257,37.3004059341758,0 -7.12084784364397,37.2396740421394,0 -7.12084698046264,37.2396730324695,0 -7.12084568410045,37.2396727427102,0 -7.06034926208139,37.2278442467671,0 -7.06034801076528,37.2278440353568,0 -7.06034708958869,37.227844908237,0 -6.99837892812567,37.2896650740909,0 -6.99837803621971,37.2896660117886,0 -6.99837820533645,37.289667294821,0 -7.00918723900863,37.3578274486446,0 -7.00918793085218,37.3578327104243,0 -7.00918834257354,37.3578380014978,0 -7.00918847301309,37.3578433069628,0 -7.00918832180344,37.3578486118764,0 -7.00918788937048,37.3578539012974,0 -7.00918717693216,37.3578591603282,0 -7.00918618649506,37.3578643741567,0 -7.00918492084874,37.3578695280982,0 -7.00918338355789,37.3578746076365,0 -7.00918157895228,37.3578795984653,0 -7.00917951211458,37.3578844865278,0 -7.00917718886604,37.3578892580568,0 -7.00917461575007,37.3578938996134,0 -7.00917180001386,37.3578983981246,0 -7.00916874958791,37.3579027409203,0 -7.00916547306375,37.3579069157691,0 -7.00916197966969,37.3579109109126,0 -7.00915827924487,37.3579147150983,0 -7.00915438221152,37.3579183176119,0 -7.00915029954563,37.3579217083069,0 -7.00914604274602,37.3579248776333,0 -6.96727090367516,37.3874080378962,0 -6.96726657538704,37.3874109199757,0 -6.96726210313212,37.3874135731617,0 -6.96725749900359,37.38741599028,0 -6.96725277545122,37.3874181647945,0 -6.9672479452477,37.3874200908252,0 -6.96724302145414,37.3874217631641,0 -6.96723801738471,37.387423177289,0 -6.96723294657062,37.3874243293762,0 -6.96722782272361,37.3874252163103,0 -6.96722265969878,37.3874258356929,0 -6.96721747145719,37.3874261858494,0 -6.96721227202809,37.3874262658328,0 -6.96720707547097,37.3874260754268,0 -6.96720189583757,37.3874256151463,0 -6.96719674713384,37.387424886236,0 -6.96719164328213,37.3874238906668,0 -6.96718659808347,37.3874226311309,0 -6.96718162518033,37.387421111034,0 -6.96717673801966,37.3874193344865,0 -6.96717194981657,37.3874173062924,0 -6.96716727351857,37.3874150319359,0 -6.9671627217706,37.387412517567,0 -6.96715830688079,37.3874097699848,0 -6.9671540407872,37.3874067966187,0 -6.96714993502555,37.3874036055089,0 -6.96714600069801,37.3874002052844,0 -6.96714224844318,37.3873966051394,0 -6.96713868840733,37.3873928148089,0 -6.96713533021695,37.3873888445422,0 -6.96713218295276,37.387384705075,0 -6.92589270224168,37.3301123058793,0 -6.92588970297084,37.3301078972851,0 -6.92588694295091,37.3301033350907,0 -6.92588443002899,37.3300986322669,0 -6.92588217134966,37.3300938021846,0 -6.92588017333463,37.3300888585762,0 -6.92587844166454,37.3300838154971,0 -6.92587698126274,37.3300786872855,0 -6.92587579628136,37.3300734885215,0 -6.92587489008946,37.3300682339859,0 -6.92587426526345,37.330062938618,0 -6.92587392357981,37.3300576174734,0 -6.92587386600998,37.3300522856807,0 -6.92587409271764,37.3300469583989,0 -6.92587460305823,37.3300416507741,0 -6.92587539558079,37.3300363778967,0 -6.93702277128941,37.2672992871762,0 -6.93702295480362,37.2672980704958,0 -6.93702192577536,37.2672987450991,0 -6.86237460425969,37.3190753043241,0 -6.86237033196211,37.3190781087329,0 -6.86236592197098,37.319080691215,0 -6.86236138580396,37.3190830450256,0 -6.86235673530828,37.3190851640173,0 -6.86235198262975,37.3190870426557,0 -6.86234714018104,37.3190886760344,0 -6.86234222060929,37.3190900598875,0 -6.86233723676307,37.3190911906007,0 -6.86233220165881,37.319092065221,0 -6.8623271284468,37.319092681464,0 -6.86232203037687,37.3190930377204,0 -6.86231692076377,37.3190931330595,0 -6.8623118129524,37.3190929672326,0 -6.86230672028295,37.3190925406726,0 -6.86230165605606,37.3190918544936,0 -6.8622966334981,37.3190909104877,0 -6.81865906715703,37.3097286979404,0 -6.81865401353301,37.309727475468,0 -6.81864903027937,37.3097259919798,0 -6.8186441308676,37.309724251486,0 -6.81863932854257,37.3097222586918,0 -6.81863463628666,37.3097200189845,0 -6.81863006678471,37.3097175384188,0 -6.8186256323897,37.3097148237006,0 -6.81862134508938,37.3097118821686,0 -6.81861721647385,37.3097087217749,0 -6.81861325770422,37.3097053510633,0 -6.81860947948246,37.3097017791458,0 -6.81860589202243,37.3096980156786,0 -6.81860250502233,37.3096940708358,0 -6.81859932763841,37.3096899552817,0 -6.81859636846028,37.3096856801421,0 -6.81859363548763,37.3096812569741,0 -6.81859113610868,37.3096766977352,0 -6.81858887708013,37.3096720147507,0 -6.81858686450893,37.3096672206802,0 -6.81858510383579,37.309662328484,0 -6.81858359982042,37.3096573513872,0 -6.81858235652872,37.3096523028448,0 -6.81858137732174,37.3096471965049,0 -6.81858066484663,37.3096420461715,0 -6.81858022102947,37.309636865768,0 -6.81858004707004,37.3096316692988,0 -6.81858014343862,37.3096264708117,0 -6.8185805098747,37.3096212843603,0 -6.81858114538767,37.3096161239652,0 -6.8185820482595,37.3096110035768,0 -6.81858321604942,37.3096059370375,0 -6.81858464560048,37.3096009380438,0 -6.81858633304808,37.3095960201098,0 -6.81858827383047,37.3095911965304,0 -6.81859046270101,37.3095864803455,0 -6.81859289374241,37.3095818843046,0 -6.8185955603827,37.3095774208324,0 -6.818598455413,37.3095731019953,0 -6.81860157100702,37.3095689394687,0 -6.8868451931951,37.2231700214445,0 -6.88684594524586,37.2231690166159,0 -6.88684476159533,37.2231685992045,0 -6.82964533277032,37.2046566571963,0 -6.82964041894422,37.204654924216,0 -6.82963560205399,37.204652937642,0 -6.82963089517696,37.2046507028676,0 -6.82962631109179,37.2046482259601,0 -6.82962186224377,37.2046455136439,0 -6.82961756071104,37.2046425732827,0 -6.82961341817179,37.2046394128593,0 -6.82960944587256,37.2046360409538,0 -6.82960565459771,37.2046324667206,0 -6.82960205464014,37.2046286998634,0 -6.82959865577333,37.2046247506087,0 -6.82959546722485,37.2046206296785,0 -6.82959249765124,37.2046163482604,0 -6.82958975511459,37.2046119179782,0 -6.82958724706057,37.2046073508596,0 -6.82958498029828,37.2046026593037,0 -6.82958296098173,37.2045978560477,0 -6.82958119459315,37.2045929541318,0 -6.82957968592809,37.2045879668643,0 -6.8295784390824,37.2045829077849,0 -6.82957745744114,37.2045777906287,0 -6.82957674366936,37.204572629288,0 -6.82957629970486,37.2045674377754,0 -6.82957612675297,37.2045622301852,0 -6.82957622528324,37.2045570206555,0 -6.82957659502815,37.2045518233296,0 -6.82957723498389,37.2045466523177,0 -6.82957814341306,37.2045415216584,0 -6.82957931784937,37.2045364452811,0 -6.82958075510435,37.2045314369674,0 -6.82958245127601,37.2045265103144,0 -6.82958440175943,37.2045216786975,0 -6.82958660125926,37.2045169552339,0 -6.82958904380411,37.2045123527473,0 -6.82959172276271,37.2045078837331,0 -6.82959463086201,37.204503560324,0 -6.82959776020682,37.2044993942576,0 -6.82960110230132,37.2044953968444,0 -6.82960464807208,37.2044915789369,0 -6.82960838789272,37.2044879509004,0 -6.82961231161004,37.2044845225844,0 -6.82961640857158,37.2044813032966,0 -6.86913795996975,37.1750587742692,0 -6.86913893935795,37.1750580048887,0 -6.86913784937043,37.1750574023317,0 -6.50619611752916,36.9865355804751,0 -6.50619498970381,36.9865350302608,0 -6.50619376034783,36.9865347784483,0 -6.41523026452331,36.9702777065676,0 -6.41522511089415,36.9702766448778,0 -6.41522002024464,36.9702753135753,0 -6.4152150066693,36.9702737163461,0 -6.41521008404925,36.9702718576125,0 -6.4152052660138,36.9702697425208,0 -6.41520056590267,36.9702673769269,0 -6.4151959967291,36.9702647673807,0 -6.4151915711438,36.9702619211071,0 -6.41518730139991,36.9702588459866,0 -6.41518319931912,36.9702555505334,0 -6.41517927625889,36.9702520438716,0 -6.41517554308101,36.97024833571,0 -6.41517201012158,36.9702444363157,0 -6.41516868716233,36.9702403564847,0 -6.41516558340356,36.9702361075131,0 -6.41516270743866,36.9702317011648,0 -6.41516006723036,36.9702271496399,0 -6.4151576700886,36.9702224655402,0 -6.41515552265038,36.9702176618346,0 -6.41515363086133,36.9702127518231,0 -6.41515199995926,36.9702077491001,0 -6.41515063445966,36.9702026675167,0 -6.4151495381432,36.9701975211424,0 -6.41514871404525,36.9701923242258,0 -6.41514816444751,36.9701870911559,0 -6.41514789087166,36.9701818364214,0 -6.41514789407513,36.9701765745711,0 -6.41514817404907,36.9701713201735,0 -6.41514873001831,36.9701660877767,0 -6.41514956044352,36.9701608918675,0 -6.41515066302551,36.9701557468318,0 -6.41515203471156,36.9701506669149,0 -6.42538182959355,36.9358754887831,0 -6.4253834780211,36.9358704560122,0 -6.42538539057192,36.9358655175666,0 -6.42538756188206,36.9358606872965,0 -6.42538998586184,36.9358559787491,0 -6.42539265571294,36.9358514051301,0 -6.42539556394747,36.9358469792665,0 -6.42539870240897,36.9358427135713,0 -6.42540206229527,36.935838620008,0 -6.42540563418322,36.9358347100575,0 -6.42540940805505,36.9358309946857,0 -6.42541337332654,36.9358274843127,0 -6.42541751887663,36.9358241887838,0 -6.42542183307869,36.9358211173416,0 -6.42542630383306,36.9358182786004,0 -6.42543091860102,36.9358156805217,0 -6.42543566443994,36.935813330392,0 -6.42544052803961,36.9358112348027,0 -6.42544549575952,36.9358093996309,0 -6.42545055366715,36.9358078300237,0 -6.42545568757705,36.9358065303832,0 -6.42546088309062,36.9358055043544,0 -6.42546612563645,36.9358047548148,0 -6.42547140051125,36.9358042838666,0 -6.42547669292107,36.9358040928308,0 -6.42548198802275,36.9358041822429,0 -6.42548727096561,36.9358045518524,0 -6.42549252693305,36.9358052006225,0 -6.42549774118413,36.9358061267337,0 -6.42550289909492,36.9358073275887,0 -6.42550798619949,36.9358087998195,0 -6.4255129882305,36.935810539297,0 -6.4255178911592,36.9358125411428,0 -6.42552268123478,36.9358147997425,0 -6.47153782145131,36.9590204056535,0 -6.47153890417256,36.9590209162873,0 -6.47153825271398,36.9590199119797,0 -6.37240873583096,36.8146910713421,0 -6.37240807408381,36.8146901595803,0 -6.3724083434571,36.8146912534985,0 -6.40489315407803,36.933249474198,0 -6.40489439466327,36.933254511039,0 -6.40489537238763,36.9332596054353,0 -6.40489608462018,36.9332647436785,0 -6.40489652944439,36.9332699119423,0 -6.40489670566328,36.9332750963194,0 -6.40489661280268,36.9332802828593,0 -6.40489625111245,36.9332854576056,0 -6.40489562156587,36.9332906066337,0 -6.40489472585697,36.9332957160881,0 -6.40489356639599,36.9333007722199,0 -6.40489214630292,36.9333057614237,0 -6.40489046939905,36.9333106702742,0 -6.40488854019673,36.933315485562,0 -6.40488636388721,36.93332019433,0 -6.4048839463267,36.9333247839074,0 -6.40488129402056,36.933329241944,0 -6.40487841410583,36.933333556444,0 -6.40487531433202,36.9333377157975,0 -6.40487200304027,36.9333417088121,0 -6.40486848914085,36.9333455247432,0 -6.40486478208927,36.9333491533225,0 -6.40486089186075,36.9333525847859,0 -6.40485682892345,36.9333558098997,0 -6.40485260421025,36.9333588199857,0 -6.40484822908935,36.9333616069439,0 -6.40484371533369,36.933364163275,0 -6.40483907508925,36.9333664821003,0 -6.40483432084238,36.9333685571799,0 -6.4048294653862,36.9333703829303,0 -6.40482452178617,36.9333719544384,0 -6.40481950334492,36.9333732674755,0 -6.4048144235665,36.9333743185084,0 -6.40480929611998,36.9333751047089,0 -6.40480413480273,36.9333756239614,0 -6.40479895350322,36.9333758748686,0 -6.35419731585065,36.9345119704568,0 -6.35419601401312,36.934512033998,0 -6.35419504550095,36.9345129062382,0 -6.25093932380387,37.0325478667114,0 -6.25093551559552,37.0325513010618,0 -6.25093153633607,37.0325545356726,0 -6.25092739648987,37.0325575620378,0 -6.25092310694355,37.032560372199,0 -6.25091867897743,37.032562958766,0 -6.25091412423583,37.0325653149371,0 -6.25090945469645,37.0325674345161,0 -6.25090468263887,37.0325693119291,0 -6.25089982061228,37.0325709422391,0 -6.25089488140245,37.0325723211587,0 -6.25088987799813,37.0325734450619,0 -6.25088482355687,37.032574310993,0 -6.25087973137045,37.0325749166749,0 -6.25087461482989,37.0325752605148,0 -6.25086948739029,37.0325753416086,0 -6.25086436253536,37.032575159743,0 -6.25085925374205,37.0325747153961,0 -6.25085417444507,37.0325740097366,0 -6.25084913800155,37.0325730446202,0 -6.25084415765593,37.0325718225847,0 -6.25083924650514,37.0325703468439,0 -6.18506821131338,37.010953398122,0 -6.18506700602612,37.0109530357595,0 -6.18506598606167,37.0109537731172,0 -6.12739906107349,37.0549241909427,0 -6.12739803494862,37.0549250175642,0 -6.12739798391413,37.0549263342383,0 -6.1258064211501,37.1869380678209,0 -6.12580622520443,37.1869432341938,0 -6.1258057625039,37.1869483835348,0 -6.12580503428531,37.1869535020797,0 -6.12580404249516,37.1869585761467,0 -6.12580278978449,37.186963592173,0 -6.12580127950178,37.1869685367509,0 -6.12579951568398,37.1869733966635,0 -6.12579750304573,37.1869781589205,0 -6.12579524696679,37.1869828107923,0 -6.1257927534776,37.1869873398447,0 -6.12579002924323,37.1869917339716,0 -6.12578708154548,37.1869959814275,0 -6.12578391826349,37.1870000708592,0 -6.09466150116749,37.2251542517999,0 -6.09465808627704,37.225158221355,0 -6.09465446828161,37.2251620067155,0 -6.09465065710133,37.2251655975023,0 -6.09464666318602,37.2251689838698,0 -6.09464249748653,37.2251721565332,0 -6.09463817142474,37.2251751067932,0 -6.0946336968622,37.2251778265606,0 -6.09462908606764,37.2251803083782,0 -6.09462435168333,37.225182545441,0 -6.09461950669041,37.2251845316153,0 -6.09461456437328,37.2251862614553,0 -6.09460953828322,37.2251877302179,0 -6.09460444220118,37.2251889338759,0 -6.09459929010002,37.225189869129,0 -6.09459409610621,37.225190533413,0 -6.09458887446109,37.2251909249064,0 -6.0945836394818,37.2251910425357,0 -6.09457840552204,37.2251908859785,0 -6.09457318693275,37.225190455664,0 -6.09456799802267,37.225189752772,0 -6.04254276873414,37.2167498849369,0 -6.04253753061549,37.2167488911904,0 -6.04253235290489,37.2167476196826,0 -6.04252725032019,37.2167460740279,0 -6.04252223736571,37.2167442586198,0 -6.04251732829097,37.2167421786188,0 -6.04251253705022,37.2167398399373,0 -6.04250787726278,37.2167372492231,0 -6.04250336217428,37.2167344138404,0 -6.04249900461905,37.216731341849,0 -6.04249481698362,37.216728041981,0 -6.04249081117152,37.2167245236166,0 -6.04248699856944,37.2167207967567,0 -6.04248339001487,37.2167168719952,0 -6.04247999576526,37.2167127604883,0 -6.04247682546892,37.2167084739232,0 -6.04247388813754,37.2167040244847,0 -6.04247119212062,37.2166994248204,0 -6.0424687450817,37.216694688005,0 -6.04246655397658,37.2166898275033,0 -6.00422530292866,37.1254421283116,0 -6.00422346495562,37.1254374111705,0 -6.00422186806972,37.1254326070556,0 -6.00422051636371,37.1254277282796,0 -6.00421941330194,37.1254227873465,0 -6.00421856171153,37.1254177969198,0 -6.00421796377506,37.1254127697897,0 -6.00421762102502,37.1254077188406,0 -6.00421753433985,37.1254026570177,0 -6.00421770394173,37.1253975972944,0 -6.00421812939598,37.1253925526385,0 -6.00421880961217,37.1253875359791,0 -6.00421974284695,37.1253825601739,0 -6.00422092670846,37.1253776379755,0 -6.00422235816254,37.1253727819994,0 -6.02589052257898,37.058186789138,0 -6.0258922365569,37.0581819102524,0 -6.02589420045541,37.0581771264937,0 -6.02589640902279,37.0581724506542,0 -6.02589885635306,37.0581678952377,0 -6.02590153590175,37.058163472426,0 -6.02590444050342,37.0581591940462,0 -6.0259075623908,37.0581550715392,0 -6.02591089321557,37.0581511159291,0 -6.0259144240707,37.0581473377937,0 -6.02591814551424,37.0581437472363,0 -6.02592204759459,37.0581403538584,0 -6.02592611987709,37.0581371667343,0 -6.02593035147196,37.0581341943868,0 -6.02593473106338,37.0581314447643,0 -6.02593924693979,37.0581289252197,0 -6.02594388702516,37.0581266424905,0 -6.13902484771828,37.0060825303234,0 -6.13902597592709,37.0060819759794,0 -6.1390265278171,37.0060808465682,0 -6.18924850522732,36.8963314163848,0 -6.18925080392293,36.8963267214344,0 -6.18925334482158,36.8963221530216,0 -6.18925612097987,36.8963177236305,0 -6.1892591248115,36.8963134453649,0 -6.18926234810803,36.8963093299159,0 -6.18926578206132,36.8963053885296,0 -6.18926941728754,36.8963016319765,0 -6.18927324385287,36.896298070522,0 -6.18927725130062,36.8962947138982,0 -6.18928142867982,36.8962915712776,0 -6.18928576457513,36.896288651248,0 -6.18929024713803,36.8962859617888,0 -6.18929486411923,36.8962835102494,0 -6.1892996029021,36.896281303329,0 -6.18930445053717,36.8962793470583,0 -6.18930939377754,36.8962776467832,0 -6.30566974410256,36.8596263955833,0 -6.30567094993963,36.8596259805643,0 -6.30567034005261,36.8596248605993,0 -6.27585081854269,36.8081413877921,0 -6.27584834795748,36.8081368566064,0 -6.27584611443702,36.8081322039919,0 -6.27584412393039,36.808127442341,0 -6.27584238173939,36.8081225843367,0 -6.27584089250442,36.8081176429184,0 -6.27583966019212,36.8081126312478,0 -6.27583868808481,36.8081075626738,0 -6.27583797877174,36.8081024506966,0 -6.2758375341422,36.8080973089323,0 -6.27583735538047,36.8080921510762,0 -6.2758374429627,36.8080869908664,0 -6.27583779665561,36.8080818420474,0 -6.27583841551711,36.8080767183333,0 -6.27583929789885,36.8080716333714,0 -6.27584044145057,36.8080666007056,0 -6.27584184312636,36.8080616337407,0 -6.2758434991928,36.8080567457064,0 -6.27584540523888,36.8080519496221,0 -6.27584755618777,36.8080472582626,0 -6.27584994631033,36.8080426841234,0 -6.27585256924034,36.8080382393879,0 -6.27585541799154,36.8080339358949,0 -6.27585848497614,36.8080297851069,0 -6.29291585839804,36.7861494229045,0 -6.29291926947865,36.7861452814467,0 -6.29292289777387,36.786141328901,0 -6.29292673283887,36.7861375766456,0 -6.29293076363358,36.7861340354823,0 -6.2929349785545,36.786130715605,0 -6.29293936546809,36.7861276265707,0 -6.29294391174566,36.7861247772718,0 -6.29294860429978,36.7861221759107,0 -6.29295342962193,36.7861198299759,0 -6.41603881204618,36.7303105386412,0 -6.4160399547114,36.7303099841608,0 -6.41603940669243,36.7303088383828,0 -6.3711116104226,36.6423461951262,0 -6.3711109746498,36.6423450287381,0 -6.37110973804366,36.6423445434822,0 -6.25307623167134,36.5996454455621,0 -6.25307499699894,36.5996450351529,0 -6.25307371062606,36.599645230336,0 -6.15158320789221,36.6177756734897,0 -6.15157813402578,36.6177764461038,0 -6.15157302720167,36.6177769573774,0 -6.15156790087179,36.6177772059637,0 -6.15156276853942,36.6177771912078,0 -6.15155764372369,36.6177769131487,0 -6.15155253992388,36.6177763725187,0 -6.15154747058396,36.617775570742,0 -6.15154244905708,36.6177745099305,0 -6.15153748857049,36.6177731928785,0 -6.15153260219062,36.6177716230553,0 -6.15152780278872,36.6177698045959,0 -6.15152310300691,36.6177677422904,0 -6.15151851522492,36.617765441571,0 -6.15151405152745,36.6177629084981,0 -6.15150972367234,36.6177601497442,0 -6.15150554305963,36.617757172576,0 -6.15150152070148,36.6177539848357,0 -6.15149766719321,36.6177505949202,0 -6.15149399268538,36.6177470117588,0 -6.1242208425023,36.5897509515917,0 -6.1242173491579,36.5897471760696,0 -6.12421405457351,36.5897432259131,0 -6.12421096746596,36.5897391115735,0 -6.12420809600311,36.5897348439367,0 -6.1242054477823,36.589730434294,0 -6.12420302981019,36.5897258943123,0 -6.12420084848425,36.5897212360036,0 -6.12419890957584,36.5897164716929,0 -6.12419721821494,36.5897116139855,0 -6.12419577887654,36.589706675734,0 -6.12419459536886,36.5897016700041,0 -6.12419367082322,36.5896966100398,0 -6.12419300768578,36.589691509229,0 -6.12419260771108,36.5896863810672,0 -6.12419247195737,36.5896812391227,0 -6.12419260078383,36.5896760969999,0 -6.1241929938496,36.589670968304,0 -6.12419365011472,36.5896658666044,0 -6.12419456784283,36.5896608053992,0 -6.12419574460581,36.5896557980794,0 -6.12419717729018,36.5896508578934,0 -6.13725792273332,36.5485931148704,0 -6.13725966879307,36.5485880923247,0 -6.13726167935854,36.5485831696917,0 -6.13726394874492,36.5485783608898,0 -6.13726647053559,36.5485736795159,0 -6.13726923760026,36.5485691388064,0 -6.13727224211515,36.5485647516,0 -6.13727547558509,36.5485605303014,0 -6.13727892886753,36.5485564868461,0 -6.13728259219843,36.548552632667,0 -6.13728645521983,36.5485489786616,0 -6.13729050700917,36.5485455351615,0 -6.13729473611013,36.5485423119031,0 -6.13729913056505,36.548539318,0 -6.13730367794877,36.5485365619175,0 -6.13730836540368,36.5485340514481,0 -6.13731317967615,36.5485317936903,0 -6.13731810715399,36.5485297950278,0 -6.1373231339049,36.5485280611117,0 -6.13732824571589,36.5485265968445,0 -6.13733342813348,36.5485254063666,0 -6.13733866650454,36.5485244930439,0 -6.13734394601775,36.5485238594588,0 -6.18739768703528,36.5438631222563,0 -6.18739891044332,36.5438629757087,0 -6.18739792876437,36.5438622310542,0 -6.11377455783831,36.4910144938253,0 -6.11377030781882,36.4910112678878,0 -6.11376623591309,36.4910078198562,0 -6.11376235371358,36.4910041595468,0 -6.11375867227265,36.4910002973801,0 -6.11375520207111,36.4909962443517,0 -6.1137519529884,36.4909920120001,0 -6.11374893427445,36.4909876123747,0 -6.11374615452333,36.4909830580007,0 -6.11374362164881,36.4909783618443,0 -6.11374134286181,36.4909735372751,0 -6.1137393246499,36.4909685980283,0 -6.11373757275879,36.4909635581656,0 -6.11373609217599,36.4909584320352,0 -6.11373488711663,36.4909532342309,0 -6.11373396101143,36.4909479795504,0 -6.11373331649696,36.4909426829534,0 -6.11373295540809,36.4909373595191,0 -6.11373287877283,36.4909320244028,0 -6.11373308680936,36.4909266927934,0 -6.1137335789254,36.4909213798695,0 -6.11373435371994,36.4909161007568,0 -6.11373540898719,36.4909108704844,0 -6.11373674172286,36.4909057039426,0 -6.11373834813276,36.4909006158403,0 -6.11374022364353,36.4908956206628,0 -6.11374236291573,36.4908907326313,0 -6.16616443664183,36.3793141990665,0 -6.16616495960428,36.3793130047548,0 -6.16616417362084,36.3793119645146,0 -6.02525481945667,36.2027470268113,0 -6.02525398572043,36.2027460366222,0 -6.02525270176492,36.2027462010891,0 -5.86713326651775,36.227237990986,0 -5.86712805921397,36.2272386581186,0 -5.86712282407464,36.2272390510497,0 -5.86711757552838,36.2272391686963,0 -5.86711232804074,36.2272390107342,0 -5.86710709607436,36.2272385775986,0 -5.86710189404911,36.2272378704834,0 -5.86709673630232,36.2272368913375,0 -5.86709163704932,36.2272356428595,0 -5.86708661034418,36.2272341284903,0 -5.86708167004105,36.2272323524037,0 -5.86707682975594,36.2272303194948,0 -5.86707210282919,36.2272280353665,0 -5.86706750228872,36.2272255063141,0 -5.86706304081413,36.2272227393079,0 -5.86705873070171,36.2272197419742,0 -5.86705458383061,36.2272165225738,0 -5.86705061163003,36.2272130899799,0 -5.86704682504781,36.2272094536529,0 -5.86704323452016,36.2272056236151,0 -5.86703984994297,36.2272016104224,0 -5.8670366806445,36.2271974251356,0 -5.86703373535968,36.2271930792897,0 -5.86703102220602,36.2271885848625,0 -5.86702854866128,36.2271839542411,0 -5.86702632154281,36.2271792001879,0 -5.86702434698879,36.2271743358056,0 -5.86702263044129,36.227169374501,0 -5.86702117663132,36.227164329948,0 -5.86701998956573,36.2271592160499,0 -5.8670190725162,36.2271540469011,0 -5.86701842801022,36.2271488367485,0 -5.86701805782411,36.2271435999517,0 -5.86701796297815,36.2271383509439,0 -5.86744698953129,36.1747232789844,0 -5.86744696752178,36.174722013773,0 -5.86744607331039,36.1747211184351,0 -5.79146392766587,36.1024388824937,0 -5.79146298505859,36.1024380306819,0 -5.79146173322939,36.1024378138525,0 -5.6767651275905,36.0855835454657,0 -5.67675989156396,36.0855826332929,0 -5.67675471139663,36.0855814442177,0 -5.67674960172147,36.0855799815991,0 -5.67674457697231,36.0855782495687,0 -5.67673965134308,36.0855762530192,0 -5.67673483874771,36.0855739975904,0 -5.67673015278084,36.0855714896534,0 -5.67672560667939,36.0855687362927,0 -5.67672121328522,36.085565745286,0 -5.59940505193386,36.0298657578325,0 -5.59940399416754,36.0298650367035,0 -5.59940276496512,36.0298653944159,0 -5.45777025614159,36.0750965988435,0 -5.45776904645871,36.0750970206245,0 -5.45776954500909,36.0750982007427,0 -5.50347888229096,36.1758032237161,0 -5.50348091721624,36.175808037394,0 -5.5034826978795,36.1758129508098,0 -5.50348421941732,36.1758179505436,0 -5.50348547767402,36.1758230229401,0 -5.503486469213,36.1758281541452,0 -5.50348719132612,36.1758333301445,0 -5.50348764204112,36.175838536801,0 -5.50348782012699,36.1758437598941,0 -5.50348772509733,36.1758489851582,0 -5.50348735721168,36.1758541983219,0 -5.50348671747484,36.1758593851468,0 -5.50348580763408,36.1758645314665,0 -5.50348463017439,36.1758696232249,0 -5.50348318831171,36.1758746465155,0 -5.5034814859841,36.1758795876183,0 -5.50347952784104,36.1758844330379,0 -5.50347731923068,36.1758891695404,0 -5.50347486618528,36.1758937841893,0 -5.50347217540469,36.1758982643808,0 -5.50346925423809,36.1759025978784,0 -5.50346611066389,36.1759067728463,0 -5.50346275326795,36.1759107778817,0 -5.50345919122012,36.1759146020458,0 -5.50345543424923,36.1759182348939,0 -5.50345149261646,36.1759216665039,0 -5.50344737708738,36.1759248875031,0 -5.50344309890247,36.1759278890943,0 -5.5034386697465,36.1759306630794,0 -5.43231865884431,36.2179266292038,0 -5.43231401160647,36.217929209312,0 -5.43230923383836,36.217931538842,0 -5.432304339039,36.217933611212,0 -5.43229934103804,36.2179354205667,0 -5.43229425395671,36.217936961794,0 -5.43228909216796,36.2179382305394,0 -5.43228387025578,36.2179392232182,0 -5.43227860297404,36.2179399370257,0 -5.43227330520481,36.2179403699451,0 -5.43226799191629,36.2179405207533,0 -5.43226267812052,36.2179403890242,0 -5.43225737883098,36.2179399751299,0 -5.43225210902018,36.2179392802399,0 -5.43224688357731,36.2179383063175,0 -5.43224171726623,36.2179370561144,0 -5.43223662468371,36.2179355331629,0 -5.43223162021823,36.2179337417658,0 -5.43222671800929,36.2179316869847,0 -5.35700520657206,36.1840245438791,0 -5.35700401448241,36.1840240440528,0 -5.35700335151919,36.1840251537301,0 -5.30555862391614,36.2755518899736,0 -5.30555803520385,36.2755530027922,0 -5.30555844113503,36.2755541944999,0 -5.32344690754863,36.3239923602862,0 -5.3234485874018,36.3239973021792,0 -5.32345000710752,36.324002324992,0 -5.32345116279792,36.3240074150404,0 -5.32345205132441,36.3240125584569,0 -5.32345267026628,36.3240177412287,0 -5.32345301793725,36.3240229492357,0 -5.32345309339014,36.3240281682892,0 -5.32345289641937,36.3240333841703,0 -5.32345242756157,36.3240385826686,0 -5.32345168809412,36.3240437496214,0 -5.32345068003163,36.3240488709516,0 -5.32344940612049,36.3240539327065,0 -5.32344786983137,36.3240589210959,0 -5.32344607534977,36.3240638225292,0 -5.32344402756461,36.3240686236528,0 -5.32344173205493,36.3240733113866,0 -5.32343919507465,36.3240778729591,0 -5.32343642353559,36.3240822959427,0 -5.32343342498858,36.3240865682873,0 -5.32343020760292,36.3240906783533,0 -5.32342678014413,36.3240946149431,0 -5.32342315195005,36.3240983673317,0 -5.32341933290542,36.3241019252961,0 -5.32341533341491,36.3241052791429,0 -5.32341116437483,36.3241084197348,0 -5.32340683714339,36.3241113385155,0 -5.3234023635098,36.324114027533,0 -5.32339775566211,36.3241164794613,0 -5.32339302615406,36.3241186876203,0 -5.32338818787081,36.3241206459941,0 -5.32338325399388,36.3241223492472,0 -5.32337823796522,36.3241237927392,0 -5.32337315345063,36.3241249725375,0 -5.32336801430245,36.3241258854278,0 -5.32336283452189,36.324126528923,0 -5.32335762822086,36.3241269012699,0 -5.32335240958351,36.3241270014542,0 -5.26456430714487,36.3237210090272,0 -5.26456302155435,36.32372103376,0 -5.26456245810471,36.3237221895624,0 -5.23427240875612,36.3902145652494,0 -5.23427012466094,36.390219251474,0 -5.23426759944882,36.3902238122958,0 -5.23426483998274,36.3902282353195,0 -5.2342618537623,36.3902325085244,0 -5.23425864890341,36.3902366202967,0 -5.23425523411615,36.3902405594616,0 -5.23425161868117,36.3902443153132,0 -5.23424781242442,36.3902478776442,0 -5.23424382569046,36.3902512367727,0 -5.23423966931437,36.3902543835694,0 -5.23423535459224,36.3902573094821,0 -5.23423089325054,36.3902600065587,0 -5.14110948695838,36.4432918684277,0 -5.14110488452757,36.4432943326509,0 -5.14110015976503,36.4432965533228,0 -5.14109532554799,36.4432985243912,0 -5.14109039505201,36.4433002404839,0 -5.14108538171502,36.4433016969238,0 -5.14108029920077,36.4433028897414,0 -5.14107516136152,36.4433038156857,0 -5.14106998220034,36.443304472233,0 -5.1410647758329,36.443304857594,0 -5.14105955644904,36.4433049707183,0 -5.14105433827407,36.4433048112976,0 -5.14104913553001,36.4433043797665,0 -5.1410439623968,36.443303677301,0 -5.1410388329737,36.4433027058158,0 -5.14103376124083,36.4433014679585,0 -5.14102876102109,36.4432999671029,0 -5.14102384594245,36.4432982073396,0 -5.14101902940084,36.4432961934648,0 -5.14101432452363,36.4432939309671,0 -5.14100974413387,36.4432914260131,0 -5.14100530071528,36.4432886854299,0 -5.14100100637831,36.443285716687,0 -5.14099687282707,36.4432825278754,0 -5.14099291132746,36.4432791276863,0 -5.14098913267645,36.4432755253869,0 -5.14098554717266,36.443271730795,0 -5.1409821645883,36.4432677542528,0 -5.14097899414252,36.4432636065982,0 -5.14097604447631,36.4432592991356,0 -5.1409733236289,36.4432548436048,0 -5.14097083901591,36.4432502521494,0 -5.14096859740908,36.4432455372831,0 -5.14096660491786,36.4432407118563,0 -5.14096486697275,36.4432357890206,0 -5.14096338831046,36.443230782193,0 -5.14096217296107,36.4432257050195,0 -5.14096122423697,36.4432205713378,0 -5.14096054472389,36.4432153951397,0 -5.14096013627382,36.4432101905327,0 -5.14096,36.443204971702,0 -5.14096,36.4003793723857,0 -5.14096014350215,36.4003740170298,0 -5.14096057359674,36.400368677044,0 -5.14096128904939,36.4003633677542,0 -5.14096228780671,36.4003581043984,0 -5.14096356700223,36.4003529020827,0 -5.1409651229646,36.4003477757379,0 -5.14096695122814,36.4003427400768,0 -5.14096904654565,36.4003378095521,0 -5.14097140290349,36.4003329983144,0 -5.14097401353881,36.4003283201723,0 -5.14097687095898,36.4003237885523,0 -5.14097996696306,36.4003194164603,0 -5.1409832926654,36.4003152164443,0 -5.14098683852109,36.4003112005587,0 -5.14099059435337,36.4003073803291,0 -5.14099454938285,36.4003037667198,0 -5.14099869225841,36.4003003701021,0 -5.14100301108982,36.4002972002243,0 -5.14100749348186,36.4002942661841,0 -5.14101212656986,36.4002915764024,0 -5.19890884179691,36.3687216315455,0 -5.19890997440873,36.3687209746137,0 -5.19891062221057,36.3687198367552,0 -5.31645667411761,36.1489633153449,0 -5.31645928582218,36.1489587280562,0 -5.31646213595098,36.1489542849734,0 -5.31646521656233,36.1489499984769,0 -5.31646851907236,36.1489458805107,0 -5.31647203427888,36.1489419425491,0 -5.31647575238705,36.1489381955649,0 -5.31647966303664,36.1489346499989,0 -5.31648375533093,36.1489313157305,0 -5.31648801786708,36.1489282020503,0 -5.31649243876784,36.1489253176344,0 -5.31649700571474,36.14892267052,0 -5.31650170598232,36.1489202680831,0 -5.31650652647367,36.1489181170179,0 -5.31651145375685,36.148916223318,0 -5.31651647410238,36.1489145922603,0 -5.31652157352146,36.1489132283895,0 -5.31652673780495,36.1489121355059,0 -5.31653195256299,36.1489113166547,0 -5.31653720326505,36.1489107741177,0 -5.38766333342223,36.1434543471652,0 -5.38766866483155,36.1434540810595,0 -5.3876740028448,36.1434540998247,0 -5.38767933225145,36.1434544034072,0 -5.38768463786549,36.143454990942,0 -5.38768990456872,36.143455860755,0 -5.38769511735381,36.1434570103676,0 -5.38770026136706,36.1434584365041,0 -5.38770532195074,36.1434601351007,0 -5.38771028468484,36.1434621013173,0 -5.41777078683547,36.1563104814724,0 -5.41777195571166,36.1563109449937,0 -5.41777175229953,36.1563097041283,0 -5.40292434823634,36.078633906308,0 -5.40292351430739,36.0786288419605,0 -5.40292294132133,36.0786237414959,0 -5.40292263078758,36.0786186183502,0 -5.40292258352418,36.0786134860195,0 -5.40292279965563,36.0786083580238,0 -5.40292327861258,36.0786032478718,0 -5.40292401913331,36.0785981690253,0 -5.40292501926706,36.0785931348635,0 -5.40292627637918,36.0785881586479,0 -5.40292778715805,36.0785832534874,0 -5.40292954762381,36.0785784323036,0 -5.40293155313886,36.0785737077971,0 -5.40293379842006,36.0785690924136,0 -5.40293627755266,36.0785645983114,0 -5.40293898400586,36.0785602373294,0 -5.40294191065004,36.0785560209558,0 -5.40294504977553,36.0785519602978,0 -5.40294839311291,36.0785480660523,0 -5.43529282453672,36.0427739966615,0 -5.43529627917464,36.0427703631187,0 -5.43529991158813,36.0427669072935,0 -5.43530371264635,36.0427636378727,0 -5.43530767279452,36.0427605630747,0 -5.43531178207795,36.0427576906287,0 -5.43531603016706,36.0427550277553,0 -5.43532040638338,36.042752581148,0 -5.43532489972633,36.0427503569571,0 -5.43532949890093,36.0427483607735,0 -5.43533419234617,36.042746597615,0 -5.61061892571925,35.9818674335383,0 -5.61062380213474,35.9818658785446,0 -5.6106287517266,35.9818645750977,0 -5.61063376152815,35.9818635266123,0 -5.61063881841501,35.981862735835,0 -5.61064390913943,35.9818622048376,0 -5.61064902036502,35.9818619350112,0 -5.61065413870168,35.9818619270625,0 -5.61065925074069,35.9818621810125,0 -5.6106643430898,35.9818626961958,0 -5.61066940240838,35.9818634712628,0 -5.61067441544231,35.981864504183,0 -5.61067936905872,35.9818657922505,0 -5.61068425028042,35.9818673320908,0 -5.61068904631985,35.9818691196699,0 -5.61069374461262,35.9818711503049,0 -5.61069833285041,35.981873418676,0 -5.61070279901322,35.9818759188406,0 -5.61070713140084,35.981878644249,0 -5.61071131866354,35.9818815877612,0 -5.61071534983175,35.9818847416661,0 -5.68978496949532,36.0470771503553,0 -5.68978601505584,36.0470779665014,0 -5.68978731953152,36.0470782065723,0 -5.81446324683499,36.0665961856012,0 -5.81446819417081,36.0665970880985,0 -5.81447308987851,36.0665982381764,0 -5.81447792157655,36.0665996329262,0 -5.81448267704524,36.0666012688206,0 -5.81448734425772,36.0666031417223,0 -5.8144919114103,36.0666052468945,0 -5.81449636695237,36.0666075790133,0 -5.81450069961558,36.0666101321805,0 -5.81450489844235,36.0666128999389,0 -5.81450895281357,36.0666158752888,0 -5.8145128524755,36.0666190507053,0 -5.81451658756563,36.0666224181575,0 -5.91707707695338,36.1638731247415,0 -5.9170780134065,36.1638739685259,0 -5.91707927066612,36.1638740591603,0 -6.0519974499465,36.1701556464656,0 -6.05200264093801,36.1701560237407,0 -6.05200780526932,36.170156670588,0 -6.05201292895092,36.1701575852553,0 -6.05201799810341,36.1701587652648,0 -6.05202299899509,36.17016020742,0 -6.0520279180792,36.1701619078143,0 -6.05203274203054,36.1701638618416,0 -6.05203745778166,36.1701660642087,0 -6.05204205255817,36.1701685089496,0 -6.05204651391343,36.1701711894419,0 -6.05205082976217,36.1701740984243,0 -6.05205498841332,36.1701772280169,0 -6.05205897860162,36.170180569742,0 -6.05206278951815,36.1701841145473,0 -6.05206641083962,36.1701878528304,0 -6.05206983275635,36.1701917744646,0 -6.05207304599878,36.1701958688269,0 -6.05207604186265,36.1702001248261,0 -6.11895130320196,36.2706609532615,0 -6.11895202357371,36.2706619785524,0 -6.11895297641528,36.2706627923398,0 -6.23778910331566,36.3670957231431,0 -6.23779294988753,36.3670990093644,0 -6.23779662533382,36.367102485923,0 -6.23780012024709,36.3671061439207,0 -6.23780342568199,36.3671099739945,0 -6.23780653317814,36.3671139663414,0 -6.23780943478178,36.3671181107426,0 -6.23781212306615,36.3671223965906,0 -6.3366990406058,36.5340094232147,0 -6.33670157159939,36.5340139593102,0 -6.33670386363364,36.5340186207123,0 -6.33670591052415,36.5340233948437,0 -6.33670770674799,36.5340282688227,0 -6.33670924745858,36.5340332294982,0 -6.33671052849874,36.5340382634854,0 -6.33671154641197,36.5340433572015,0 -6.33671229845173,36.5340484969026,0 -6.33671278258886,36.5340536687207,0 -6.33671299751704,36.5340588587011,0 -6.33671294265637,36.5340640528403,0 -6.33671261815486,36.5340692371232,0 -6.33671202488809,36.5340743975617,0 -6.33671116445681,36.5340795202318,0 -6.33671003918266,36.5340845913115,0 -6.33670865210185,36.5340895971179,0 -6.33670700695702,36.5340945241444,0 -6.33670510818712,36.5340993590967,0 -6.33670296091541,36.5341040889291,0 -6.3367005709357,36.5341087008797,0 -6.33669794469664,36.5341131825043,0 -6.33669508928438,36.5341175217107,0 -6.33669201240342,36.5341217067907,0 -6.33668872235582,36.5341257264521,0 -6.33668522801882,36.534129569849,0 -6.33668153882088,36.5341332266112,0 -6.33667766471621,36.5341366868719,0 -6.33667361615797,36.5341399412946,0 -6.33666940407001,36.5341429810982,0 -6.33666503981743,36.5341457980807,0 -6.33666053517589,36.5341483846413,0 -6.33665590229986,36.5341507338009,0 -6.3366511536898,36.5341528392209,0 -6.33664630215846,36.5341546952206,0 -6.33664136079629,36.534156296792,0 -6.3366363429361,36.5341576396137,0 -6.25039226975755,36.55485269531,0 -6.25039110092796,36.5548530082734,0 -6.25039220318702,36.5548535074063,0 -6.40920551598238,36.6218280357297,0 -6.40921029892369,36.621830202397,0 -6.40921496154318,36.621832617134,0 -6.40921949098555,36.6218352732828,0 -6.40922387476268,36.6218381635204,0 -6.40922810078808,36.6218412798779,0 -6.40923215741017,36.6218446137634,0 -6.40923603344446,36.6218481559849,0 -6.40923971820435,36.6218518967762,0 -6.40924320153058,36.6218558258236,0 -6.40924647381929,36.6218599322943,0 -6.40924952604847,36.6218642048664,0 -6.4092523498028,36.6218686317599,0 -6.40925493729695,36.6218732007696,0 -6.40925728139691,36.6218778992981,0 -6.46476957037902,36.7408689128304,0 -6.46477167097217,36.7408737436438,0 -6.46477351426368,36.7408786783702,0 -6.46477509513854,36.7408837033164,0 -6.46477640920994,36.7408888045383,0 -6.46477745283145,36.7408939678806,0 -6.46477822310707,36.7408991790152,0 -6.46477871789937,36.7409044234818,0 -6.46477893583532,36.7409096867273,0 -6.46477887631018,36.7409149541465,0 -6.46477853948911,36.7409202111229,0 -6.46477792630678,36.7409254430687,0 -6.46477703846471,36.7409306354656,0 -6.4647758784266,36.7409357739051,0 -6.46477444941147,36.7409408441284,0 -6.46477275538474,36.7409458320661,0 -6.46477080104719,36.740950723877,0 -6.46476859182196,36.7409555059867,0 -6.4647661338395,36.7409601651252,0 -6.46476343392052,36.7409646883636,0 -6.46476049955709,36.7409690631505,0 -6.46475733889184,36.7409732773461,0 -6.46475396069539,36.7409773192563,0 -6.46475037434198,36.740981177665,0 -6.46474658978348,36.7409848418656,0 -6.46474261752173,36.7409883016901,0 -6.46473846857948,36.7409915475378,0 -6.46473415446973,36.7409945704017,0 -6.39889008524309,36.7845912814383,0 -6.39888904693143,36.7845920084926,0 -6.39888976461067,36.7845930533063,0 -6.51601020958043,36.94593491114,0 -6.51601102451065,36.9459359724798,0 -6.51601217273124,36.9459366596061,0 -6.77080978759149,37.0892483180773,0 -6.77081101611549,37.0892489647584,0 -6.77081230885273,37.0892494710181,0 -7.04975981242824,37.1896345726274,0 -7.0497610038366,37.1896349677121,0 -7.04976225465395,37.1896348628234,0 -7.38252281890655,37.153252744094,0 -7.3825279647224,37.1532523155899,0 -7.38253312579707,37.1532521532791,0 -7.38253828836957,37.1532522575945,0 -7.38254343867491,37.1532526282579,0 -7.38254856298083,37.1532532642811,0 -7.38255364762435,37.1532541639681,0 -7.38255867904829,37.1532553249202,0 -7.38256364383732,37.1532567440418,0 -7.38256852875383,37.1532584175493,0 -7.38257332077314,37.1532603409805,0 -7.38257800711826,37.1532625092069,0 -7.38258257529399,37.1532649164475,0 -7.38258701312017,37.1532675562837,0 -7.38259130876422,37.153270421677,0 -7.38259545077265,37.1532735049873,0 -7.38259942810159,37.1532767979937,0 -7.38260323014629,37.1532802919159,0 -7.38260684676934,37.1532839774382,0 -7.38261026832772,37.1532878447337,0 -7.38261348569852,37.1532918834912,0 -7.38261649030326,37.1532960829419,0 -7.38261927413074,37.1533004318891,0 -7.38262182975843,37.1533049187369,0 -7.38262415037226,37.1533095315222,0 -7.38262622978476,37.1533142579458,0 -7.3826280624516,37.1533190854057,0 -7.44388652825492,37.3281575713589,0 -7.44388812116702,37.3281625275011,0 -7.4438894539995,37.3281675598238,0 -7.44389052314032,37.3281726546891,0 -7.44389132569201,37.3281777982895,0 -7.44389185947961,37.3281829766855,0 -7.44389212305651,37.3281881758433,0 -7.4438921157084,37.3281933816728,0 -7.44389183745519,37.3281985800658,0 -7.44389128905097,37.3282037569343,0 -7.44389047198196,37.3282088982485,0 -7.44388938846247,37.3282139900753,0 -7.44388804142892,37.3282190186154,0 -7.44388643453185,37.328223970241,0 -7.44388457212609,37.3282288315329,0 -7.44388245925888,37.3282335893167,0 -7.44388010165624,37.3282382306984,0 -7.44387750570744,37.3282427430996,0 -7.44387467844769,37.3282471142913,0 -7.44387162753907,37.3282513324272,0 -7.44386836124976,37.328255386076,0 -7.44386488843163,37.328259264252,0 -7.44386121849627,37.3282629564449,0 -7.44385736138947,37.3282664526488,0 -7.44385332756426,37.3282697433886,0 -7.44384912795259,37.3282728197463,0 -7.44384477393572,37.3282756733846,0 -7.44384027731334,37.32827829657,0 -7.44383565027162,37.3282806821934,0 -7.44383090535016,37.3282828237898,0 -7.44382605540806,37.3282847155551,0 -7.443821113589,37.3282863523626,0 -7.44381609328565,37.3282877297764,0 -7.44381100810341,37.3282888440636,0 -7.44380587182347,37.3282896922044,0 -7.44380069836553,37.3282902719003,0 -7.44379550175002,37.3282905815803,0 -7.44379029606015,37.3282906204051,0 -7.4437850954037,37.3282903882695,0 -7.44377991387482,37.3282898858026,0 -7.44377476551584,37.3282891143662,0 -7.44376966427917,37.3282880760508,0 -7.44376462398952,37.3282867736704,0 -7.44375965830644,37.3282852107545,0 -7.44375478068729,37.3282833915388,0 -7.44375000435076,37.3282813209534,0 -7.44374534224107,37.3282790046098,0 -7.44374080699287,37.3282764487855,0 -7.44373641089699,37.3282736604068,0 -7.44373216586719,37.3282706470306,0 -7.44372808340778,37.3282674168232,0 -7.44372417458254,37.3282639785388,0 -7.44372044998465,37.3282603414954,0 -7.44371691970803,37.3282565155495,0 -7.44371359332,37.3282525110699,0 -7.4437104798353,37.3282483389089,0 -7.4437075876917,37.3282440103734,0 -7.44370492472711,37.328239537194,0 -7.38888065267451,37.2304421642626,0 -7.38887997891051,37.2304410341908,0</coordinates></LinearRing></outerBoundaryIs></Polygon><Polygon><outerBoundaryIs><LinearRing><coordinates>-5.35998163651839,35.8825389897935,0 -5.35998554326523,35.8825423600583,0 -5.359989270978,35.882545927342,0 -5.35999280973303,35.8825496821481,0 -5.35999615010965,35.8825536144807,0 -5.35999928321535,35.8825577138714,0 -5.36000220070936,35.8825619694072,0 -5.36000489482493,35.8825663697591,0 -5.36000735838995,35.8825709032129,0 -5.36000958484607,35.8825755576999,0 -5.36001156826618,35.8825803208291,0 -5.36001330337013,35.8825851799206,0 -5.36001478553885,35.8825901220388,0 -5.36001601082659,35.882595134027,0 -5.37114783242746,35.9338244522317,0 -5.37114880192825,35.9338295473613,0 -5.37114950595259,35.9338346859046,0 -5.37114994260664,35.9338398540388,0 -5.37115011071578,35.9338450378614,0 -5.3711500098278,35.9338502234278,0 -5.37114964021409,35.9338553967888,0 -5.37114900286891,35.9338605440277,0 -5.37114809950676,35.9338656512984,0 -5.37114693255768,35.9338707048623,0 -5.37114550516082,35.933875691125,0 -5.3711438211559,35.9338805966734,0 -5.37114188507295,35.9338854083114,0 -5.37113970212008,35.9338901130956,0 -5.3711372781695,35.93389469837,0 -5.37113461974171,35.9338991518,0 -5.37113173398794,35.9339034614059,0 -5.37112862867095,35.9339076155946,0 -5.37112531214414,35.9339116031913,0 -5.37112179332905,35.9339154134693,0 -5.37111808169139,35.9339190361787,0 -5.37111418721558,35.9339224615744,0 -5.37111012037785,35.9339256804419,0 -5.37110589211812,35.9339286841226,0 -5.37110151381052,35.9339314645362,0 -5.37109699723282,35.9339340142036,0 -5.37109235453474,35.9339363262659,0 -5.37108759820527,35.9339383945036,0 -5.37108274103906,35.9339402133533,0 -5.37107779610203,35.933941777922,0 -5.37107277669619,35.9339430840011,0 -5.37106769632389,35.9339441280772,0 -5.37106256865147,35.9339449073417,0 -5.37105740747251,35.9339454196983,0 -5.37105222667072,35.9339456637688,0 -5.37104704018261,35.9339456388966,0 -5.37104186195996,35.9339453451487,0 -5.37103670593236,35.9339447833152,0 -5.37103158596964,35.9339439549074,0 -5.37102651584466,35.9339428621539,0 -5.37102150919619,35.9339415079942,0 -5.25844000389199,35.9003350013174,0 -5.25843502723805,35.9003333726695,0 -5.2584301426598,35.9003314857476,0 -5.25842536355056,35.9003293457258,0 -5.25842070301444,35.9003269584718,0 -5.25841617383043,35.9003243305313,0 -5.25841178841738,35.9003214691101,0 -5.25840755879989,35.9003183820542,0 -5.2584034965754,35.900315077828,0 -5.25839961288235,35.9003115654915,0 -5.25839591836968,35.9003078546756,0 -5.25839242316757,35.9003039555551,0 -5.25838913685973,35.9002998788212,0 -5.25838606845707,35.9002956356521,0 -5.25838322637303,35.9002912376824,0 -5.25838061840047,35.9002866969713,0 -5.25837825169035,35.900282025969,0 -5.25837613273209,35.9002772374834,0 -5.25837426733579,35.9002723446442,0 -5.25837266061627,35.9002673608674,0 -5.2583713169791,35.9002622998184,0 -5.25837024010848,35.9002571753742,0 -5.25836943295714,35.9002520015858,0 -5.25836889773824,35.9002467926397,0 -5.25836863591935,35.9002415628186,0 -5.25836864821836,35.9002363264623,0 -5.25836893460154,35.9002310979287,0 -5.25836949428364,35.9002258915542,0 -5.25837032573005,35.9002207216146,0 -5.25837142666096,35.9002156022856,0 -5.25837279405767,35.9002105476041,0 -5.25837442417084,35.9002055714299,0 -5.25837631253076,35.9002006874074,0 -5.25837845395964,35.9001959089285,0 -5.25838084258576,35.9001912490954,0 -5.25838347185962,35.9001867206854,0 -5.25838633457185,35.900182336115,0 -5.25838942287301,35.9001781074066,0 -5.25839272829513,35.9001740461552,0 -5.25839624177486,35.9001701634964,0 -5.25839995367839,35.9001664700765,0 -5.25840385382785,35.9001629760225,0 -5.25840793152918,35.9001596909152,0 -5.2584121756015,35.9001566237619,0 -5.32542966318595,35.8543460246066,0 -5.325433981311,35.8543432330299,0 -5.32543843722023,35.8543406671037,0 -5.32544301913263,35.8543383336121,0 -5.32544771493401,35.8543362387245,0 -5.32545251220911,35.8543343879798,0 -5.32545739827436,35.8543327862711,0 -5.32546236021144,35.8543314378331,0 -5.32546738490143,35.8543303462311,0 -5.3254724590595,35.8543295143512,0 -5.32547756927003,35.8543289443926,0 -5.32548270202209,35.8543286378625,0 -5.32548784374514,35.8543285955711,0 -5.32549298084491,35.8543288176304,0 -5.32549809973939,35.8543293034532,0 -5.32550318689467,35.854330051755,0 -5.32550822886076,35.8543310605574,0 -5.32551321230717,35.8543323271932,0 -5.3255181240581,35.8543338483136,0 -5.32552295112733,35.8543356198968,0 -5.32552768075251,35.854337637259,0 -5.32553230042895,35.8543398950663,0 -5.32553679794263,35.8543423873495,0 -5.32554116140252,35.854345107519,0 -5.32554537927204,35.854348048383,0 -5.32554944039951,35.8543512021661,0 -5.35998163651839,35.8825389897935,0</coordinates></LinearRing></outerBoundaryIs></Polygon><Polygon><outerBoundaryIs><LinearRing><coordinates>-6.04774948607044,36.9842781326895,0 -6.04775276010825,36.984274086077,0 -6.0477562402747,36.9842702153099,0 -6.0477599171405,36.9842665308759,0 -6.04776378074339,36.9842630427576,0 -6.04776782061518,36.984259760406,0 -6.04777202581008,36.9842566927144,0 -6.04777638493437,36.9842538479944,0 -6.04778088617726,36.9842512339537,0 -6.04778551734291,36.9842488576749,0 -6.04779026588346,36.9842467255964,0 -6.04779511893301,36.9842448434948,0 -6.04780006334253,36.9842432164697,0 -6.04780508571544,36.9842418489293,0 -6.04781017244392,36.984240744579,0 -6.04781530974578,36.9842399064108,0 -6.04782048370182,36.9842393366959,0 -6.04782568029351,36.9842390369777,0 -6.04783088544101,36.9842390080683,0 -6.04783608504129,36.9842392500462,0 -6.04784126500633,36.9842397622555,0 -6.04784641130133,36.9842405433086,0 -6.04785150998273,36.9842415910893,0 -6.04785654723595,36.9842429027585,0 -6.07439407760214,36.9918958956192,0 -6.07439905837353,36.991897474053,0 -6.0744039499029,36.9918993104837,0 -6.07440873883661,36.9919013998977,0 -6.07441341210108,36.9919037365911,0 -6.07441795693853,36.9919063141849,0 -6.07442236094175,36.9919091256423,0 -6.07442661208802,36.9919121632882,0 -6.07443069877191,36.9919154188299,0 -6.07443460983697,36.99191888338,0 -6.07443833460616,36.9919225474803,0 -6.07444186291103,36.9919264011282,0 -6.07444518511949,36.9919304338032,0 -6.07444829216204,36.9919346344965,0 -6.07445117555662,36.9919389917402,0 -6.07445382743169,36.9919434936393,0 -6.07445624054774,36.9919481279039,0 -6.07445840831709,36.9919528818825,0 -6.07446032482183,36.9919577425971,0 -6.07446198482998,36.9919626967782,0 -6.0744633838098,36.991967730901,0 -6.07446451794215,36.9919728312227,0 -6.07446538413089,36.9919779838195,0 -6.07446598001136,36.9919831746252,0 -6.07446630395684,36.991988389469,0 -6.07446635508298,36.9919936141148,0 -6.0744661332502,36.9919988342994,0 -6.0744656390641,36.992004035772,0 -6.07446487387378,36.9920092043328,0 -6.07446383976817,36.9920143258719,0 -6.07446253957034,36.9920193864077,0 -6.07446097682977,36.9920243721252,0 -6.06529679981998,37.018790359499,0 -6.06529495167875,37.0187953242096,0 -6.06529284321536,37.018800184082,0 -6.06529048034699,37.0188049254773,0 -6.06528786970481,37.0188095350895,0 -6.06528501861529,37.0188139999821,0 -6.06528193507975,37.0188183076248,0 -6.06527862775179,37.0188224459287,0 -6.06527510591311,37.01882640328,0 -6.06527137944738,37.0188301685728,0 -6.06526745881255,37.0188337312403,0 -6.06526335501147,37.0188370812841,0 -6.06525907956104,37.0188402093028,0 -6.06525464445989,37.0188431065178,0 -6.06525006215466,37.0188457647985,0 -6.06524534550513,37.0188481766845,0 -6.06524050774809,37.0188503354073,0 -6.06523556246022,37.0188522349085,0 -6.06523052351995,37.0188538698574,0 -6.06522540506855,37.0188552356658,0 -6.06522022147045,37.0188563285005,0 -6.06521498727287,37.0188571452947,0 -6.06520971716505,37.0188576837562,0 -6.06520442593702,37.0188579423737,0 -6.06519912843807,37.0188579204215,0 -6.06519383953508,37.0188576179612,0 -6.06518857407081,37.0188570358417,0 -6.06518334682226,37.0188561756965,0 -6.06517817245916,37.0188550399397,0 -6.06517306550284,37.0188536317585,0 -6.06516804028545,37.0188519551049,0 -6.06516311090973,37.0188500146843,0 -6.03214483730207,37.0048314547229,0 -6.032140096795,37.0048292946315,0 -6.03213547521119,37.0048268906006,0 -6.03213098509287,37.0048242491542,0 -6.03212663862551,37.0048213774607,0 -6.03212244760472,37.0048182833136,0 -6.03211842340427,37.0048149751097,0 -6.03211457694519,37.0048114618272,0 -6.03211091866617,37.0048077530003,0 -6.03210745849517,37.0048038586944,0 -6.03210420582256,37.004799789478,0 -6.03210116947557,37.0047955563941,0 -6.03209835769435,37.0047911709309,0 -6.03209577810964,37.0047866449896,0 -6.03209343772201,37.004781990853,0 -6.03209134288291,37.0047772211516,0 -6.03208949927738,37.0047723488297,0 -6.03208791190869,37.00476738711,0 -6.03208658508469,37.0047623494578,0 -6.03208552240617,37.0047572495445,0 -6.03208472675708,37.0047521012103,0 -6.03208420029668,37.0047469184272,0 -6.03208394445369,37.0047417152602,0 -6.03208395992244,37.0047365058301,0 -6.03208424666095,37.0047313042743,0 -6.03208480389104,37.004726124709,0 -6.0320856301005,37.0047209811908,0 -6.03208672304712,37.0047158876783,0 -6.03208807976481,37.0047108579945,0 -6.03208969657166,37.0047059057892,0 -6.03209156907992,37.0047010445019,0 -6.03209369220789,37.0046962873252,0 -6.03209606019376,37.0046916471695,0 -6.03209866661117,37.0046871366274,0 -6.03210150438674,37.0046827679398,0 -6.03210456581919,37.0046785529626,0 -6.04774948607044,36.9842781326895,0</coordinates></LinearRing></outerBoundaryIs></Polygon><Polygon><outerBoundaryIs><LinearRing><coordinates>-13.8526690327592,28.9372623696796,0 -13.8526689831629,28.9372636309465,0 -13.8510568756473,28.9976751862988,0 -13.8510565950613,28.9976804644315,0 -13.8510560359845,28.9976857203659,0 -13.8510551999788,28.9976909394183,0 -13.8510540893798,28.9976961070079,0 -13.8510527072902,28.997701208698,0 -13.8510510575711,28.9977062302356,0 -13.8510491448316,28.997711157592,0 -13.8510469744152,28.9977159770013,0 -13.8510445523857,28.9977206749993,0 -13.8510418855094,28.9977252384612,0 -13.8510389812369,28.9977296546377,0 -13.8510358476821,28.9977339111912,0 -13.7917769239237,29.0739270970743,0 -13.7917737855094,29.0739309323299,0 -13.7917704609439,29.0739346073937,0 -13.7917669583921,29.0739381132404,0 -13.7917632864558,29.0739414412598,0 -13.7917594541529,29.0739445832789,0 -13.7917554708949,29.0739475315811,0 -13.7917513464644,29.0739502789259,0 -13.7917470909905,29.0739528185659,0 -13.7917427149241,29.0739551442642,0 -13.6566509128177,29.1415125419816,0 -13.6566461946778,29.141514749758,0 -13.6566413679722,29.1415167088479,0 -13.6566364457983,29.1415184139353,0 -13.6566314415122,29.1415198603935,0 -13.6566263686933,29.1415210442974,0 -13.6566212411068,29.1415219624346,0 -13.6566160726663,29.1415226123137,0 -13.6566108773965,29.1415229921711,0 -13.5438853241747,29.1468179378009,0 -13.5438840257021,29.1468180333438,0 -13.5438836027476,29.1468192647127,0 -13.5261223988264,29.2033647302761,0 -13.5261220408803,29.2033659857943,0 -13.5261231002545,29.2033667487998,0 -13.5674924022764,29.231521439599,0 -13.5674966272723,29.2315244788306,0 -13.5675006884207,29.2315277337643,0 -13.5675045747209,29.2315311955832,0 -13.567508275646,29.2315348549101,0 -13.567511781171,29.2315387018328,0 -13.5675150818003,29.2315427259309,0 -13.5675181685933,29.2315469163042,0 -13.5675210331888,29.2315512616019,0 -13.5675236678271,29.2315557500538,0 -13.5675260653718,29.2315603695017,0 -13.5675282193284,29.2315651074328,0 -13.5675301238625,29.231569951013,0 -13.5675317738151,29.2315748871224,0 -13.5675331647169,29.2315799023903,0 -13.5675342928004,29.2315849832315,0 -13.5675351550097,29.2315901158833,0 -13.5675357490094,29.2315952864426,0 -13.5675360731906,29.2316004809037,0 -13.567536126675,29.2316056851961,0 -13.5675359093178,29.2316108852226,0 -13.5675354217077,29.2316160668976,0 -13.5675346651657,29.2316212161853,0 -13.5675336417409,29.2316263191375,0 -13.5675323542056,29.2316313619316,0 -13.5418360815965,29.3223552625406,0 -13.5418345488327,29.3223601862511,0 -13.5418327642869,29.3223650244,0 -13.5418307327045,29.3223697641217,0 -13.541828459488,29.3223743928122,0 -13.5418259506823,29.3223788981627,0 -13.541823212959,29.3223832681925,0 -13.5418202535983,29.3223874912806,0 -13.5418170804699,29.322391556197,0 -13.5418137020117,29.3223954521319,0 -13.5418101272079,29.3223991687254,0 -13.5418063655647,29.3224026960941,0 -13.5418024270853,29.3224060248578,0 -13.5417983222428,29.3224091461648,0 -13.541794061953,29.3224120517146,0 -13.541789657545,29.3224147337809,0 -13.5417851207311,29.3224171852313,0 -13.5417804635758,29.3224193995468,0 -13.5417756984635,29.3224213708392,0 -13.5417708380657,29.3224230938663,0 -13.5417658953073,29.3224245640462,0 -13.5417608833323,29.3224257774692,0 -13.5417558154687,29.3224267309088,0 -13.541750705193,29.3224274218294,0 -13.5417455660946,29.3224278483937,0 -13.5417404118397,29.3224280094674,0 -13.5417352561344,29.3224279046222,0 -13.5417301126891,29.3224275341368,0 -13.5417249951813,29.3224268989966,0 -13.5417199172197,29.3224260008904,0 -13.5417148923077,29.3224248422065,0 -13.5417099338077,29.3224234260261,0 -13.5417050549055,29.3224217561153,0 -13.5417002685752,29.3224198369146,0 -13.465511136032,29.2895649768966,0 -13.4655061615923,29.2895626680144,0 -13.4655013212082,29.2895600899007,0 -13.4654966294377,29.2895572503095,0 -13.4654921003919,29.2895541577812,0 -13.4654877476921,29.2895508216167,0 -13.4654835844297,29.28954725185,0 -13.4654796231261,29.2895434592175,0 -13.4654758756951,29.2895394551259,0 -13.4654723534077,29.2895352516179,0 -13.4097243594695,29.2191727939691,0 -13.4097211480222,29.2191685098203,0 -13.4097181704773,29.2191640599269,0 -13.4097154353704,29.2191594570457,0 -13.4097129505426,29.2191547143718,0 -13.4097107231171,29.2191498455013,0 -13.4097087594793,29.2191448643918,0 -13.4097070652585,29.2191397853229,0 -13.4097056453116,29.2191346228549,0 -13.4097045037091,29.2191293917872,0 -13.4097036437237,29.219124107116,0 -13.4097030678209,29.2191187839909,0 -13.4097027776514,29.2191134376719,0 -13.4097027740472,29.2191080834855,0 -13.4097030570187,29.2191027367807,0 -13.4097036257545,29.2190974128851,0 -13.4097044786243,29.2190921270608,0 -13.4497094660553,29.0073665807636,0 -13.4497105653023,29.0073614927425,0 -13.4497119278227,29.0073564688156,0 -13.4497135499246,29.007351522596,0 -13.4497154272127,29.007346667486,0 -13.4497175546002,29.0073419166413,0 -13.4497199263227,29.0073372829349,0 -13.4497225359537,29.0073327789223,0 -13.4497253764221,29.0073284168079,0 -13.4497284400312,29.0073242084113,0 -13.4497317184798,29.0073201651357,0 -13.4497352028846,29.0073162979369,0 -13.449738883804,29.0073126172935,0 -13.4497427512642,29.0073091331789,0 -13.5175754446613,28.9493261514048,0 -13.5175796112588,28.9493227788323,0 -13.5175839525912,28.9493196343749,0 -13.5175884561839,28.9493167270681,0 -13.5175931090957,28.9493140652658,0 -13.5175978979567,28.9493116566169,0 -13.5176028090062,28.9493095080424,0 -13.5176078281324,28.9493076257162,0 -13.517612940913,28.9493060150472,0 -13.7230336946058,28.8905963730841,0 -13.7230349801482,28.8905959676134,0 -13.7230359248231,28.8905950060443,0 -13.7881549442454,28.8206081995129,0 -13.788158632422,28.8206044392674,0 -13.788162513469,28.8206008784294,0 -13.7881665766196,28.8205975268775,0 -13.7881708106017,28.8205943939095,0 -13.7881752036694,28.820591488217,0 -13.7881797436355,28.820588817861,0 -13.788184417905,28.8205863902497,0 -13.7881892135107,28.8205842121176,0 -13.7881941171484,28.8205822895074,0 -13.7881991152145,28.8205806277528,0 -13.7882041938432,28.8205792314639,0 -13.7882093389455,28.8205781045143,0 -13.7882145362477,28.8205772500303,0 -13.7882197713314,28.8205766703826,0 -13.7882250296734,28.8205763671791,0 -13.7882302966859,28.8205763412609,0 -13.7882355577572,28.8205765927001,0 -13.788240798292,28.8205771207991,0 -13.7882460037518,28.8205779240927,0 -13.7882511596957,28.8205790003526,0 -13.78825625182,28.8205803465928,0 -13.8576011283165,28.8408817877675,0 -13.8576060275036,28.8408833599815,0 -13.8576108393376,28.8408851821077,0 -13.8576155510799,28.8408872493223,0 -13.8576201502564,28.8408895561525,0 -13.8576246246916,28.8408920964914,0 -13.8576289625396,28.8408948636135,0 -13.8576331523167,28.8408978501933,0 -13.8576371829308,28.8409010483242,0 -13.8576410437113,28.8409044495394,0 -13.8576447244373,28.8409080448346,0 -13.8576482153644,28.8409118246916,0 -13.8576515072507,28.8409157791037,0 -13.8576545913814,28.8409198976021,0 -13.8576574595916,28.8409241692834,0 -13.8576601042881,28.8409285828388,0 -13.8576625184691,28.8409331265841,0 -13.8576646957436,28.84093778849,0 -13.8576666303474,28.8409425562147,0 -13.8576683171588,28.8409474171363,0 -13.8576697517123,28.8409523583858,0 -13.8576709302099,28.8409573668821,0 -13.8576718495318,28.8409624293655,0 -13.8576725072441,28.8409675324337,0 -13.8576729016056,28.840972662577,0 -13.8576730315723,28.8409778062138,0 -13.8576728968002,28.8409829497269,0 -13.8526690327592,28.9372623696796,0</coordinates></LinearRing></outerBoundaryIs><innerBoundaryIs><LinearRing><coordinates>-13.853616930559,28.8786320214913,0 -13.8536157184197,28.8786317995411,0 -13.7833502971007,28.8676412028866,0 -13.7833490153731,28.8676410367477,0 -13.7833482337541,28.8676420660678,0 -13.7438426709096,28.9226056321241,0 -13.7438393911275,28.9226099438223,0 -13.7438358826639,28.9226140715814,0 -13.7438321558153,28.9226180032873,0 -13.7438282215192,28.9226217274014,0 -13.7438240913218,28.9226252329944,0 -13.7438197773444,28.922628509778,0 -13.7438152922474,28.9226315481357,0 -13.7438106491937,28.9226343391506,0 -13.7438058618095,28.9226368746316,0 -13.7438009441446,28.9226391471378,0 -13.7437959106313,28.9226411499998,0 -13.7437907760419,28.9226428773398,0 -13.5832353364492,28.9718565903494,0 -13.5832340156018,28.9718570359706,0 -13.5832327876834,28.9718576958437,0 -13.4864841642455,29.027389331748,0 -13.4864830328601,29.0273900221611,0 -13.4864828167259,29.0273913298266,0 -13.4616771771802,29.2073797143898,0 -13.4616770467895,29.2073808842374,0 -13.4616777658924,29.2073799523383,0 -13.5371138405139,29.1041911982334,0 -13.5371170284413,29.1041870680995,0 -13.5371204274406,29.1041831098561,0 -13.5371240282594,29.1041793342779,0 -13.5371278210959,29.1041757516423,0 -13.5371317956257,29.1041723717015,0 -13.5371359410298,29.1041692036561,0 -13.5371402460241,29.1041662561298,0 -13.5371446988899,29.104163537146,0 -13.5371492875061,29.104161054106,0 -13.5371539993822,29.1041588137688,0 -13.537158821692,29.1041568222329,0 -13.5371637413087,29.1041550849194,0 -13.5371687448408,29.1041536065575,0 -13.537173818668,29.1041523911713,0 -13.5371789489791,29.1041514420692,0 -13.5371841218089,29.1041507618348,0 -13.5371893230765,29.1041503523197,0 -13.5371945386235,29.1041502146388,0 -13.5371997542528,29.1041503491667,0 -13.537204955767,29.1041507555372,0 -13.5372101290071,29.1041514326442,0 -13.5372152598911,29.1041523786446,0 -13.5976887618926,29.1169417381564,0 -13.5976899968311,29.1169419668444,0 -13.5976911660941,29.1169415083735,0 -13.7683288421344,29.0450004881573,0 -13.7683299803851,29.0449999742132,0 -13.7683307795291,29.0449990144621,0 -13.8106981614063,28.9914350602117,0 -13.8106989633802,28.9914339879551,0 -13.8106989544953,28.9914326489939,0 -13.8083375215567,28.9213231740711,0 -13.8083374836881,28.9213178684126,0 -13.8083377272811,28.9213125682137,0 -13.8083382516498,28.9213072883951,0 -13.8083390553181,28.9213020438205,0 -13.8083401360236,28.9212968492539,0 -13.8083414907238,28.9212917193189,0 -13.8083431156052,28.921286668457,0 -13.8083450060935,28.921281710887,0 -13.8083471568666,28.9212768605652,0 -13.8083495618698,28.9212721311461,0 -13.8083522143327,28.9212675359435,0 -13.8083551067883,28.9212630878937,0 -13.8083582310937,28.9212587995185,0 -13.8083615784538,28.9212546828905,0 -13.8083651394451,28.9212507495983,0 -13.808368904043,28.9212470107149,0 -13.8536160557034,28.8786328893459,0 -13.853616930559,28.8786320214913,0</coordinates></LinearRing></innerBoundaryIs></Polygon><Polygon><outerBoundaryIs><LinearRing><coordinates>-13.5224485328263,29.4287602803104,0 -13.5224448269234,29.4287641031774,0 -13.522440922805,29.4287677233829,0 -13.5224368315386,29.4287711306644,0 -13.5224325647219,29.4287743153628,0 -13.5224281344507,29.4287772684502,0 -13.5224235532838,29.4287799815552,0 -13.522418834208,29.4287824469865,0 -13.5224139906009,29.4287846577553,0 -13.5224090361932,29.4287866075945,0 -13.5224039850296,29.4287882909765,0 -13.5223988514293,29.4287897031294,0 -13.5223936499449,29.42879084005,0 -13.5223883953216,29.4287916985153,0 -13.5223831024553,29.4287922760918,0 -13.5223777863502,29.4287925711421,0 -13.5223724620764,29.4287925828299,0 -13.5223671447271,29.4287923111219,0 -13.5223618493761,29.4287917567885,0 -13.5223565910345,29.4287909214011,0 -13.5223513846088,29.4287898073278,0 -13.5223462448581,29.4287884177268,0 -13.5223411863525,29.4287867565374,0 -13.5223362234321,29.4287848284686,0 -13.4683199648015,29.4061268748944,0 -13.4683152011467,29.4061247286911,0 -13.4683105560906,29.4061223366105,0 -13.4683060423136,29.4061197051825,0 -13.4683016721377,29.4061168415907,0 -13.4682974574928,29.4061137536522,0 -13.4682934098843,29.4061104497966,0 -13.4682895403617,29.4061069390431,0 -13.4682858594881,29.4061032309755,0 -13.4682823773119,29.4060993357162,0 -13.4682791033389,29.4060952638989,0 -13.4682760465065,29.4060910266389,0 -13.4682732151596,29.4060866355035,0 -13.4682706170273,29.4060821024797,0 -13.468268259202,29.4060774399422,0 -13.4682661481205,29.406072660619,0 -13.4682642895455,29.4060677775569,0 -13.4682626885509,29.4060628040861,0 -13.4682613495069,29.4060577537834,0 -13.4682602760691,29.4060526404355,0 -13.4682594711678,29.406047478001,0 -13.4682589370003,29.4060422805727,0 -13.4682586750247,29.4060370623388,0 -13.4682586859563,29.4060318375445,0 -13.4682589697651,29.4060266204525,0 -13.4682595256764,29.4060214253049,0 -13.4682603521727,29.4060162662837,0 -13.4682614469977,29.4060111574723,0 -13.4682628071627,29.406006112817,0 -13.4682644289547,29.4060011460891,0 -13.4682663079464,29.4059962708469,0 -13.4682684390084,29.4059915003993,0 -13.4682708163232,29.4059868477688,0 -13.4682734334011,29.4059823256566,0 -13.4682762830978,29.4059779464072,0 -13.468279357634,29.4059737219756,0 -13.4682826486167,29.4059696638937,0 -13.4682861470621,29.4059657832396,0 -13.4682898434197,29.4059620906069,0 -13.4682937275991,29.405958596076,0 -13.468297788997,29.4059553091865,0 -13.4683020165264,29.405952238911,0 -13.5282135458826,29.3647879658478,0 -13.5282179035226,29.3647851355733,0 -13.5282224022942,29.3647825354706,0 -13.528227030051,29.3647801725599,0 -13.5282317742983,29.3647780532208,0 -13.5282366222268,29.3647761831755,0 -13.5282415607474,29.3647745674731,0 -13.5282465765263,29.3647732104757,0 -13.5282516560213,29.3647721158473,0 -13.5282567855178,29.3647712865433,0 -13.5282619511667,29.3647707248028,0 -13.5282671390208,29.3647704321424,0 -13.5282723350732,29.3647704093523,0 -13.5282775252949,29.364770656494,0 -13.5282826956725,29.3647711729003,0 -13.5282878322463,29.3647719571769,0 -13.5282929211478,29.3647730072063,0 -13.5282979486372,29.3647743201534,0 -13.5283029011406,29.3647758924735,0 -13.5283077652865,29.3647777199212,0 -13.5283125279419,29.3647797975626,0 -13.5283171762479,29.3647821197881,0 -13.5283216976543,29.364784680328,0 -13.5283260799536,29.3647874722687,0 -13.5283303113138,29.3647904880723,0 -13.5283343803103,29.3647937195963,0 -13.5283382759573,29.3647971581156,0 -13.5283419877365,29.3648007943465,0 -13.5283455056264,29.3648046184713,0 -13.5283488201289,29.3648086201651,0 -13.528351922295,29.3648127886236,0 -13.551247564286,29.3973080947617,0 -13.5512504578181,29.3973124379219,0 -13.5512531208275,29.397316926123,0 -13.5512555460613,29.3973215471412,0 -13.5512577269142,29.3973262883909,0 -13.5512596574466,29.3973311369591,0 -13.5512613324005,29.3973360796403,0 -13.5512627472141,29.3973411029729,0 -13.5512638980341,29.3973461932756,0 -13.5512647817262,29.3973513366847,0 -13.5512653958835,29.3973565191917,0 -13.5512657388335,29.3973617266819,0 -13.551265809642,29.3973669449722,0 -13.5512656081161,29.3973721598505,0 -13.5512651348049,29.3973773571137,0 -13.5512643909972,29.3973825226068,0 -13.5512633787191,29.3973876422612,0 -13.5512621007273,29.3973927021333,0 -13.5512605605028,29.3973976884422,0 -13.5512587622402,29.3974025876074,0 -13.5512567108373,29.3974073862858,0 -13.5512544118812,29.397412071408,0 -13.5512518716333,29.3974166302136,0 -13.551249097012,29.3974210502865,0 -13.5512460955742,29.3974253195885,0 -13.5512428754945,29.3974294264919,0 -13.5512394455429,29.3974333598111,0 -13.5224485328263,29.4287602803104,0</coordinates></LinearRing></outerBoundaryIs></Polygon><Polygon><outerBoundaryIs><LinearRing><coordinates>-13.8529036505262,28.7578566887829,0 -13.8529034466181,28.7578620027585,0 -13.8529029605071,28.7578672983803,0 -13.8529021935679,28.7578725606725,0 -13.8529011479694,28.7578777747532,0 -13.8528998266684,28.7578829258772,0 -13.8528982334017,28.7578879994771,0 -13.8528963726751,28.7578929812048,0 -13.8528942497505,28.757897856972,0 -13.8528918706316,28.75790261299,0 -13.8528892420466,28.757907235809,0 -13.8528863714291,28.7579117123556,0 -13.8528832668971,28.7579160299702,0 -13.8528799372303,28.7579201764426,0 -13.8528763918449,28.7579241400466,0 -13.8528726407672,28.7579279095732,0 -13.8528686946053,28.7579314743621,0 -13.8528645645188,28.7579348243323,0 -13.8528602621876,28.75793795001,0 -13.8528557997787,28.7579408425558,0 -13.8141179567702,28.7816123077532,0 -13.8141133462145,28.7816149593591,0 -13.8141086011997,28.7816173620811,0 -13.8141037351487,28.7816195091222,0 -13.8140987618267,28.781621394409,0 -13.8140936953023,28.7816230126082,0 -13.8140885499079,28.7816243591423,0 -13.8140833401988,28.7816254302021,0 -13.8140780809124,28.7816262227578,0 -13.8140727869263,28.7816267345674,0 -13.8140674732162,28.7816269641831,0 -13.8140621548138,28.7816269109553,0 -13.8140568467637,28.7816265750347,0 -13.8140515640817,28.7816259573714,0 -13.8140463217113,28.7816250597128,0 -13.8140411344824,28.7816238845981,0 -13.8140360170688,28.7816224353515,0 -13.8140309839466,28.7816207160728,0 -13.8140260493538,28.7816187316254,0 -13.8140212272493,28.781616487623,0 -13.8140165312742,28.7816139904135,0 -13.8140119747124,28.781611247061,0 -13.8140075704537,28.7816082653261,0 -13.814003330957,28.7816050536434,0 -13.813999268215,28.7816016210984,0 -13.8139953937205,28.781597977401,0 -13.8139917184338,28.7815941328587,0 -13.8139882527517,28.7815900983469,0 -13.8139850064779,28.7815858852787,0 -13.8139819887955,28.7815815055719,0 -13.7927788986487,28.7489858737267,0 -13.7927762037162,28.748981487805,0 -13.7927737380543,28.7489769690128,0 -13.7927715081968,28.7489723293247,0 -13.7927695200526,28.7489675810352,0 -13.7927677788899,28.7489627367269,0 -13.7927662893228,28.7489578092366,0 -13.7927650552984,28.7489528116218,0 -13.7927640800868,28.7489477571255,0 -13.7927633662722,28.7489426591417,0 -13.792762915746,28.7489375311794,0 -13.7927627297022,28.7489323868274,0 -13.7927628086338,28.7489272397175,0 -13.7927631523316,28.748922103489,0 -13.7927637598848,28.7489169917526,0 -13.7927646296834,28.7489119180537,0 -13.7927657594227,28.748906895837,0 -13.7927671461089,28.7489019384111,0 -13.7927687860674,28.7488970589125,0 -13.7927706749525,28.7488922702714,0 -13.7927728077589,28.7488875851772,0 -13.7927751788348,28.748883016045,0 -13.7927777818972,28.7488785749824,0 -13.7927806100481,28.7488742737578,0 -13.7927836557933,28.7488701237691,0 -13.7927869110619,28.7488661360132,0 -13.8183091399792,28.7191939998599,0 -13.8183099645369,28.7191929884553,0 -13.8183098934089,28.7191916854682,0 -13.805125355593,28.5565937178154,0 -13.8051250610049,28.5565881870289,0 -13.8051250730808,28.5565826484157,0 -13.8051253917836,28.5565771189663,0 -13.8051260161357,28.5565716156431,0 -13.8051269442217,28.5565661553283,0 -13.8051281731946,28.5565607547721,0 -13.8574703856749,28.3528052991298,0 -13.8574718326109,28.3528002258597,0 -13.8574735450844,28.352795235957,0 -13.8574755183293,28.3527903433097,0 -13.8574777468538,28.3527855615346,0 -13.8574802244555,28.3527809039404,0 -13.8574829442387,28.3527763834899,0 -13.8574858986339,28.3527720127642,0 -13.8574890794185,28.3527678039279,0 -13.8574924777399,28.3527637686949,0 -13.8574960841399,28.3527599182958,0 -13.8574998885813,28.3527562634471,0 -13.8575038804756,28.3527528143206,0 -13.8575080487129,28.3527495805161,0 -13.8575123816922,28.3527465710336,0 -13.857516867354,28.3527437942492,0 -13.857521493214,28.352741257891,0 -13.8575262463976,28.3527389690181,0 -13.857531113676,28.3527369340009,0 -13.8575360815027,28.3527351585033,0 -13.8575411360513,28.3527336474666,0 -13.8575462632543,28.3527324050964,0 -13.8575514488416,28.3527314348503,0 -13.8575566783811,28.3527307394288,0 -13.8575619373179,28.3527303207674,0 -13.8575672110155,28.3527301800312,0 -13.8575724847965,28.3527303176119,0 -13.8575777439829,28.3527307331266,0 -13.8575829739375,28.3527314254189,0 -13.8575881601044,28.352732392562,0 -13.8575932880498,28.3527336318642,0 -13.8575983435017,28.3527351398762,0 -13.8576033123898,28.3527369124011,0 -13.857608180885,28.3527389445056,0 -13.8576129354373,28.352741230534,0 -13.8576175628141,28.3527437641239,0 -13.8576220501366,28.3527465382239,0 -13.8576263849158,28.3527495451132,0 -13.8576305550872,28.3527527764231,0 -13.8576345490446,28.3527562231604,0 -13.8576383556722,28.3527598757322,0 -13.8576419643754,28.3527637239727,0 -13.8576453651106,28.3527677571716,0 -13.857648548413,28.352771964104,0 -13.8576515054229,28.3527763330611,0 -13.8576542279104,28.3527808518834,0 -13.8576567082985,28.3527855079944,0 -13.8576589396837,28.3527902884351,0 -13.8576609158557,28.3527951799009,0 -13.8576626313146,28.352800168778,0 -13.8576640812859,28.3528052411815,0 -13.8576652617341,28.352810382994,0 -13.8576661693738,28.352815579905,0 -13.8576668016789,28.3528208174506,0 -13.8576671568895,28.3528260810539,0 -13.8576672340172,28.3528313560653,0 -13.8529036505262,28.7578566887829,0</coordinates></LinearRing></outerBoundaryIs></Polygon></MultiGeometry>
  </Placemark>
  <Placemark>
	<Style><LineStyle><color>ff0000ff</color></LineStyle><PolyStyle><fill>0</fill></PolyStyle></Style>
      <MultiGeometry><Polygon><outerBoundaryIs><LinearRing><coordinates>-9.28563704000395,42.9948499987684,0 -9.2856376817881,42.9948511448939,0 -9.3234710835716,43.0583829512185,0 -9.32347366716553,43.0583875627739,0 -9.32347600347005,43.0583923044067,0 -9.32347808595721,43.0583971628682,0 -9.32347990880824,43.0584021245831,0 -9.32348146692985,43.0584071756877,0 -9.32348275596842,43.0584123020685,0 -9.3234837723222,43.0584174894017,0 -9.32348451315135,43.0584227231932,0 -9.3234849763859,43.0584279888189,0 -9.3234851607315,43.0584332715661,0 -9.32348506567307,43.0584385566739,0 -9.32348469147621,43.058443829375,0 -9.32348403918648,43.0584490749368,0 -9.32348311062647,43.0584542787025,0 -9.3234819083907,43.058459426132,0 -9.3234804358384,43.0584645028425,0 -9.32347869708407,43.0584694946492,0 -9.32347669698604,43.0584743876042,0 -9.32347444113287,43.0584791680359,0 -9.32347193582773,43.0584838225871,0 -9.32346918807078,43.0584883382524,0 -9.32346620553965,43.0584927024142,0 -9.32346299656795,43.0584969028787,0 -9.32345957012198,43.058500927909,0 -9.32345593577573,43.0585047662586,0 -9.32345210368407,43.0585084072027,0 -9.32344808455439,43.0585118405681,0 -9.32344388961671,43.0585150567612,0 -9.32343953059227,43.0585180467958,0 -9.32343501966079,43.0585208023172,0 -9.32343036942646,43.058523315626,0 -9.32342559288267,43.0585255796998,0 -9.32342070337576,43.0585275882124,0 -9.3234157145677,43.0585293355518,0 -9.32341064039791,43.0585308168356,0 -9.27606328398743,43.0710046617285,0 -9.27606202205305,43.0710050302869,0 -9.27606128384376,43.071006118111,0 -9.19094017651132,43.2039028864114,0 -9.19093716047633,43.2039073280348,0 -9.19093391041022,43.2039116013889,0 -9.19093043568116,43.2039156941561,0 -9.19092674630486,43.2039195945392,0 -9.19092285291577,43.2039232912954,0 -9.19091876673636,43.2039267737692,0 -9.19091449954486,43.2039300319223,0 -9.19091006364122,43.2039330563635,0 -9.1909054718117,43.2039358383748,0 -9.19090073729201,43.2039383699373,0 -9.19089587372917,43.2039406437539,0 -9.19089089514214,43.2039426532704,0 -9.19088581588144,43.2039443926945,0 -9.19088065058779,43.2039458570124,0 -9.19087541414987,43.2039470420033,0 -9.19087012166145,43.2039479442515,0 -9.19086478837785,43.2039485611562,0 -9.190859429672,43.2039488909394,0 -9.19085406099007,43.2039489326504,0 -9.06989827544355,43.2016410243362,0 -9.06989701330795,43.2016410324567,0 -9.06989610876964,43.2016419127193,0 -9.02310546047987,43.2495607568471,0 -9.02310179342333,43.2495643249653,0 -9.02309794866303,43.2495677008488,0 -9.02309393626409,43.2495708756599,0 -9.02308976673046,43.2495738410875,0 -9.02308545097748,43.2495765893683,0 -9.02308100030326,43.2495791133076,0 -9.02307642635912,43.2495814062983,0 -9.02307174111907,43.2495834623374,0 -9.0230669568485,43.2495852760425,0 -9.02306208607205,43.2495868426655,0 -9.02305714154081,43.2495881581053,0 -9.02305213619894,43.2495892189182,0 -9.02304708314983,43.249590022327,0 -9.02304199562174,43.2495905662287,0 -9.02303688693318,43.2495908491992,0 -9.02303177045808,43.2495908704978,0 -9.02302665959074,43.2495906300688,0 -8.98400729279743,43.2467530940138,0 -8.98400605520524,43.2467530362126,0 -8.98400660118121,43.2467541483666,0 -9.0059983514807,43.2887624316558,0 -9.00600068566247,43.2887671935658,0 -9.00600276411591,43.2887720725229,0 -9.00600458099553,43.2887770548055,0 -9.00600613119151,43.2887821264013,0 -9.00600741034403,43.2887872730468,0 -9.0060084148556,43.2887924802675,0 -9.0060091419011,43.2887977334186,0 -9.00600958943578,43.2888030177259,0 -9.00600975620098,43.2888083183278,0 -9.00600964172769,43.2888136203168,0 -9.00600924633785,43.2888189087814,0 -9.00600857114347,43.2888241688483,0 -9.00600761804347,43.288829385724,0 -9.00600638971838,43.2888345447364,0 -9.00600488962276,43.2888396313762,0 -9.0060031219755,43.2888446313376,0 -9.00600109174797,43.2888495305587,0 -9.00599880465002,43.2888543152608,0 -9.00599626711394,43.2888589719873,0 -9.00599348627632,43.2888634876416,0 -9.00599046995806,43.2888678495237,0 -9.00598722664231,43.2888720453662,0 -9.00598376545063,43.2888760633686,0 -9.00598009611734,43.2888798922306,0 -9.00597622896214,43.2888835211839,0 -9.0059721748611,43.2888869400223,0 -9.00596794521604,43.2888901391306,0 -9.00596355192251,43.2888931095116,0 -9.00595900733628,43.2888958428113,0 -9.00595432423864,43.2888983313426,0 -9.00594951580041,43.2889005681066,0 -9.00594459554495,43.2889025468126,0 -8.86744625170494,43.3403775347851,0 -8.86744502837328,43.3403780270191,0 -8.86744459650328,43.3403792729419,0 -8.8559007612017,43.376797490961,0 -8.85589904258499,43.3768024560155,0 -8.8558970655623,43.3768073239504,0 -8.85589483559126,43.3768120813276,0 -8.85589235882781,43.3768167150142,0 -8.85588964210916,43.3768212122188,0 -8.85588669293492,43.3768255605265,0 -8.8558835194464,43.3768297479338,0 -8.85588013040414,43.376833762881,0 -8.85587653516375,43.3768375942849,0 -8.85587274365002,43.3768412315685,0 -8.85586876632959,43.3768446646912,0 -8.855864614182,43.3768478841755,0 -8.85586029866944,43.376850881134,0 -8.85585583170506,43.3768536472935,0 -8.85585122562008,43.3768561750178,0 -8.8558464931298,43.376858457329,0 -8.85584164729845,43.3768604879268,0 -8.85583670150315,43.3768622612056,0 -8.85583166939696,43.3768637722702,0 -8.85582656487122,43.3768650169493,0 -8.85582140201718,43.3768659918067,0 -8.85581619508712,43.3768666941515,0 -8.85581095845497,43.3768671220448,0 -8.85580570657667,43.3768672743053,0 -8.85580045395025,43.3768671505127,0 -8.85579521507579,43.3768667510088,0 -8.85579000441543,43.3768660768964,0 -8.85578483635341,43.3768651300364,0 -8.85577972515637,43.3768639130427,0 -8.85577468493398,43.3768624292748,0 -8.85576972959998,43.3768606828287,0 -8.85576487283377,43.3768586785256,0 -8.70534815155899,43.310107511033,0 -8.70534699540993,43.3101070324516,0 -8.7053457518854,43.3101071716158,0 -8.54806827281722,43.3317328249876,0 -8.54806702484263,43.3317330293795,0 -8.54806661590447,43.3317342260357,0 -8.53797185440439,43.3639567766425,0 -8.53797020442302,43.3639616075429,0 -8.53796831005914,43.3639663479461,0 -8.53796617624946,43.3639709854987,0 -8.5379638085547,43.363975508115,0 -8.53796121314508,43.3639799040093,0 -8.53795839678424,43.3639841617257,0 -8.53795536681165,43.3639882701686,0 -8.5379521311234,43.3639922186314,0 -8.53794869815173,43.3639959968245,0 -8.53794507684296,43.3639995949018,0 -8.53794127663425,43.3640030034867,0 -8.53793730742894,43.3640062136964,0 -8.53793317957081,43.3640092171651,0 -8.53792890381706,43.3640120060658,0 -8.53792449131033,43.3640145731306,0 -8.53791995354963,43.3640169116697,0 -8.53791530236038,43.3640190155888,0 -8.45861295015079,43.3974793797583,0 -8.45860854865548,43.3974811154155,0 -8.45860406998966,43.3974826409381,0 -8.45859952417914,43.3974839529112,0 -8.45859492140002,43.3974850483979,0 -8.4585902719559,43.3974859249457,0 -8.31263528530302,43.4214417890408,0 -8.31263408548458,43.4214420182099,0 -8.3126350877442,43.4214427164638,0 -8.37117744392711,43.4600027722401,0 -8.37118167998815,43.460005721931,0 -8.37118575819727,43.4600088862793,0 -8.37118966768812,43.4600122568535,0 -8.37119339804391,43.4600158246729,0 -8.37119693932515,43.460019580231,0 -8.37120028209612,43.4600235135212,0 -8.37120341745007,43.4600276140633,0 -8.37120633703286,43.4600318709314,0 -8.3712090330653,43.4600362727831,0 -8.37121149836385,43.4600408078898,0 -8.37121372635975,43.4600454641677,0 -8.37121571111652,43.4600502292102,0 -8.37121744734579,43.4600550903209,0 -8.37121893042142,43.4600600345475,0 -8.37122015639175,43.460065048716,0 -8.37122112199021,43.4600701194664,0 -8.37122182464397,43.4600752332876,0 -8.37122226248081,43.4600803765539,0 -8.37122243433412,43.4600855355612,0 -8.37122233974601,43.4600906965633,0 -8.37122197896849,43.4600958458088,0 -8.37122135296287,43.4601009695776,0 -8.37122046339712,43.4601060542174,0 -8.37121931264148,43.4601110861803,0 -8.34232969612336,43.5729528795845,0 -8.34232828666298,43.5729578473263,0 -8.34232662264204,43.572962735687,0 -8.34232470849766,43.572967531632,0 -8.34232254933392,43.5729722223727,0 -8.34232015090823,43.5729767954013,0 -8.342317519616,43.5729812385239,0 -8.34231466247358,43.5729855398927,0 -8.34231158709956,43.5729896880382,0 -8.34230830169443,43.5729936718994,0 -8.34230481501873,43.5729974808532,0 -8.3423011363697,43.5730011047431,0 -8.34229727555647,43.5730045339059,0 -8.34229324287391,43.5730077591979,0 -8.34228904907519,43.5730107720186,0 -8.34228470534308,43.5730135643345,0 -8.34228022326017,43.5730161286998,0 -8.34227561477793,43.5730184582766,0 -8.34227089218492,43.5730205468531,0 -8.34226606807393,43.5730223888601,0 -8.34226115530848,43.5730239793859,0 -8.34225616698848,43.5730253141893,0 -8.34225111641529,43.5730263897111,0 -8.3422460170563,43.5730272030834,0 -8.34224088250896,43.5730277521374,0 -8.25956327523893,43.5797148968559,0 -8.25956201198707,43.5797150316389,0 -8.25956097656327,43.5797157677569,0 -8.07130681482282,43.7209393866367,0 -8.07130249708026,43.7209424504973,0 -8.07129802323438,43.7209452815476,0 -8.07129340582544,43.7209478718521,0 -8.0712886577961,43.7209502141501,0 -8.07128379245516,43.7209523018762,0 -8.07127882344023,43.7209541291784,0 -7.86391509088297,43.7910362559794,0 -7.86391003790983,43.7910378161153,0 -7.86390490952593,43.7910391069446,0 -7.86389972007359,43.7910401248573,0 -7.86389448406592,43.7910408670065,0 -7.86388921614625,43.7910413313168,0 -7.86388393104712,43.7910415164896,0 -7.86387864354915,43.7910414220071,0 -7.86387336843965,43.7910410481335,0 -7.86386812047128,43.7910403959144,0 -7.86386291432081,43.7910394671738,0 -7.86385776454806,43.7910382645091,0 -7.86385268555516,43.7910367912838,0 -7.86384769154631,43.7910350516179,0 -7.86384279648804,43.7910330503768,0 -7.86383801407014,43.791030793157,0 -7.8638333576674,43.7910282862715,0 -7.86382884030217,43.791025536731,0 -7.86382447460796,43.791022552225,0 -7.86382027279412,43.7910193411003,0 -7.86381624661168,43.7910159123371,0 -7.8638124073205,43.7910122755246,0 -7.86380876565774,43.7910084408338,0 -7.86380533180788,43.7910044189888,0 -7.86380211537423,43.7910002212375,0 -7.86379912535204,43.7909958593194,0 -7.86379637010337,43.7909913454334,0 -7.86379385733371,43.7909866922033,0 -7.83440259516421,43.732938175465,0 -7.8344019852587,43.7329370457642,0 -7.83440083064997,43.7329376070903,0 -7.69052869674443,43.8076315648056,0 -7.6905240505891,43.8076338265144,0 -7.6905192938042,43.8076358451981,0 -7.69051443909134,43.8076376154663,0 -7.69050949941363,43.807639132592,0 -7.69050448796102,43.8076403925242,0 -7.69049941811515,43.8076413918985,0 -7.69049430341356,43.8076421280466,0 -7.69048915751356,43.8076425990026,0 -7.6904839941558,43.8076428035091,0 -7.6904788271275,43.8076427410199,0 -7.69047367022571,43.807642411702,0 -7.69046853722045,43.8076418164346,0 -7.69046344181789,43.8076409568073,0 -7.69045839762383,43.8076398351154,0 -7.69045341810733,43.8076384543542,0 -7.69044851656472,43.8076368182104,0 -7.69044370608415,43.807634931053,0 -7.6904389995106,43.8076327979211,0 -7.69043440941162,43.8076304245106,0 -7.69042994804371,43.8076278171589,0 -7.69042562731967,43.8076249828283,0 -7.69042145877673,43.8076219290869,0 -7.58764403530023,43.7281698003393,0 -7.58764299384532,43.7281690379311,0 -7.58764176475359,43.7281694319212,0 -7.51698447389088,43.7528757430334,0 -7.51697926495971,43.7528774060409,0 -7.51697397291697,43.7528787818467,0 -7.5169686135851,43.7528798663373,0 -7.51696320298773,43.7528806562702,0 -7.51695775730176,43.7528811492836,0 -7.51695229280901,43.7528813439036,0 -7.51694682584753,43.7528812395481,0 -7.51694137276274,43.7528808365293,0 -7.51693594985857,43.752880136052,0 -7.51693057334874,43.7528791402107,0 -7.4276690290959,43.733808133891,0 -7.42766382547175,43.733806875581,0 -7.42765869664544,43.7338053405928,0 -7.42765365731671,43.7338035333257,0 -7.4276487219288,43.7338014589597,0 -7.42764390462706,43.73379912344,0 -7.42763921921838,43.7337965334605,0 -7.42763467913163,43.7337936964444,0 -7.42763029737918,43.7337906205228,0 -7.42762608651958,43.7337873145116,0 -7.27370698943797,43.6061378205691,0 -7.27370598429234,43.6061370296834,0 -7.2737047650098,43.6061366434604,0 -7.1559372709009,43.5721373669069,0 -7.15593599660784,43.5721370352728,0 -7.15593468246789,43.5721371179789,0 -6.93069340567267,43.5923064264018,0 -6.93068699481865,43.5923067934701,0 -6.93068057362322,43.5923067483302,0 -6.3546963093559,43.569750051277,0 -6.35469500592532,43.5697500344145,0 -6.35469378318771,43.5697504862207,0 -6.24806823141371,43.6123565203771,0 -6.24806315832199,43.6123583901138,0 -6.24805799159142,43.6123599829323,0 -6.24805274632549,43.6123612941762,0 -6.24804743785726,43.6123623200125,0 -6.24804208170452,43.6123630574425,0 -6.24803669352448,43.6123635043106,0 -6.24803128906796,43.6123636593104,0 -6.24802588413336,43.6123635219888,0 -6.24802049452049,43.6123630927474,0 -6.24801513598435,43.6123623728407,0 -6.2480098241891,43.6123613643733,0 -6.24800457466229,43.6123600702931,0 -6.11332524013542,43.5752703415245,0 -6.11332400227958,43.5752700346527,0 -6.1133228152912,43.5752705010393,0 -6.03124868911943,43.6099814438221,0 -6.03124385192989,43.6099833429705,0 -6.03123892261304,43.6099849882675,0 -6.03123391448059,43.6099863752702,0 -6.03122884105707,43.6099875002328,0 -6.03122371604336,43.6099883601174,0 -6.03121855327965,43.6099889526018,0 -6.03121336670805,43.6099892760861,0 -6.03120817033499,43.6099893296966,0 -6.03120297819337,43.6099891132886,0 -6.03119780430465,43.6099886274465,0 -6.03119266264101,43.6099878734824,0 -6.03118756708758,43.6099868534322,0 -5.97037829421567,43.5961612942521,0 -5.9703770087261,43.596161037662,0 -5.97037596706534,43.5961618334413,0 -5.86365577704698,43.6822708708625,0 -5.86365163006784,43.6822740418373,0 -5.86364732325849,43.6822769920763,0 -5.86364286835607,43.6822797135394,0 -5.86363827750133,43.6822821988099,0 -5.86363356320548,43.6822844411149,0 -5.86362873831617,43.6822864343434,0 -5.86362381598245,43.6822881730635,0 -5.86361880961891,43.6822896525368,0 -5.86361373286914,43.6822908687311,0 -5.86360859956858,43.6822918183322,0 -5.86360342370675,43.6822924987521,0 -5.86359821938919,43.6822929081365,0 -5.86359300079896,43.6822930453698,0 -5.86358778215805,43.6822929100779,0 -5.86358257768855,43.6822925026295,0 -5.86357740157397,43.6822918241351,0 -5.86357226792051,43.6822908764436,0 -5.86356719071867,43.6822896621379,0 -5.86356218380511,43.6822881845272,0 -5.86355726082492,43.6822864476383,0 -5.76968346793603,43.6463847401241,0 -5.76967854819628,43.6463827068886,0 -5.76967374362486,43.6463804147325,0 -5.7696690678369,43.6463778701515,0 -5.7696645340826,43.6463750803562,0 -5.76966015520966,43.6463720532523,0 -5.76965594362687,43.6463687974181,0 -5.76965191126899,43.6463653220799,0 -5.76964806956284,43.646361637086,0 -5.76964442939503,43.646357752879,0 -5.76964100108101,43.6463536804659,0 -5.72457482035013,43.5898330288585,0 -5.7245739864556,43.5898320376838,0 -5.72457271237735,43.5898322712058,0 -5.66772692300397,43.6018054280719,0 -5.66772177118434,43.6018063729948,0 -5.66771657695567,43.6018070468741,0 -5.66771135456789,43.6018074478612,0 -5.66770611834816,43.601807574856,0 -5.66770088266158,43.60180742751,0 -5.66769566187181,43.6018070062276,0 -5.66769047030162,43.6018063121644,0 -5.66768532219363,43.6018053472245,0 -5.66768023167123,43.6018041140552,0 -5.66767521269981,43.6018026160396,0 -5.6676702790485,43.6018008572874,0 -5.66766544425232,43.6017988426235,0 -5.66766072157512,43.601796577575,0 -5.66765612397315,43.6017940683558,0 -5.66765166405953,43.6017913218498,0 -5.66764735406964,43.6017883455917,0 -5.66764320582756,43.6017851477467,0 -5.66763923071363,43.6017817370879,0 -5.66763543963323,43.6017781229719,0 -5.66763184298685,43.6017743153139,0 -5.66762845064158,43.6017703245598,0 -5.66762527190402,43.6017661616579,0 -5.66762231549477,43.6017618380287,0 -5.66761958952446,43.6017573655338,0 -5.66761710147157,43.601752756443,0 -5.66761485816184,43.6017480234011,0 -5.6676128657496,43.6017431793926,0 -5.66761112970085,43.6017382377067,0 -5.66760965477831,43.6017332119005,0 -5.65795334060664,43.5653262841795,0 -5.65795297350966,43.5653250350437,0 -5.65795167160949,43.5653250225459,0 -5.43662562712663,43.569081450341,0 -5.43661997335393,43.5690813864298,0 -5.43661433223075,43.5690810030766,0 -5.43660872179132,43.569080301507,0 -5.27015474688106,43.543467473639,0 -5.27014967576316,43.5434665590027,0 -5.2701446584929,43.5434653843557,0 -5.27013970839254,43.5434639528171,0 -5.27013483860596,43.5434622681881,0 -5.27013006206383,43.5434603349417,0 -5.27012539144919,43.5434581582113,0 -5.27012083916384,43.5434557437767,0 -5.27011641729536,43.5434530980489,0 -5.27011213758504,43.5434502280531,0 -5.27010801139673,43.5434471414098,0 -5.20765005363499,43.4941648313683,0 -5.20764898895683,43.4941640367045,0 -5.20764766254593,43.4941641119676,0 -5.1411003834112,43.4997352475283,0 -5.14109509548211,43.4997355494602,0 -5.14108979898389,43.4997355709894,0 -5.14108450877499,43.4997353120555,0 -5.14107923969623,43.499734773385,0 -5.14107400652914,43.499733956489,0 -5.14106882395451,43.4997328636591,0 -5.1410637065112,43.4997314979611,0 -5.14105866855536,43.4997298632263,0 -5.14105372422015,43.4997279640406,0 -5.14104888737609,43.4997258057319,0 -5.14104417159215,43.499723394355,0 -5.14103959009768,43.4997207366745,0 -5.14103515574531,43.4997178401462,0 -5.1410308809749,43.4997147128959,0 -5.14102677777861,43.4997113636964,0 -5.14102285766728,43.4997078019434,0 -5.14101913163813,43.4997040376289,0 -5.14101561014394,43.499700081313,0 -5.14101230306368,43.4996959440945,0 -5.14100921967481,43.4996916375797,0 -5.14100636862727,43.4996871738497,0 -5.14100375791922,43.499682565427,0 -5.14100139487457,43.4996778252395,0 -5.14099928612244,43.4996729665853,0 -5.14099743757859,43.4996680030943,0 -5.14099585442882,43.4996629486909,0 -5.14099454111439,43.4996578175544,0 -5.14099350131958,43.4996526240793,0 -5.14099273796137,43.499647382835,0 -5.14099225318124,43.4996421085251,0 -5.14099204833915,43.4996368159457,0 -5.14099212400976,43.4996315199443,0 -5.14099247998079,43.4996262353779,0 -5.14099311525362,43.4996209770716,0 -5.14099402804609,43.4996157597766,0 -5.14099521579751,43.4996105981293,0 -5.15102800966178,43.4607504288735,0 -5.15102943649161,43.4607454407083,0 -5.15103112011103,43.4607405332587,0 -5.15103305598813,43.4607357197345,0 -5.151035238912,43.4607310130925,0 -5.15103766300672,43.4607264260018,0 -5.1510403217472,43.4607219708099,0 -5.15104320797673,43.4607176595091,0 -5.15104631392628,43.4607135037044,0 -5.15104963123535,43.4607095145821,0 -5.15105315097454,43.4607057028802,0 -5.15105686366954,43.4607020788588,0 -5.15106075932666,43.4606986522728,0 -5.1510648274597,43.4606954323459,0 -5.15106905711821,43.4606924277453,0 -5.15107343691696,43.4606896465588,0 -5.15107795506655,43.4606870962726,0 -5.15108259940521,43.4606847837514,0 -5.15108735743146,43.4606827152201,0 -5.15109221633783,43.4606808962466,0 -5.15109716304529,43.4606793317272,0 -5.15110218423848,43.4606780258732,0 -5.15110726640152,43.4606769821996,0 -5.15111239585443,43.4606762035158,0 -5.15111755878995,43.4606756919179,0 -5.15112274131067,43.4606754487828,0 -5.15112792946647,43.4606754747651,0 -5.23615198736555,43.4633079778674,0 -5.23615729467831,43.4633082835645,0 -5.23616257824612,43.4633088708725,0 -5.23616782313707,43.4633097381316,0 -5.23617301452857,43.4633108828908,0 -5.23617813774922,43.463312301915,0 -5.23618317832027,43.4633139911938,0 -5.23618812199656,43.4633159459532,0 -5.23619295480675,43.4633181606688,0 -5.23619766309283,43.4633206290816,0 -5.2362022335487,43.4633233442156,0 -5.23620665325779,43.4633262983975,0 -5.23621090972954,43.4633294832786,0 -5.30328297931126,43.516354193081,0 -5.30328400658903,43.5163549626379,0 -5.30328523513926,43.5163545909095,0 -5.42645050287775,43.4755610245108,0 -5.42645558896385,43.4755594886243,0 -5.42646074944341,43.4755582250303,0 -5.42646596974984,43.4755572372956,0 -5.42647123514766,43.4755565282083,0 -5.42647653077413,43.4755560997698,0 -5.42648184168114,43.4755559531897,0 -5.42648715287751,43.4755560888816,0 -5.42649244937118,43.4755565064625,0 -5.42649771621165,43.4755572047537,0 -5.42650293853207,43.4755581817842,0 -5.42650810159129,43.475559434796,0 -5.42651319081543,43.4755609602522,0 -5.42651819183903,43.475562753847,0 -5.42652309054559,43.4755648105174,0 -5.42652787310742,43.475567124458,0 -5.42653252602467,43.4755696891374,0 -5.42653703616347,43.475572497316,0 -5.42654139079293,43.4755755410672,0 -5.42654557762116,43.4755788117993,0 -5.42654958482989,43.47558230028,0 -5.4265534011079,43.4755859966621,0 -5.4265570156829,43.475589890512,0 -5.42656041835193,43.4755939708383,0 -5.44895123697132,43.5039423998898,0 -5.44895437163248,43.5039465894604,0 -5.44895728286008,43.5039509372595,0 -5.44895996268357,43.5039554313833,0 -5.44896240376599,43.5039600595275,0 -5.44896459942398,43.5039648090211,0 -5.44896654364615,43.5039696668604,0 -5.44896823110948,43.5039746197454,0 -5.44896965719393,43.5039796541159,0 -5.44897081799509,43.5039847561883,0 -5.44897171033485,43.503989911994,0 -5.44897233177009,43.5039951074171,0 -5.44897268059942,43.5040003282332,0 -5.4489727558678,43.5040055601485,0 -5.44897255736915,43.5040107888387,0 -5.44897208564692,43.5040159999883,0 -5.44897134199264,43.5040211793301,0 -5.44897032844232,43.5040263126836,0 -5.44896904777092,43.5040313859945,0 -5.44896750348473,43.5040363853727,0 -5.44896569981181,43.5040412971308,0 -5.44896364169035,43.5040461078208,0 -5.44896133475521,43.5040508042719,0 -5.44895878532244,43.5040553736258,0 -5.44895600037205,43.5040598033723,0 -5.44895298752883,43.5040640813834,0 -5.44894975504153,43.5040681959463,0 -5.44894631176024,43.5040721357962,0 -5.4489426671122,43.5040758901461,0 -5.4173039323053,43.5350050886028,0 -5.41730308079039,43.5350059655878,0 -5.41730430314057,43.5350059592216,0 -5.69522968218403,43.5263090113015,0 -5.69523489363055,43.526308984089,0 -5.69524009941764,43.5263092284166,0 -5.69524528540645,43.5263097436209,0 -5.69525043751186,43.5263105283024,0 -5.69525554174081,43.5263115803301,0 -5.69526058423024,43.5263128968465,0 -5.69526555128481,43.5263144742761,0 -5.69527042941403,43.5263163083346,0 -5.69527520536895,43.5263183940407,0 -5.6952798661781,43.5263207257297,0 -5.69528439918279,43.5263232970686,0 -5.69528879207139,43.5263261010738,0 -5.84291792444443,43.6260662733406,0 -5.84291900380308,43.6260669624556,0 -5.84292019942704,43.6260665037861,0 -5.89425579233388,43.6048284996225,0 -5.89425696589641,43.6048279777843,0 -5.8942569689184,43.6048266934342,0 -5.89270365922223,43.5395307847474,0 -5.89270367236808,43.5395255283297,0 -5.89270396170046,43.5395202798644,0 -5.89270452641996,43.5395150538533,0 -5.89270536496623,43.5395098647357,0 -5.89270647502238,43.5395047268494,0 -5.89270785352131,43.5394996543903,0 -5.8927094966542,43.5394946613737,0 -5.89271139988107,43.5394897615953,0 -5.89271355794329,43.5394849685933,0 -5.89271596487809,43.5394802956108,0 -5.89271861403511,43.5394757555593,0 -5.89272149809468,43.5394713609829,0 -5.89272460908813,43.5394671240241,0 -5.89272793841975,43.5394630563894,0 -5.89273147689057,43.5394591693179,0 -5.89273521472374,43.5394554735495,0 -5.89273914159161,43.5394519792958,0 -5.89274324664419,43.5394486962112,0 -5.89274751853919,43.5394456333672,0 -5.89275194547331,43.5394427992262,0 -5.89275651521489,43.5394402016191,0 -5.8927612151377,43.5394378477231,0 -5.89276603225579,43.5394357440421,0 -5.89277095325942,43.5394338963885,0 -5.8927759645518,43.5394323098673,0 -5.8927810522867,43.5394309888623,0 -5.89278620240664,43.5394299370233,0 -5.89279140068178,43.5394291572565,0 -5.89279663274925,43.5394286517166,0 -5.89280188415279,43.5394284218002,0 -5.89280714038272,43.5394284681427,0 -5.89281238691602,43.539428790616,0 -6.05014469612397,43.5532578853927,0 -6.05014597860849,43.5532579643593,0 -6.05014651211271,43.5532567954386,0 -6.08710435537738,43.4663267283393,0 -6.08710650776107,43.4663220094094,0 -6.08710890192047,43.4663174084252,0 -6.08711153141503,43.4663129377638,0 -6.08711438917114,43.4663086094517,0 -6.08711746750112,43.4663044351327,0 -6.08712075812395,43.466300426036,0 -6.08712425218751,43.4662965929466,0 -6.08712794029239,43.4662929461757,0 -6.0871318125172,43.4662894955338,0 -6.08713585844525,43.4662862503033,0 -6.08714006719257,43.4662832192142,0 -6.08714442743719,43.4662804104206,0 -6.08714892744958,43.4662778314782,0 -6.08715355512423,43.4662754893249,0 -6.08715829801222,43.4662733902612,0 -6.08716314335467,43.4662715399338,0 -6.08716807811711,43.4662699433203,0 -6.0871730890245,43.4662686047158,0 -6.08717816259696,43.4662675277212,0 -6.08718328518607,43.4662667152338,0 -6.0871884430115,43.4662661694393,0 -6.08719362219817,43.4662658918058,0 -6.08719880881352,43.4662658830803,0 -6.08720398890501,43.4662661432862,0 -6.08720914853764,43.4662666717236,0 -6.11990190671626,43.4704742761649,0 -6.11990714939249,43.4704750928288,0 -6.11991234137285,43.4704761864164,0 -6.11991746804055,43.4704775538491,0 -6.11992251496271,43.4704791912772,0 -6.11992746793092,43.4704810940909,0 -6.1199323130013,43.4704832569332,0 -6.11993703653371,43.4704856737153,0 -6.11994162523019,43.4704883376332,0 -6.11994606617237,43.4704912411873,0 -6.11995034685783,43.4704943762034,0 -6.11995445523535,43.4704977338556,0 -6.11995837973878,43.4705013046912,0 -6.1199621093196,43.4705050786574,0 -6.1199656334781,43.4705090451295,0 -6.11996894229285,43.4705131929408,0 -6.11997202644868,43.4705175104142,0 -6.11997487726289,43.4705219853949,0 -6.1199774867097,43.4705266052847,0 -6.11997984744283,43.4705313570773,0 -6.11998195281622,43.4705362273952,0 -6.11998379690269,43.4705412025273,0 -6.11998537451065,43.4705462684672,0 -6.11998668119874,43.470551410953,0 -6.11998771328828,43.4705566155073,0 -6.11998846787369,43.4705618674778,0 -6.11998894283059,43.470567152079,0 -6.11998913682187,43.4705724544334,0 -6.1199890493014,43.4705777596133,0 -6.11709705710707,43.5377476736212,0 -6.11709703569406,43.5377489730177,0 -6.11709829167363,43.5377493067916,0 -6.23785878668731,43.5664317118203,0 -6.23785999948305,43.5664319681053,0 -6.23786120333628,43.5664316726512,0 -6.35959867775872,43.5333148961418,0 -6.3596034469883,43.5333137237307,0 -6.3596082680285,43.5333127868903,0 -6.35961312925094,43.5333120878804,0 -6.3596180189303,43.5333116283869,0 -6.35962292527262,43.5333114095181,0 -6.35962783644376,43.5333114318019,0 -6.69959768192936,43.5432059616387,0 -6.69959897597266,43.5432059651648,0 -6.69959943238121,43.5432047542761,0 -6.71815939633465,43.4897320526212,0 -6.71816126208356,43.4897271037833,0 -6.7181633868685,43.489722260509,0 -6.71816576474602,43.4897175363461,0 -6.71816838906472,43.489712944509,0 -6.71817125248384,43.489708497842,0 -6.71817434699384,43.4897042087833,0 -6.71817766393873,43.4897000893303,0 -6.71818119404037,43.4896961510059,0 -6.71818492742433,43.4896924048264,0 -6.71818885364759,43.4896888612707,0 -6.71819296172772,43.4896855302507,0 -6.71819724017359,43.489682421084,0 -6.71820167701751,43.4896795424676,0 -6.71820625984875,43.4896769024535,0 -6.7182109758482,43.4896745084264,0 -6.71821581182425,43.4896723670829,0 -6.71822075424971,43.4896704844127,0 -6.71822578929962,43.489668865682,0 -6.71823090288993,43.4896675154188,0 -6.71823608071689,43.4896664374001,0 -6.71824130829708,43.4896656346411,0 -6.7182465710079,43.4896651093875,0 -6.71825185412849,43.4896648631085,0 -6.7182571428809,43.489664896493,0 -6.71826242247141,43.4896652094475,0 -6.71826767813195,43.4896658010967,0 -6.71827289516138,43.4896666697857,0 -6.71827805896661,43.4896678130844,0 -6.71828315510344,43.489669227795,0 -6.74956512436863,43.4992511281106,0 -6.74957003945639,43.4992527741369,0 -6.74957486265011,43.4992546726343,0 -6.74957958099107,43.4992568185021,0 -6.7495841818023,43.4992592059748,0 -6.74958865272255,43.499261828638,0 -6.74959298173958,43.4992646794452,0 -6.74959715722243,43.4992677507369,0 -6.7496011679526,43.4992710342615,0 -6.74960500315428,43.4992745211968,0 -6.74960865252324,43.4992782021745,0 -6.74961210625455,43.4992820673045,0 -6.74961535506888,43.4992861062023,0 -6.74961839023751,43.4992903080164,0 -6.74962120360568,43.4992946614575,0 -6.74962378761459,43.499299154829,0 -6.74962613532164,43.4993037760585,0 -6.74962824041915,43.4993085127297,0 -6.74963009725125,43.4993133521165,0 -6.74963170082908,43.4993182812167,0 -6.74963304684425,43.4993232867869,0 -6.74963413168034,43.4993283553785,0 -6.74963495242267,43.4993334733734,0 -6.74963550686612,43.4993386270209,0 -6.75321289316577,43.5432706880231,0 -6.7532130314119,43.5432719681692,0 -6.75321431327714,43.5432720894444,0 -6.93154678139876,43.5554179170038,0 -6.93154799689973,43.5554179700034,0 -6.93154917586749,43.5554176695263,0 -6.99150473852184,43.5385673545343,0 -6.99150597624677,43.5385669714108,0 -6.99150657966088,43.5385658248339,0 -7.02734478720807,43.465909814074,0 -7.02734719852633,43.4659052288756,0 -7.02734984406935,43.4659007747088,0 -7.02735271673688,43.4658964635279,0 -7.02735580881913,43.4658923069034,0 -7.0273591120174,43.4658883159911,0 -7.0273626174664,43.465884501502,0 -7.02736631575804,43.4658808736737,0 -7.02737019696666,43.4658774422426,0 -7.02737425067567,43.4658742164182,0 -7.02737846600553,43.4658712048581,0 -7.02738283164292,43.465868415645,0 -7.02738733587113,43.4658658562646,0 -7.09083963156712,43.4319546074878,0 -7.09084426154394,43.431952285163,0 -7.09084900556009,43.4319502056946,0 -7.09085385088744,43.4319483746619,0 -7.09085878452604,43.4319467969776,0 -7.09086379323899,43.4319454768744,0 -7.09086886358797,43.4319444178942,0 -7.09087398196931,43.4319436228783,0 -7.09087913465045,43.4319430939597,0 -7.0908843078068,43.4319428325574,0 -7.09088948755885,43.4319428393728,0 -7.0908946600094,43.4319431143877,0 -7.09089981128081,43.431943656864,0 -7.0909049275523,43.4319444653465,0 -7.09090999509696,43.4319455376659,0 -7.09091500031864,43.4319468709452,0 -7.09091992978839,43.4319484616073,0 -7.0909247702805,43.4319503053844,0 -7.09092950880798,43.4319523973297,0 -7.09093413265744,43.4319547318305,0 -7.09093862942313,43.4319573026234,0 -7.09094298704029,43.4319601028109,0 -7.09094719381749,43.4319631248803,0 -7.09095123846799,43.4319663607234,0 -7.09095511014005,43.4319698016583,0 -7.09095879844601,43.4319734384532,0 -7.0909622934902,43.4319772613505,0 -7.11459394572704,43.4592096237883,0 -7.11459729460556,43.4592136949274,0 -7.11460042429367,43.4592179368861,0 -7.11460332609424,43.4592223378763,0 -7.11460599194342,43.459226885668,0 -7.11460841443302,43.4592315676233,0 -7.11461058683115,43.4592363707315,0 -7.11461250310091,43.459241281645,0 -7.11461415791713,43.4592462867169,0 -7.11461554668122,43.4592513720384,0 -7.11461666553393,43.459256523478,0 -7.11461751136606,43.4592617267202,0 -7.1146180818271,43.4592669673057,0 -7.1146183753318,43.4592722306711,0 -7.11461839106452,43.4592775021903,0 -7.11461812898156,43.4592827672139,0 -7.11461758981122,43.459288011111,0 -7.1146167750518,43.4592932193092,0 -7.11461568696746,43.4592983773353,0 -7.11461432858188,43.4593034708557,0 -7.11461270366992,43.4593084857159,0 -7.11461081674706,43.4593134079799,0 -7.1146086730569,43.4593182239693,0 -7.11460627855658,43.4593229203008,0 -7.11460363990022,43.4593274839237,0 -7.06758268198936,43.5359188891225,0 -7.06758205537119,43.5359199721448,0 -7.06758329847197,43.5359201145817,0 -7.22166567658409,43.5495168832171,0 -7.22166699258064,43.5495169641817,0 -7.22166816813192,43.5495163671212,0 -7.27619378822853,43.5199750888468,0 -7.27619851256783,43.5199726889367,0 -7.27620335739998,43.5199705426487,0 -7.2762083091212,43.5199686560095,0 -7.27621335382758,43.5199670343166,0 -7.27621847735411,43.5199656821234,0 -7.27622366531446,43.5199646032268,0 -7.2762289031414,43.5199638006562,0 -7.27623417612764,43.5199632766652,0 -7.2762394694672,43.5199630327251,0 -7.27624476829693,43.5199630695208,0 -7.27625005773829,43.519963386949,0 -7.27625532293906,43.5199639841184,0 -7.27626054911513,43.5199648593522,0 -7.27626572159193,43.5199660101928,0 -7.27627082584569,43.5199674334089,0 -7.27627584754422,43.5199691250041,0 -7.27628077258709,43.5199710802287,0 -7.27628558714532,43.5199732935926,0 -7.27629027770012,43.5199757588808,0 -7.27629483108091,43.5199784691712,0 -7.27629923450227,43.5199814168535,0 -7.27630347559987,43.5199845936509,0 -7.27630754246513,43.5199879906433,0 -7.27631142367874,43.5199915982923,0 -7.27631510834265,43.519995406468,0 -7.27631858611072,43.5199994044775,0 -7.27632184721772,43.5200035810947,0 -7.27632488250683,43.5200079245922,0 -7.27632768345525,43.5200124227739,0 -7.27633024219824,43.5200170630093,0 -7.2763325515511,43.5200218322692,0 -7.27633460502941,43.520026717162,0 -7.27633639686722,43.5200317039714,0 -7.27633792203324,43.5200367786949,0 -7.27633917624496,43.5200419270833,0 -7.2763401559807,43.5200471346805,0 -7.27634085848944,43.5200523868641,0 -7.28149386503125,43.5682687371061,0 -7.28149403052334,43.5682699847984,0 -7.28149492660351,43.5682708686331,0 -7.37578299495425,43.6566600578322,0 -7.37578402044508,43.6566609674088,0 -7.37578528566378,43.656661494839,0 -7.49992477151461,43.7044415271684,0 -7.49992600370607,43.7044419645485,0 -7.49992729971485,43.7044417914636,0 -7.5538736744807,43.6957862126767,0 -7.55387497936097,43.6957859672122,0 -7.55387576494837,43.6957848967833,0 -7.59939237345818,43.6301403608723,0 -7.59939551674638,43.6301360754382,0 -7.59939888326963,43.6301319630512,0 -7.59940246351912,43.6301280353267,0 -7.59940624738236,43.6301243033587,0 -7.59941022417174,43.6301207776883,0 -7.59941438265475,43.6301174682737,0 -7.59941871108566,43.6301143844624,0 -7.59942319723873,43.6301115349648,0 -7.59942782844274,43.6301089278293,0 -7.59943259161674,43.6301065704199,0 -7.59943747330706,43.630104469395,0 -7.59944245972526,43.6301026306891,0 -7.5994475367871,43.6301010594956,0 -7.59945269015231,43.6300997602523,0 -7.59945790526511,43.6300987366292,0 -7.59946316739531,43.6300979915172,0 -7.5994684616799,43.6300975270212,0 -7.59947377316508,43.630097344453,0 -7.59947908684844,43.6300974443283,0 -7.59948438772138,43.630097826365,0 -7.59948966081147,43.630098489484,0 -7.59949489122476,43.6300994318124,0 -7.59950006418784,43.6301006506885,0 -7.59950516508957,43.6301021426695,0 -7.59951017952235,43.6301039035415,0 -7.6295775544584,43.6415686714973,0 -7.62958247782583,43.64157070053,0 -7.62958728620339,43.6415729887664,0 -7.62959196595619,43.6415755297178,0 -7.62959650381409,43.6415783161791,0 -7.62960088690929,43.6415813402487,0 -7.62960510281286,43.6415845933515,0 -7.62960913956997,43.6415880662628,0 -7.62961298573378,43.6415917491345,0 -7.62961663039791,43.6415956315235,0 -7.62962006322735,43.6415997024205,0 -7.6296232744878,43.641603950282,0 -7.62962625507323,43.6416083630624,0 -7.62962899653176,43.6416129282487,0 -7.62963149108955,43.6416176328956,0 -7.6296337316729,43.6416224636623,0 -7.62963571192831,43.6416274068504,0 -7.62963742624045,43.6416324484429,0 -7.65590161255868,43.7261957525478,0 -7.65590201807352,43.7261969471,0 -7.65590306974279,43.7261962504014,0 -7.70567890320506,43.6913169362474,0 -7.70568322003013,43.6913140750813,0 -7.70568767919399,43.6913114412423,0 -7.70569226873661,43.6913090417947,0 -7.70569697634826,43.6913068831741,0 -7.70570178940253,43.6913049711701,0 -7.70570669499021,43.6913033109112,0 -7.70571167995391,43.6913019068502,0 -7.70571673092332,43.691300762753,0 -7.70572183435112,43.6912998816883,0 -7.70572697654927,43.6912992660191,0 -7.70573214372575,43.6912989173968,0 -7.70573732202156,43.6912988367564,0 -7.70574249754786,43.6912990243143,0 -7.70574765642322,43.6912994795672,0 -7.70575278481092,43.6913002012943,0 -7.70575786895597,43.6913011875597,0 -7.70576289522205,43.6913024357182,0 -7.7057678501281,43.691303942422,0 -7.70577272038443,43.69130570363,0 -7.70577749292842,43.6913077146184,0 -7.70578215495949,43.6913099699935,0 -7.70578669397351,43.691312463706,0 -7.70579109779626,43.6913151890675,0 -7.70579535461614,43.6913181387683,0 -7.70579945301583,43.6913213048969,0 -7.70580338200292,43.6913246789614,0 -7.70580713103936,43.691328251912,0 -7.70581069006977,43.6913320141657,0 -7.70581404954838,43.6913359556316,0 -7.70581720046466,43.6913400657383,0 -7.70582013436745,43.6913443334619,0 -7.70582284338766,43.6913487473559,0 -7.70582532025936,43.6913532955815,0 -7.72565240273748,43.7301188322436,0 -7.72565301754064,43.7301199602971,0 -7.72565426550267,43.7301196552095,0 -7.77743670284437,43.7160113534145,0 -7.7774379839333,43.7160109670936,0 -7.77743907642437,43.7160101945033,0 -7.87312687522699,43.644406270603,0 -7.87313111829053,43.6444032643553,0 -7.87313551189247,43.6444004827415,0 -7.873140044152,43.6443979332834,0 -7.8731447028134,43.6443956228749,0 -7.87314947527912,43.6443935577637,0 -7.87315434864389,43.6443917435341,0 -7.87315930972959,43.644390185092,0 -7.87316434512089,43.6443888866515,0 -7.87316944120153,43.6443878517237,0 -7.87317458419114,43.6443870831074,0 -7.8731797601825,43.6443865828807,0 -7.87318495517916,43.6443863523965,0 -7.87319015513327,43.644386392278,0 -7.87319534598357,43.6443867024174,0 -7.87320051369343,43.6443872819759,0 -7.87320564428878,43.6443881293864,0 -7.87321072389592,43.6443892423575,0 -7.87321573877904,43.6443906178794,0 -7.87322067537732,43.6443922522327,0 -7.9267697964259,43.663679548546,0 -7.92677473496186,43.6636814766774,0 -7.92677956437184,43.663683663828,0 -7.9267842710819,43.6636861038502,0 -7.92678884186297,43.6636887898861,0 -7.92679326386804,43.6636917143859,0 -7.92679752466824,43.6636948691299,0 -7.92680161228784,43.6636982452511,0 -7.92680551523781,43.6637018332603,0 -7.92680922254821,43.6637056230726,0 -7.92681272379897,43.6637096040362,0 -7.92681600914918,43.6637137649619,0 -7.92681906936475,43.6637180941545,0 -7.92682189584441,43.6637225794461,0 -7.9268244806438,43.66372720823,0 -7.92682681649787,43.6637319674961,0 -7.92682889684129,43.6637368438677,0 -7.92683071582687,43.6637418236387,0 -7.92683226834201,43.6637468928127,0 -7.92683355002309,43.6637520371418,0 -7.9268345572677,43.6637572421669,0 -7.92683528724481,43.6637624932584,0 -7.92683573790268,43.6637677756571,0 -7.92683590797465,43.6637730745158,0 -7.92683579698271,43.6637783749411,0 -7.92683540523881,43.6637836620353,0 -7.92683473384403,43.663788920938,0 -7.92683378468544,43.663794136868,0 -7.92683256043083,43.6637992951651,0 -7.92683106452119,43.6638043813309,0 -7.92682930116104,43.6638093810698,0 -7.92682727530663,43.6638142803291,0 -7.89044553258643,43.7455898029014,0 -7.89044506891731,43.7455909232461,0 -7.89044613305269,43.74559034206,0 -7.98655404151294,43.6897824928706,0 -7.98655852295905,43.6897800414532,0 -7.98656312373878,43.6897778220767,0 -7.9865678318474,43.6897758405319,0 -7.98657263500014,43.6897741019894,0 -7.98657752066421,43.6897726109853,0 -7.98658247609157,43.6897713714103,0 -7.98658748835209,43.6897703864987,0 -7.98659254436739,43.6897696588204,0 -7.9865976309449,43.6897691902741,0 -7.98660273481233,43.6897689820824,0 -7.98660784265223,43.6897690347886,0 -8.04034470383671,43.6916969534975,0 -8.04034595948615,43.6916969659579,0 -8.04034573085064,43.6916957312367,0 -8.02658140652667,43.6268110517543,0 -8.02658045243234,43.6268058903741,0 -8.02657977047068,43.6268006860423,0 -8.0265793625205,43.6267954530968,0 -8.0265792297057,43.6267902059545,0 -8.0265793723922,43.6267849590714,0 -8.02657979018689,43.6267797269028,0 -8.02658048193874,43.6267745238632,0 -8.02658144574196,43.6267693642871,0 -8.02658267894127,43.6267642623893,0 -8.02658417813918,43.6267592322256,0 -8.02658593920537,43.6267542876541,0 -8.0265879572881,43.6267494422972,0 -8.0265902268275,43.6267447095039,0 -8.02659274157098,43.6267401023131,0 -8.02659549459037,43.6267356334177,0 -8.02659847830106,43.6267313151296,0 -8.02660168448289,43.6267271593457,0 -8.02660510430279,43.6267231775153,0 -8.02660872833911,43.6267193806084,0 -8.02661254660756,43.6267157790854,0 -8.02661654858877,43.6267123828687,0 -8.02662072325723,43.6267092013148,0 -8.02662505911166,43.6267062431891,0 -8.02662954420671,43.6267035166411,0 -8.0266341661859,43.6267010291826,0 -8.02663891231561,43.6266987876665,0 -8.02664376952017,43.6266967982682,0 -8.02664872441792,43.6266950664686,0 -8.02665376335805,43.6266935970388,0 -8.02665887245821,43.6266923940271,0 -8.02666403764275,43.6266914607478,0 -8.02666924468152,43.6266907997721,0 -8.02667447922905,43.626690412921,0 -8.11472175431119,43.6225030592425,0 -8.11472299066641,43.6225029694955,0 -8.11472406556243,43.6225023520592,0 -8.30228788465411,43.5084496782128,0 -8.30228895717965,43.5084489870585,0 -8.30228844699559,43.5084478175639,0 -8.28951856050392,43.4811431984716,0 -8.28951798088934,43.481142040033,0 -8.28951671567025,43.4811423177988,0 -8.12839339856247,43.5210112041801,0 -8.12838833132217,43.5210123193723,0 -8.12838321306019,43.521013170238,0 -8.1283780575552,43.5210137544866,0 -8.1283728786861,43.5210140705451,0 -8.12836769039472,43.5210141175628,0 -8.12836250664824,43.5210138954131,0 -8.12835734140159,43.521013404694,0 -8.12835220855993,43.5210126467266,0 -8.12834712194116,43.5210116235514,0 -8.12834209523875,43.5210103379227,0 -8.12833714198487,43.5210087933017,0 -8.12833227551398,43.5210069938464,0 -8.12832750892689,43.5210049444013,0 -8.12832285505553,43.5210026504833,0 -8.12831832642838,43.521000118268,0 -8.12831393523679,43.5209973545722,0 -8.12830969330208,43.520994366836,0 -8.1283056120438,43.5209911631024,0 -8.12830170244892,43.5209877519961,0 -8.1282979750423,43.5209841427,0 -8.12829443985833,43.5209803449306,0 -8.12829110641394,43.5209763689117,0 -8.12828798368295,43.5209722253469,0 -8.12828508007193,43.5209679253909,0 -8.12828240339757,43.5209634806196,0 -8.12827996086564,43.5209589029984,0 -8.12827775905156,43.5209542048506,0 -8.12827580388275,43.5209493988238,0 -8.12827410062264,43.5209444978562,0 -8.12827265385651,43.5209395151415,0 -8.12827146747912,43.5209344640934,0 -8.12827054468428,43.5209293583097,0 -8.12826988795621,43.5209242115353,0 -8.12826949906285,43.5209190376258,0 -8.12826937905112,43.5209138505095,0 -8.12826952824412,43.5209086641505,0 -8.12826994624019,43.5209034925108,0 -8.12827063191407,43.5208983495127,0 -8.12827158341989,43.5208932490014,0 -8.12827279819614,43.520888204708,0 -8.12827427297256,43.5208832302117,0 -8.12827600377899,43.5208783389044,0 -8.12827798595598,43.5208735439537,0 -8.1282802141674,43.5208688582678,0 -8.12828268241477,43.520864294461,0 -8.12828538405344,43.5208598648192,0 -8.12828831181044,43.5208555812672,0 -8.12829145780406,43.5208514553368,0 -8.12829481356512,43.520847498135,0 -8.1985561185137,43.4422229864097,0 -8.19855692438924,43.4422220351155,0 -8.1985556776367,43.4422220371136,0 -8.12251647531357,43.4443561623621,0 -8.12251120420613,43.4443561713237,0 -8.12250593994927,43.4443559025231,0 -8.12250069716956,43.4443553567074,0 -8.12249549043387,43.444354535393,0 -8.12249033420893,43.4443534408618,0 -8.12248524282115,43.4443520761551,0 -8.12248023041676,43.4443504450646,0 -8.12247531092256,43.4443485521223,0 -8.12247049800719,43.4443464025875,0 -8.12246580504317,43.4443440024328,0 -8.12246124506974,43.4443413583269,0 -8.12245683075662,43.4443384776162,0 -8.12245257436884,43.4443353683049,0 -8.12244848773262,43.444332039032,0 -8.12244458220254,43.4443284990477,0 -8.12244086862997,43.4443247581878,0 -8.12243735733295,43.4443208268461,0 -8.1224340580675,43.4443167159458,0 -8.12243098000051,43.4443124369088,0 -8.12242813168428,43.4443080016243,0 -8.12242552103277,43.4443034224156,0 -8.12242315529958,43.4442987120058,0 -8.11058122590657,43.4190844259568,0 -8.11057914993505,43.4190796913725,0 -8.11057732142034,43.4190748558291,0 -8.11057574524933,43.41906993225,0 -8.11057442563448,43.419064933794,0 -8.11057336610258,43.4190598738198,0 -8.11057256948534,43.4190547658508,0 -8.11057203791178,43.4190496235385,0 -8.1105717728026,43.4190444606262,0 -8.11057177486631,43.4190392909123,0 -8.11057204409741,43.4190341282133,0 -8.11057257977635,43.4190289863271,0 -8.11057338047147,43.4190238789957,0 -8.11057444404284,43.4190188198691,0 -8.11057576764798,43.4190138224682,0 -8.11057734774941,43.419008900149,0 -8.11057918012416,43.419004066067,0 -8.11058125987505,43.4189993331417,0 -8.11058358144374,43.4189947140222,0 -8.11058613862561,43.4189902210535,0 -8.11058892458637,43.4189858662437,0 -8.11059193188025,43.4189816612312,0 -8.11059515247,43.4189776172545,0 -8.11059857774827,43.4189737451213,0 -8.11060219856069,43.4189700551805,0 -8.11060600523029,43.4189665572936,0 -8.11060998758338,43.4189632608091,0 -8.11061413497676,43.4189601745371,0 -8.11061843632612,43.4189573067261,0 -8.11062288013569,43.4189546650405,0 -8.11062745452898,43.4189522565405,0 -8.11063214728049,43.4189500876631,0 -8.11063694584839,43.4189481642046,0 -8.19545676140412,43.3874684596878,0 -8.19545795896513,43.3874679788649,0 -8.1954576550213,43.3874667246873,0 -8.17856880026103,43.3250322294755,0 -8.17856758845086,43.3250272460065,0 -8.17856663373699,43.325022206962,0 -8.17856593863066,43.3250171255965,0 -8.17856550496022,43.3250120152758,0 -8.17856533386639,43.3250068894418,0 -8.1785654257992,43.3250017615771,0 -8.17856578051684,43.3249966451698,0 -8.17856639708627,43.3249915536779,0 -8.17856727388571,43.3249865004937,0 -8.17856840860887,43.3249814989088,0 -8.17856979827103,43.3249765620792,0 -8.17857143921692,43.3249717029903,0 -8.17857332713026,43.3249669344233,0 -8.17857545704521,43.3249622689212,0 -8.20347912655529,43.2739186199406,0 -8.20348156151884,43.2739139458605,0 -8.20348423935324,43.2739094065572,0 -8.20348715262053,43.2739050146389,0 -8.20349029322879,43.2739007823048,0 -8.20349365245464,43.2738967213107,0 -8.20349722096749,43.2738928429363,0 -8.20350098885539,43.2738891579542,0 -8.20350494565263,43.2738856765999,0 -8.2035090803688,43.2738824085433,0 -8.20351338151926,43.2738793628616,0 -8.20351783715712,43.2738765480147,0 -8.20352243490636,43.273873971821,0 -8.20352716199625,43.2738716414362,0 -8.20353200529677,43.2738695633332,0 -8.20353695135515,43.2738677432842,0 -8.20354198643317,43.2738661863445,0 -8.20354709654538,43.2738648968387,0 -8.20355226749788,43.2738638783485,0 -8.2035574849278,43.2738631337029,0 -8.20356273434317,43.2738626649703,0 -8.20356800116317,43.2738624734526,0 -8.20357327075866,43.2738625596817,0 -8.20357852849275,43.2738629234181,0 -8.20358375976153,43.2738635636516,0 -8.2035889500346,43.2738644786038,0 -8.20359408489541,43.2738656657333,0 -8.20359915008133,43.2738671217428,0 -8.20360413152327,43.273868842588,0 -8.20360901538474,43.2738708234891,0 -8.20361378810029,43.2738730589439,0 -8.20361843641319,43.2738755427432,0 -8.20362294741226,43.2738782679881,0 -8.2036273085677,43.2738812271087,0 -8.20363150776596,43.273884411886,0 -8.20363553334328,43.2738878134737,0 -8.31566502967209,43.3737291352383,0 -8.31566599198403,43.3737299489815,0 -8.31566665838013,43.3737288793373,0 -8.36134252069819,43.2959816470787,0 -8.36134526242674,43.2959772456632,0 -8.36134822862829,43.2959729922902,0 -8.36135141132686,43.2959688983969,0 -8.36135480196434,43.2959649749913,0 -8.36135839142344,43.2959612326235,0 -8.36136217005229,43.2959576813565,0 -8.36136612769033,43.2959543307395,0 -8.36137025369564,43.2959511897821,0 -8.36137453697361,43.2959482669302,0 -8.36137896600669,43.2959455700432,0 -8.36138352888541,43.295943106373,0 -8.36138821334042,43.2959408825442,0 -8.36139300677543,43.2959389045365,0 -8.36139789630111,43.2959371776689,0 -8.36140286876977,43.2959357065847,0 -8.36140791081066,43.2959344952395,0 -8.36141300886597,43.2959335468908,0 -8.36141814922727,43.2959328640884,0 -8.36142331807237,43.2959324486685,0 -8.36142850150248,43.2959323017481,0 -8.3614336855796,43.2959324237223,0 -8.361438856364,43.295932814263,0 -8.36144399995167,43.2959334723202,0 -8.36144910251174,43.2959343961243,0 -8.36145415032368,43.2959355831913,0 -8.36145912981414,43.2959370303291,0 -8.36146402759352,43.2959387336467,0 -8.3614688304919,43.2959406885636,0 -8.36147352559454,43.2959428898234,0 -8.36147810027649,43.2959453315069,0 -8.36148254223668,43.2959480070486,0 -8.36148683953086,43.2959509092539,0 -8.36149098060382,43.2959540303191,0 -8.36149495432041,43.2959573618518,0 -8.43266403783885,43.3588381498914,0 -8.43266500329747,43.3588389597413,0 -8.43266608766893,43.3588383177866,0 -8.52887626840459,43.2984928672532,0 -8.52888078358288,43.2984901976101,0 -8.52888543253396,43.2984877683956,0 -8.52889020246681,43.2984855862934,0 -8.5288950802575,43.2984836573074,0 -8.52890005248536,43.2984819867448,0 -8.5289051054699,43.2984805792021,0 -8.52891022530841,43.2984794385519,0 -8.67012140917617,43.2708850466376,0 -8.67012658712119,43.2708841752632,0 -8.67013180366626,43.2708835768774,0 -8.67013704442914,43.27088325313,0 -8.67014229496084,43.2708832049136,0 -8.67014754078543,43.270883432361,0 -8.67015276743995,43.2708839348453,0 -8.88233273550965,43.2969208448326,0 -8.88233399202234,43.2969209666197,0 -8.88233505768505,43.2969202898486,0 -8.92826091068521,43.2660847313883,0 -8.92826193402465,43.2660840046317,0 -8.92826081918184,43.2660834279828,0 -8.87693498834931,43.2412199383892,0 -8.87693032054529,43.2412175237462,0 -8.87692578604182,43.241214867212,0 -8.87692139736269,43.2412119761238,0 -8.87691716662896,43.2412088584664,0 -8.87691310552544,43.2412055228505,0 -8.87690922526845,43.2412019784886,0 -8.87690553657483,43.2411982351699,0 -8.87690204963234,43.241194303233,0 -8.87689877407155,43.2411901935375,0 -8.87689571893917,43.2411859174339,0 -8.87689289267316,43.2411814867324,0 -8.87689030307935,43.2411769136701,0 -8.8768879573099,43.2411722108771,0 -8.87688586184358,43.2411673913423,0 -8.87688402246783,43.2411624683765,0 -8.8768824442628,43.2411574555764,0 -8.87688113158733,43.2411523667869,0 -8.87688008806687,43.2411472160626,0 -8.87687931658351,43.2411420176293,0 -8.87687881926801,43.2411367858445,0 -8.8768785974939,43.2411315351577,0 -8.8768786518737,43.2411262800708,0 -8.8768789822572,43.2411210350977,0 -8.87687958773193,43.2411158147246,0 -8.87688046662564,43.2411106333694,0 -8.87688161651091,43.2411055053426,0 -8.8768830342119,43.2411004448071,0 -8.87688471581306,43.2410954657396,0 -8.87688665667,43.2410905818917,0 -8.87688885142229,43.2410858067522,0 -8.87689129400827,43.2410811535093,0 -8.87689397768178,43.2410766350148,0 -8.87689689503081,43.2410722637484,0 -8.87690003799797,43.241068051783,0 -8.87690339790272,43.2410640107515,0 -8.87690696546539,43.2410601518148,0 -8.87691073083276,43.241056485631,0 -8.91086280592134,43.2096938827129,0 -8.91086664617811,43.2096905130194,0 -8.91087065352607,43.2096873438605,0 -8.91087481750508,43.2096843835083,0 -8.91087912724615,43.2096816396901,0 -8.91088357149983,43.209679119568,0 -8.91088813866553,43.2096768297201,0 -8.91089281682187,43.2096747761234,0 -8.91089759375773,43.2096729641383,0 -8.91090245700414,43.2096713984945,0 -9.05559315450205,43.167137833822,0 -9.05559808141841,43.1671365209862,0 -9.05560306884774,43.1671354609903,0 -9.05560810382369,43.16713465659,0 -9.05561317325632,43.1671341098767,0 -9.0556182639661,43.1671338222717,0 -9.05562336271816,43.1671337945226,0 -9.05562845625677,43.1671340267017,0 -9.0556335313397,43.1671345182054,0 -9.13551264661041,43.1769318340044,0 -9.13551399207113,43.1769319619013,0 -9.13551517479825,43.1769313078535,0 -9.15601486290597,43.1648536699326,0 -9.15601591812489,43.1648530101172,0 -9.15601473403304,43.1648526270118,0 -9.09998618654979,43.1483450982666,0 -9.09998125121967,43.1483435039722,0 -9.09997640518685,43.1483416559398,0 -9.09997166148679,43.1483395591405,0 -9.0999670328797,43.1483372192143,0 -9.09996253181619,43.1483346424557,0 -9.09995817040378,43.1483318357958,0 -9.09995396037435,43.1483288067844,0 -9.09994991305257,43.1483255635693,0 -9.09994603932543,43.1483221148745,0 -9.09994234961297,43.1483184699767,0 -9.09993885384025,43.1483146386805,0 -9.09993556141062,43.1483106312917,0 -9.09993248118049,43.1483064585899,0 -9.09992962143544,43.1483021317994,0 -9.09992698986798,43.1482976625589,0 -9.09992459355683,43.1482930628904,0 -9.09992243894788,43.1482883451665,0 -9.09992053183688,43.1482835220777,0 -9.09991887735381,43.1482786065977,0 -9.09991747994911,43.1482736119488,0 -9.09991634338168,43.1482685515662,0 -9.09991547070883,43.1482634390619,0 -9.09991486427796,43.1482582881883,0 -9.09991452572034,43.1482531128007,0 -9.09991445594666,43.1482479268206,0 -9.0999146551446,43.1482427441979,0 -9.09991512277835,43.1482375788735,0 -9.09991585758998,43.1482324447416,0 -9.10452713015356,43.12105837673,0 -9.10452812705778,43.1210533015101,0 -9.10452938504139,43.1210482846234,0 -9.10453090073907,43.121043339491,0 -9.10453267009609,43.1210384793418,0 -9.10453468837911,43.1210337171775,0 -9.10453695018889,43.1210290657378,0 -9.1045394494747,43.1210245374661,0 -9.10454217955055,43.1210201444761,0 -9.10454513311302,43.12101589852,0 -9.10454830226083,43.1210118109564,0 -9.10455167851599,43.1210078927201,0 -9.10455525284644,43.1210041542931,0 -9.10455901569026,43.1210006056763,0 -9.10456295698121,43.1209972563629,0 -9.10456706617567,43.1209941153128,0 -9.10457133228086,43.1209911909289,0 -9.10457574388424,43.1209884910344,0 -9.25914385170572,43.0318036625586,0 -9.25914494162638,43.0318029945559,0 -9.25914399402877,43.0318021365274,0 -9.22385890148382,43.0015152746207,0 -9.2238550437177,43.0015117850129,0 -9.22385137263545,43.0015080995174,0 -9.2238478981709,43.0015042281071,0 -9.22384462972586,43.0015001812578,0 -9.22384157614466,43.0014959699203,0 -9.2238387456902,43.0014916054903,0 -9.2238361460216,43.0014870997778,0 -9.22383378417351,43.0014824649751,0 -9.22383166653702,43.001477713624,0 -9.22382979884239,43.0014728585814,0 -9.22382818614355,43.0014679129849,0 -9.22382683280442,43.0014628902172,0 -9.2238257424871,43.0014578038698,0 -9.22382491814195,43.0014526677061,0 -9.22382436199964,43.0014474956246,0 -9.22382407556507,43.0014423016206,0 -9.22382405961331,43.0014370997491,0 -9.22382431418754,43.0014319040861,0 -9.22382483859889,43.0014267286909,0 -9.22382563142831,43.0014215875682,0 -9.22382669053043,43.0014164946294,0 -9.22382801303935,43.0014114636562,0 -9.2238295953764,43.001406508262,0 -9.2238314332598,43.0014016418561,0 -9.22383352171632,43.0013968776068,0 -9.22383585509463,43.001392228406,0 -9.24913837858209,42.9540881617653,0 -9.24913893789078,42.9540870464202,0 -9.24913770981001,42.9540872669623,0 -9.17842569562115,42.9687187863003,0 -9.17842064267031,42.9687196972391,0 -9.17841554962391,42.9687203476237,0 -9.17841042990831,42.9687207357395,0 -9.17840529702016,42.9687208605634,0 -9.17840016449085,42.9687207217664,0 -9.17839504585081,42.9687203197143,0 -9.17838995459387,42.9687196554669,0 -9.17838490414165,42.9687187307756,0 -9.17837990780823,42.9687175480778,0 -9.17837497876499,42.9687161104914,0 -9.17837013000595,42.9687144218063,0 -9.17836537431345,42.9687124864741,0 -9.17836072422451,42.9687103095969,0 -9.17835619199776,42.9687078969132,0 -9.1783517895811,42.9687052547835,0 -9.09478659118736,42.9155885906579,0 -9.09478226527889,42.9155856799093,0 -9.09477809696586,42.9155825476404,0 -9.09477409758024,42.9155792023667,0 -9.09477027799474,42.9155756531825,0 -9.09476664859324,42.9155719097367,0 -9.09476321924263,42.9155679822062,0 -9.09475999926591,42.9155638812683,0 -9.0947569974169,42.9155596180718,0 -9.0947542218564,42.9155552042067,0 -9.09475168013004,42.9155506516723,0 -9.09474937914774,42.9155459728453,0 -9.09474732516493,42.9155411804455,0 -9.09474552376557,42.9155362875014,0 -9.09474397984692,42.9155313073149,0 -9.09474269760628,42.9155262534253,0 -9.09474168052953,42.9155211395719,0 -9.0947409313817,42.9155159796572,0 -9.09474045219941,42.915510787709,0 -9.09474024428537,42.9155055778421,0 -9.09474030820481,42.9155003642199,0 -9.09474064378396,42.9154951610163,0 -9.09474125011051,42.9154899823765,0 -9.09474212553612,42.9154848423793,0 -9.09474326768084,42.9154797549981,0 -9.09474467343966,42.9154747340635,0 -9.09474633899089,42.9154697932255,0 -9.09474825980657,42.915464945916,0 -9.09475043066478,42.9154602053131,0 -9.09475284566384,42.9154555843044,0 -9.12079336342024,42.8686431443648,0 -9.12079395372077,42.8686420145291,0 -9.120792823578,42.8686414248166,0 -9.08140384354909,42.8493831261831,0 -9.08139924315732,42.8493807271096,0 -9.08139477338833,42.8493780926604,0 -9.08139044627438,42.8493752299269,0 -9.08138627346368,42.8493721466156,0 -9.0813822661891,42.8493688510264,0 -9.08137843523788,42.8493653520308,0 -9.08137479092261,42.8493616590477,0 -9.08137134305349,42.8493577820184,0 -9.08136810091189,42.8493537313795,0 -9.08136507322538,42.8493495180349,0 -9.08136226814424,42.8493451533267,0 -9.08135969321951,42.8493406490043,0 -9.08135735538267,42.8493360171929,0 -9.08135526092698,42.849331270361,0 -9.08135341549055,42.8493264212867,0 -9.08135182404112,42.8493214830232,0 -9.08135049086275,42.8493164688639,0 -9.08134941954424,42.8493113923065,0 -9.08134861296949,42.8493062670168,0 -9.08134807330973,42.8493011067915,0 -9.08134780201768,42.8492959255215,0 -9.08134779982364,42.8492907371545,0 -9.08134806673351,42.8492855556569,0 -9.08134860202879,42.849280394977,0 -9.08134940426851,42.849275269007,0 -9.08135047129312,42.8492701915454,0 -9.09901069621477,42.7748782796646,0 -9.09901094996029,42.7748770700572,0 -9.0990098880469,42.7748777024152,0 -9.030988330194,42.8178465771796,0 -9.03098384814364,42.8178492474917,0 -9.03097923292466,42.817851680411,0 -9.03097449709938,42.817853869315,0 -9.03096965355841,42.817855808246,0 -9.03096471548556,42.8178574919261,0 -9.03095969632193,42.8178589157725,0 -9.03095460972935,42.8178600759096,0 -9.03094946955319,42.8178609691796,0 -9.03094428978468,42.817861593151,0 -9.0309390845228,42.8178619461255,0 -9.03093386793594,42.8178620271423,0 -9.0309286542233,42.8178618359808,0 -9.03092345757627,42.8178613731615,0 -9.03091829213977,42.8178606399439,0 -8.96412131823324,42.8065942223419,0 -8.96412001113352,42.8065940376651,0 -8.96411901450157,42.8065949033089,0 -8.91843169043347,42.8484719525154,0 -8.91842786382631,42.8484752853311,0 -8.91842387307663,42.8484784197369,0 -8.91841972846083,42.8484813476616,0 -8.91841544065156,42.8484840615655,0 -8.91841102069015,42.8484865544602,0 -8.91840647995828,42.8484888199264,0 -8.91840183014859,42.8484908521303,0 -8.91839708323461,42.8484926458389,0 -8.91839225143992,42.8484941964333,0 -8.91838734720668,42.8484954999206,0 -8.91838238316357,42.8484965529443,0 -8.91837737209329,42.8484973527928,0 -8.91837232689964,42.8484978974064,0 -8.91836726057429,42.8484981853826,0 -8.91836218616332,42.84849821598,0 -8.91835711673363,42.8484979891198,0 -8.82552133779197,42.8419798893882,0 -8.82551617010374,42.8419793914629,0 -8.82551103522142,42.8419786260121,0 -8.82550594698502,42.8419775950992,0 -8.82550091910882,42.8419763015025,0 -8.82549596514443,42.8419747487089,0 -8.82549109844424,42.8419729409035,0 -8.82548633212542,42.8419708829588,0 -8.8254816790346,42.8419685804217,0 -8.82547715171323,42.8419660394982,0 -8.82547276236376,42.8419632670367,0 -8.82546852281679,42.8419602705099,0 -8.82546444449912,42.8419570579944,0 -8.82546053840303,42.8419536381487,0 -8.82545681505658,42.8419500201904,0 -8.82545328449528,42.8419462138708,0 -8.82544995623504,42.8419422294493,0 -8.82544683924649,42.8419380776649,0 -8.82544394193083,42.8419337697079,0 -8.82544127209717,42.8419293171896,0 -8.8254388369415,42.8419247321108,0 -8.82543664302727,42.8419200268295,0 -8.82543469626773,42.841915214028,0 -8.82543300190997,42.8419103066781,0 -8.82543156452077,42.8419053180066,0 -8.82543038797433,42.8419002614594,0 -8.82542947544177,42.8418951506653,0 -8.82542882938264,42.8418899993996,0 -8.82542845153827,42.8418848215463,0 -8.82542834292704,42.8418796310612,0 -8.82542850384171,42.8418744419344,0 -8.82542893384855,42.8418692681519,0 -8.82542963178858,42.8418641236586,0 -8.82543059578065,42.8418590223205,0 -8.82543182322649,42.8418539778871,0 -8.82543331081781,42.8418490039547,0 -8.82543505454509,42.8418441139295,0 -8.82543704970849,42.8418393209916,0 -8.82543929093044,42.8418346380592,0 -8.82544177217021,42.8418300777544,0 -8.82544448674013,42.8418256523683,0 -8.87438764269265,42.766496558418,0 -8.87439067183798,42.7664921581214,0 -8.87439393164657,42.7664879258668,0 -8.87439741281548,42.7664838737322,0 -8.87440110541004,42.7664800132818,0 -8.87440499889219,42.7664763555327,0 -8.87440908215059,42.7664729109235,0 -8.87441334353229,42.7664696892846,0 -8.87441777087603,42.7664666998099,0 -8.87442235154691,42.7664639510309,0 -9.00996988763532,42.6899726277226,0 -9.00997097359413,42.6899719777849,0 -9.00997142812101,42.6899707966283,0 -9.04538155437327,42.5904392525772,0 -9.04538195871366,42.5904380126047,0 -9.04538093074915,42.5904372099143,0 -9.01204903961769,42.5658077681893,0 -9.01204800149664,42.5658070418268,0 -9.0120470179453,42.5658078405286,0 -8.85775807904321,42.6978618585198,0 -8.85775402056577,42.6978651523175,0 -8.85774979552802,42.6978682295563,0 -8.8577454154729,42.697871081829,0 -8.85774089236687,42.6978737013431,0 -8.85773623856722,42.6978760809421,0 -8.85773146678829,42.6978782141248,0 -8.85772659006673,42.6978800950632,0 -8.85772162172593,42.6978817186186,0 -8.85771657533954,42.6978830803553,0 -8.85771146469449,42.6978841765531,0 -8.85770630375322,42.6978850042171,0 -8.8577011066156,42.6978855610861,0 -8.8576958874804,42.6978858456388,0 -8.85769066060646,42.6978858570976,0 -8.85768544027378,42.6978855954313,0 -8.8576802407445,42.6978850613547,0 -8.8576750762239,42.6978842563271,0 -8.85766996082164,42.6978831825477,0 -8.85766490851316,42.6978818429502,0 -8.85765993310155,42.6978802411944,0 -8.85765504817979,42.6978783816563,0 -8.85765026709368,42.6978762694162,0 -8.85764560290528,42.6978739102449,0 -8.85764106835734,42.6978713105877,0 -8.79262312537091,42.658303684861,0 -8.79262200480659,42.658303042752,0 -8.7926210547992,42.6583039176545,0 -8.72495539555378,42.7239975777022,0 -8.72495162854826,42.7240010519206,0 -8.72494768851095,42.7240043286005,0 -8.72494358578861,42.7240073991369,0 -8.7249393311552,42.7240102554666,0 -8.72493493578361,42.7240128900886,0 -8.72493041121631,42.7240152960844,0 -8.72492576933506,42.7240174671355,0 -8.72492102232968,42.7240193975408,0 -8.72491618266605,42.7240210822309,0 -8.72491126305339,42.7240225167817,0 -8.72490627641086,42.7240236974259,0 -8.72490123583364,42.7240246210633,0 -8.72489615455855,42.7240252852682,0 -8.72489104592928,42.7240256882964,0 -8.72488592336138,42.7240258290895,0 -8.72488080030696,42.7240257072778,0 -8.72487569021943,42.7240253231812,0 -8.65569270709648,42.7170385426572,0 -8.65568749674223,42.7170378778135,0 -8.65568232848515,42.7170369403022,0 -8.65567721658436,42.71703573271,0 -8.6556721751435,42.7170342583686,0 -8.65566721807181,42.7170325213456,0 -8.65566235904575,42.7170305264334,0 -8.65565761147129,42.7170282791361,0 -8.65565298844689,42.7170257856538,0 -8.65564850272739,42.717023052866,0 -8.6556441666888,42.7170200883124,0 -8.65563999229417,42.7170169001722,0 -8.65563599106058,42.7170134972413,0 -8.65563217402734,42.7170098889085,0 -8.65562855172559,42.717006085129,0 -8.65562513414918,42.7170020963973,0 -8.65562193072715,42.7169979337184,0 -8.65561895029767,42.7169936085769,0 -8.65561620108368,42.7169891329059,0 -8.65561369067023,42.7169845190536,0 -8.65561142598348,42.7169797797496,0 -8.65560941327168,42.7169749280695,0 -8.65560765808785,42.716969977399,0 -8.65560616527451,42.7169649413969,0 -8.6556049389503,42.7169598339575,0 -8.65560398249863,42.716954669172,0 -8.65560329855833,42.7169494612901,0 -8.65560288901639,42.7169442246801,0 -8.65560275500271,42.7169389737898,0 -8.65560289688704,42.7169337231063,0 -8.65560331427792,42.716928487116,0 -8.65560400602378,42.7169232802651,0 -8.65560497021611,42.7169181169192,0 -8.65560620419471,42.7169130113236,0 -8.65560770455507,42.7169079775649,0 -8.65560946715772,42.7169030295309,0 -8.65561148713966,42.7168981808732,0 -8.65561375892782,42.7168934449691,0 -8.65561627625437,42.716888834885,0 -8.65561903217406,42.7168843633399,0 -8.65562201908334,42.7168800426708,0 -8.75519417115192,42.5806390263113,0 -8.75519725352458,42.5806350249887,0 -8.75520053400383,42.5806311844081,0 -8.75520400422062,42.5806275143674,0 -8.75520765532188,42.5806240242295,0 -8.75521147799307,42.5806207228982,0 -8.75521546248193,42.5806176187958,0 -8.7552195986234,42.5806147198413,0 -8.75522387586551,42.5806120334304,0 -8.75522828329634,42.5806095664167,0 -8.75523280967183,42.5806073250938,0 -8.75523744344446,42.5806053151798,0 -8.79970777815664,42.5626364937018,0 -8.79970895222342,42.5626359829146,0 -8.79970836830154,42.5626348434537,0 -8.7658949088962,42.5007274055763,0 -8.76589255892204,42.5007228268403,0 -8.76589044763,42.500718133265,0 -8.76588858061231,42.5007133372826,0 -8.76588696281417,42.5007084515962,0 -8.76588559852067,42.5007034891467,0 -8.76588449134545,42.5006984630781,0 -8.7658836442211,42.5006933867032,0 -8.76588305939143,42.5006882734677,0 -8.76588273840547,42.5006831369153,0 -8.76588268211344,42.5006779906513,0 -8.76588289066443,42.5006728483066,0 -8.76588336350605,42.5006677235019,0 -8.76588409938587,42.5006626298114,0 -8.76588509635476,42.5006575807268,0 -8.76588635177203,42.5006525896217,0 -8.76588786231242,42.5006476697163,0 -8.76588962397494,42.5006428340418,0 -8.76589163209343,42.5006380954067,0 -8.76589388134895,42.5006334663623,0 -8.76589636578386,42.5006289591697,0 -8.76589907881757,42.5006245857671,0 -8.76590201326403,42.5006203577384,0 -8.7659051613507,42.5006162862826,0 -8.76590851473918,42.5006123821837,0 -8.76591206454729,42.5006086557827,0 -8.76591580137258,42.5006051169497,0 -8.85039702974115,42.4246268726029,0 -8.85039792848527,42.4246260208616,0 -8.85039671274898,42.4246257859368,0 -8.77419724643106,42.4119542072751,0 -8.77419600633662,42.4119540331291,0 -8.77419491804263,42.4119546526267,0 -8.70953190048173,42.4509587898309,0 -8.70952754934924,42.4509612679848,0 -8.70952307962062,42.4509635252236,0 -8.70951850250309,42.4509655558875,0 -8.70951382947314,42.4509673548849,0 -8.70950907224772,42.4509689177052,0 -8.70950424275493,42.4509702404296,0 -8.70949935310403,42.4509713197418,0 -8.70949441555513,42.4509721529355,0 -8.70948944248847,42.4509727379215,0 -8.70948444637329,42.4509730732331,0 -8.60879337103369,42.4552020226133,0 -8.60878813021904,42.4552021052377,0 -8.60878289227418,42.4552019131473,0 -8.6087776715893,42.4552014468701,0 -8.60877248250718,42.4552007076869,0 -8.60876733928376,42.4551996976286,0 -8.608762256049,42.45519841947,0 -8.60875724676805,42.4551968767226,0 -8.60875232520289,42.4551950736249,0 -8.60874750487453,42.4551930151304,0 -8.60874279902583,42.4551907068945,0 -8.60873822058515,42.4551881552585,0 -8.60873378213084,42.4551853672326,0 -8.60872949585663,42.4551823504764,0 -8.6087253735382,42.4551791132776,0 -8.60872142650077,42.4551756645299,0 -8.60871766558803,42.455172013708,0 -8.60871410113233,42.4551681708418,0 -8.60871074292627,42.4551641464888,0 -8.60870760019584,42.4551599517051,0 -8.60870468157507,42.455155598015,0 -8.60870199508225,42.4551510973793,0 -8.608699548098,42.4551464621627,0 -8.60869734734489,42.4551417050994,0 -8.60869539886905,42.4551368392586,0 -8.60869370802352,42.4551318780081,0 -8.60869227945356,42.455126834978,0 -8.60869111708386,42.4551217240229,0 -8.60869022410781,42.4551165591842,0 -8.60868960297868,42.4551113546512,0 -8.60868925540288,42.4551061247223,0 -8.60868918233531,42.4551008837657,0 -8.60868938397672,42.4550956461799,0 -8.60868985977312,42.4550904263539,0 -8.60869060841738,42.4550852386283,0 -8.60869162785274,42.4550800972553,0 -8.60869291527851,42.4550750163597,0 -8.60869446715774,42.4550700099003,0 -8.60869627922698,42.4550650916313,0 -8.60869834650792,42.4550602750646,0 -8.60870066332113,42.4550555734328,0 -8.60870322330164,42.4550509996527,0 -8.60870601941643,42.4550465662897,0 -8.60870904398373,42.4550422855237,0 -8.60871228869417,42.4550381691151,0 -8.60871574463356,42.4550342283731,0 -8.60871940230741,42.4550304741239,0 -8.74205866085166,42.3251608619418,0 -8.74206233769228,42.3251574560989,0 -8.74206618055807,42.3251542387545,0 -8.74207017979619,42.3251512179901,0 -8.74207432536096,42.3251484013936,0 -8.74207860683917,42.3251457960401,0 -8.74208301347623,42.3251434084738,0 -8.74208753420312,42.3251412446921,0 -8.74209215766426,42.3251393101301,0 -8.74209687224603,42.3251376096473,0 -8.7421016661059,42.3251361475152,0 -8.79419774309985,42.3106633491791,0 -8.79419896650774,42.3106629746653,0 -8.7941989939891,42.3106616955122,0 -8.79405200604405,42.2787623116823,0 -8.79405196685785,42.2787610414663,0 -8.7940507192402,42.2787612831984,0 -8.6832162830564,42.3032687162938,0 -8.6832150192693,42.3032690307864,0 -8.68321418408241,42.3032700300491,0 -8.62999664681661,42.370454111076,0 -8.62999334364398,42.370458067247,0 -8.62998984103066,42.3704618479795,0 -8.62998614828038,42.3704654432311,0 -8.6299822752019,42.3704688434519,0 -8.62997823208299,42.3704720396102,0 -8.62997402966308,42.3704750232163,0 -8.62996967910474,42.3704777863451,0 -8.62996519196402,42.370480321657,0 -8.62996058015978,42.3704826224178,0 -8.62995585594199,42.370484682516,0 -8.62995103185925,42.3704864964797,0 -8.62994612072538,42.3704880594904,0 -8.62994113558547,42.3704893673966,0 -8.62993608968116,42.3704904167241,0 -8.6299309964155,42.3704912046856,0 -8.62992586931734,42.3704917291882,0 -8.62992072200541,42.3704919888386,0 -8.62991556815212,42.3704919829472,0 -8.62991042144725,42.3704917115297,0 -8.62990529556162,42.3704911753069,0 -8.6299002041107,42.3704903757032,0 -8.62989516061855,42.3704893148425,0 -8.6298901784818,42.3704879955428,0 -8.62988527093413,42.3704864213083,0 -8.62988045101107,42.3704845963205,0 -8.56126637989584,42.3424627355598,0 -8.56126155448506,42.3424606148225,0 -8.56125684751985,42.342458242778,0 -8.56125227207717,42.3424556260166,0 -8.56124784086857,42.342452771808,0 -8.56124356620487,42.3424496880819,0 -8.56123945996201,42.3424463834056,0 -8.56123553354799,42.3424428669601,0 -8.56123179787122,42.3424391485148,0 -8.5612282633102,42.3424352384004,0 -8.56122493968469,42.34243114748,0 -8.56122183622842,42.342426887119,0 -8.56121896156347,42.3424224691537,0 -8.56121632367624,42.3424179058581,0 -8.56121392989535,42.3424132099099,0 -8.56121178687123,42.3424083943555,0 -8.56120990055766,42.3424034725736,0 -8.56120827619521,42.3423984582379,0 -8.5612069182967,42.3423933652792,0 -8.56120583063467,42.3423882078469,0 -8.56120501623088,42.3423830002695,0 -8.56120447734789,42.3423777570147,0 -8.56120421548286,42.3423724926493,0 -8.56120423136329,42.3423672217989,0 -8.56120452494506,42.342361959107,0 -8.56120509541254,42.3423567191945,0 -8.56120594118086,42.3423515166189,0 -8.56120705990029,42.3423463658342,0 -8.56120844846279,42.3423412811503,0 -8.56121010301063,42.3423362766936,0 -8.56121201894715,42.3423313663673,0 -8.56121419094945,42.3423265638136,0 -8.56121661298326,42.3423218823749,0 -8.56121927831965,42.3423173350572,0 -8.56122217955376,42.342312934494,0 -8.56122530862534,42.3423086929109,0 -8.56122865684117,42.3423046220919,0 -8.5612322148992,42.3423007333467,0 -8.56123597291439,42.342297037479,0 -8.56123992044617,42.3422935447567,0 -8.56124404652748,42.3422902648834,0 -8.56124833969518,42.3422872069711,0 -8.56125278802195,42.3422843795155,0 -8.56125737914938,42.3422817903718,0 -8.56126210032236,42.3422794467332,0 -8.59319679602374,42.3274625586144,0 -8.5931979669181,42.3274619770988,0 -8.59319809897391,42.3274606764394,0 -8.59721172516234,42.2737871666443,0 -8.59721224821297,42.2737819883054,0 -8.59721303998026,42.2737768441941,0 -8.59721409831941,42.2737717482452,0 -8.59721542036352,42.2737667142631,0 -8.59721700253134,42.2737617558842,0 -8.59721884053695,42.2737568865401,0 -8.59722092940143,42.2737521194213,0 -8.5972232634663,42.2737474674413,0 -8.59722583640886,42.2737429432018,0 -8.59722864125933,42.2737385589584,0 -8.59723167041971,42.2737343265875,0 -8.59723491568437,42.273730257554,0 -8.5972383682623,42.2737263628804,0 -8.59724201880088,42.273722653117,0 -8.59724585741124,42.273719138313,0 -8.59724987369506,42.2737158279897,0 -8.59725405677272,42.2737127311142,0 -8.59725839531278,42.2737098560756,0 -8.59726287756266,42.2737072106622,0 -8.59726749138049,42.2737048020398,0 -8.79223581408911,42.1782945803405,0 -8.79223696583486,42.1782939785229,0 -8.79223700886073,42.1782926797346,0 -8.7927783524247,42.0976314899143,0 -8.7927785279994,42.0976262000151,0 -8.79277898321453,42.097620926815,0 -8.79277971679488,42.0976156850862,0 -8.79278072668538,42.097610489513,0 -8.79278201005697,42.09760535465,0 -8.7927835633144,42.0976002948821,0 -8.79278538210642,42.0975953243835,0 -8.79278746133788,42.0975904570787,0 -8.79278979518404,42.0975857066027,0 -8.79279237710692,42.0975810862634,0 -8.79279519987354,42.0975766090044,0 -8.79279825557625,42.097572287368,0 -8.79280153565484,42.0975681334608,0 -8.79280503092054,42.0975641589196,0 -8.79280873158177,42.0975603748785,0 -8.79281262727156,42.0975567919382,0 -8.79281670707655,42.0975534201358,0 -8.79282095956766,42.0975502689171,0 -8.792825372832,42.0975473471097,0 -8.79282993450633,42.097544662899,0 -8.79283463181163,42.0975422238042,0 -8.79283945158893,42.0975400366584,0 -8.79284438033618,42.0975381075884,0 -8.79284940424606,42.0975364419985,0 -8.79285450924465,42.0975350445546,0 -8.79285968103088,42.0975339191714,0 -8.79286490511659,42.0975330690015,0 -8.79287016686708,42.0975324964267,0 -8.79287545154218,42.0975322030509,0 -8.87091967189543,42.095269038513,0 -8.87092096382289,42.0952689666569,0 -8.87092093028307,42.0952676731675,0 -8.86177606883653,41.921225310077,0 -8.86177596887286,41.9212240430279,0 -8.86177473417161,41.9212243445561,0 -8.79571632168632,41.9392053213252,0 -8.79571126903679,41.9392065564511,0 -8.79570615899979,41.9392075271855,0 -8.79570100540042,41.939208230902,0 -8.79569582218164,41.9392086656966,0 -8.79569062336654,41.9392088303932,0 -8.79568542302043,41.939208724546,0 -8.79568023521272,41.9392083484416,0 -8.79567507397894,41.9392077030973,0 -8.79566995328271,41.9392067902592,0 -8.79566488697795,41.9392056123969,0 -8.79565988877147,41.9392041726972,0 -8.79565497218581,41.9392024750551,0 -8.7956501505227,41.9392005240635,0 -8.79564543682705,41.9391983250008,0 -8.79564084385167,41.9391958838166,0 -8.79563638402277,41.9391932071153,0 -8.79563206940633,41.9391903021388,0 -8.79562791167545,41.9391871767465,0 -8.7956239220788,41.939183839394,0 -8.79562011141015,41.9391802991104,0 -8.79561648997919,41.9391765654739,0 -8.79561306758363,41.9391726485859,0 -8.79560985348269,41.9391685590433,0 -8.79560685637207,41.9391643079104,0 -8.79560408436038,41.9391599066884,0 -8.79560154494725,41.9391553672849,0 -8.79559924500301,41.9391507019811,0 -8.79559719075012,41.9391459233988,0 -8.79559538774631,41.9391410444665,0 -8.79559384086958,41.939136078384,0 -8.79559255430496,41.9391310385869,0 -8.79559153153325,41.9391259387103,0 -8.79559077532152,41.9391207925518,0 -8.79559028771569,41.9391156140342,0 -8.79559007003497,41.939110417168,0 -8.79559012286829,41.9391052160132,0 -8.7955904460727,41.9391000246412,0 -8.7955910387738,41.9390948570975,0 -8.79559189936804,41.9390897273625,0 -8.79559302552709,41.9390846493147,0 -8.79559441420415,41.9390796366927,0 -8.79559606164219,41.939074703058,0 -8.79559796338409,41.9390698617585,0 -8.79560011428473,41.9390651258922,0 -8.7956025085249,41.9390605082719,0 -8.79560513962701,41.9390560213904,0 -8.79560800047268,41.939051677387,0 -8.79561108332194,41.9390474880143,0 -8.79561437983421,41.9390434646065,0 -8.79561788109083,41.9390396180489,0 -8.79562157761923,41.9390359587483,0 -8.79562545941852,41.9390324966048,0 -8.79562951598656,41.9390292409852,0 -8.7956337363484,41.9390262006975,0 -8.89951174395307,41.868223415948,0 -8.89951609723696,41.8682206110476,0 -8.89952058989103,41.8682180352747,0 -8.89952520986665,41.868215695537,0 -8.89952994477371,41.8682135981095,0 -8.89953478191387,41.8682117486172,0 -8.89953970831464,41.8682101520201,0 -8.89954471076412,41.8682088126,0 -8.89954977584647,41.8682077339492,0 -8.89955488997787,41.8682069189603,0 -8.89956003944297,41.868206369819,0 -8.89956521043165,41.8682060879982,0 -8.89957038907606,41.8682060742535,0 -8.89957556148784,41.8682063286218,0 -8.89958071379533,41.868206850421,0 -8.8995858321808,41.8682076382517,0 -8.89959090291746,41.868208690001,0 -8.89959591240635,41.8682100028482,0 -8.89960084721275,41.8682115732726,0 -8.89960569410221,41.8682133970625,0 -8.89961044007609,41.8682154693266,0 -8.89961507240638,41.8682177845076,0 -8.89961957866983,41.8682203363964,0 -8.89962394678131,41.8682231181493,0 -8.89962816502617,41.868226122306,0 -8.89963222209169,41.8682293408097,0 -8.89963610709742,41.8682327650289,0 -8.89963980962434,41.8682363857804,0 -8.89964331974279,41.8682401933538,0 -8.89964662803916,41.8682441775378,0 -8.89964972564108,41.8682483276474,0 -8.89965260424123,41.8682526325525,0 -8.89965525611962,41.868257080708,0 -8.89965767416429,41.8682616601847,0 -8.89965985189041,41.8682663587011,0 -8.89966178345763,41.8682711636563,0 -8.89966346368576,41.8682760621643,0 -8.89966488806868,41.8682810410879,0 -8.8996660527864,41.8682860870744,0 -8.89966695471532,41.8682911865911,0 -8.89966759143659,41.868296325962,0 -8.92401096559656,42.1175234578464,0 -8.92401134124712,42.1175287533005,0 -8.92401143534437,42.117534061228,0 -8.9240112476231,42.1175393666694,0 -8.92401077861236,42.1175446546725,0 -8.92401002963398,42.1175499103342,0 -8.92400900279879,42.1175551188423,0 -8.92400770100071,42.1175602655179,0 -8.9240061279086,42.1175653358561,0 -8.92400428795589,42.1175703155672,0 -8.92400218632812,42.1175751906168,0 -8.92399982894828,42.1175799472656,0 -8.92399722246018,42.1175845721081,0 -8.92399437420966,42.11758905211,0 -8.92399129222392,42.1175933746453,0 -8.92398798518893,42.117597527532,0 -8.92398446242487,42.1176014990659,0 -8.92398073385994,42.117605278054,0 -8.92397681000233,42.1176088538462,0 -8.79387699821681,42.2299941377014,0 -8.79387608714614,42.2299949676777,0 -8.79387731908596,42.2299950028176,0 -8.87252468288077,42.2301629971866,0 -8.87252596024301,42.2301629662621,0 -8.87252578292112,42.2301617008896,0 -8.86563290428766,42.1889112103273,0 -8.86563218198318,42.1889060703748,0 -8.8656317273488,42.1889008998678,0 -8.86563154160934,42.188895712736,0 -8.86563162526519,42.1888905229541,0 -8.86563197809098,42.1888853445036,0 -8.86563259913617,42.1888801913359,0 -8.86563348672761,42.1888750773338,0 -8.86563463847405,42.1888700162751,0 -8.8656360512726,42.1888650217946,0 -8.86563772131706,42.1888601073479,0 -8.86563964410818,42.1888552861749,0 -8.86564181446581,42.1888505712642,0 -8.86564422654282,42.1888459753182,0 -8.86564687384088,42.1888415107187,0 -8.86564974922794,42.1888371894939,0 -8.86565284495747,42.1888330232853,0 -8.86565615268932,42.1888290233172,0 -8.86565966351218,42.1888252003657,0 -8.8656633679676,42.1888215647302,0 -8.86566725607547,42.1888181262055,0 -8.86567131736091,42.1888148940552,0 -8.86567554088246,42.1888118769869,0 -8.86567991526161,42.188809083129,0 -8.86568442871341,42.1888065200082,0 -8.86568906907826,42.18880419453,0 -8.86569382385462,42.1888021129592,0 -8.86569868023273,42.1888002809038,0 -8.90890682955435,42.1737690641815,0 -8.90891173948598,42.1737674967474,0 -8.90891672365575,42.1737661843716,0 -8.90892176882358,42.1737651305404,0 -8.90892686158734,42.1737643380533,0 -8.90893198841848,42.1737638090155,0 -8.90893713569793,42.1737635448322,0 -8.90894228975232,42.1737635462054,0 -8.90894743689027,42.1737638131312,0 -8.90895256343879,42.1737643449007,0 -8.90895765577957,42.1737651401013,0 -8.90896270038517,42.1737661966205,0 -8.90896768385496,42.1737675116518,0 -8.90897259295072,42.1737690817019,0 -8.90897741463178,42.1737709026001,0 -8.9089821360897,42.1737729695094,0 -8.90898674478226,42.173775276939,0 -8.90899122846681,42.1737778187595,0 -8.90899557523276,42.1737805882187,0 -8.90899977353324,42.1737835779597,0 -8.90900381221577,42.1737867800406,0 -8.90900768055188,42.1737901859552,0 -8.90901136826561,42.173793786656,0 -8.90901486556082,42.1737975725779,0 -8.9090181631472,42.1738015336639,0 -8.90902125226494,42.1738056593917,0 -8.90902412470803,42.1738099388017,0 -8.90902677284603,42.1738143605257,0 -8.90902918964436,42.1738189128179,0 -8.90903136868295,42.1738235835855,0 -8.90903330417336,42.1738283604208,0 -8.94022568346698,42.2569013109666,0 -8.94022738581427,42.2569062301533,0 -8.94022882987767,42.2569112312597,0 -8.94023001174429,42.2569163007346,0 -8.94023092821168,42.2569214248415,0 -8.94023157679657,42.256926589696,0 -8.94023195574152,42.2569317813032,0 -8.94023206401972,42.2569369855956,0 -8.94023190133778,42.2569421884717,0 -8.94023146813651,42.2569473758333,0 -8.94023076558972,42.2569525336247,0 -8.94022979560107,42.2569576478701,0 -8.94022856079888,42.2569627047118,0 -8.940227064529,42.2569676904476,0 -8.9402253108458,42.2569725915678,0 -8.94022330450112,42.2569773947923,0 -8.94022105093143,42.256982087106,0 -8.94021855624308,42.2569866557944,0 -8.94021582719578,42.2569910884782,0 -8.94021287118426,42.2569953731462,0 -8.94020969621825,42.2569994981886,0 -8.94020631090075,42.2570034524281,0 -8.94020272440476,42.25700722515,0 -8.94019894644837,42.2570108061317,0 -8.94019498726848,42.25701418567,0 -8.94019085759304,42.2570173546075,0 -8.94018656861198,42.2570203043576,0 -8.94018213194689,42.2570230269275,0 -8.94017755961951,42.2570255149401,0 -8.94017286401922,42.2570277616538,0 -8.94016805786938,42.2570297609806,0 -8.94016315419292,42.2570315075033,0 -8.94015816627704,42.2570329964894,0 -8.94015310763718,42.2570342239041,0 -8.94014799198043,42.2570351864218,0 -8.94014283316836,42.2570358814343,0 -8.8956863060595,42.2618508585439,0 -8.89568502326295,42.2618510316832,0 -8.89568447392525,42.2618522037636,0 -8.85683591487144,42.3507454308146,0 -8.85683374193377,42.3507500747076,0 -8.85683133383225,42.3507546011242,0 -8.85682869689714,42.3507589981657,0 -8.85682583806026,42.3507632542733,0 -8.85682276483676,42.3507673582588,0 -8.85681948530533,42.350771299334,0 -8.85681600808702,42.3507750671388,0 -8.85681234232252,42.3507786517686,0 -8.85680849764818,42.3507820438004,0 -8.85680448417065,42.3507852343173,0 -8.85680031244032,42.3507882149324,0 -8.85679599342357,42.3507909778104,0 -8.85679153847399,42.3507935156883,0 -8.85678695930248,42.3507958218948,0 -8.85678226794649,42.3507978903675,0 -8.85677747673837,42.3507997156688,0 -8.85677259827296,42.3508012930006,0 -8.85676764537449,42.3508026182164,0 -8.76605728111719,42.3725976921846,0 -8.76605623404437,42.3725979731419,0 -8.76605731754281,42.3725980096024,0 -8.85861804666794,42.3732725994958,0 -8.85862333247429,42.3732727778807,0 -8.85862860145688,42.373273235475,0 -8.85863383887753,42.3732739709985,0 -8.85863903008635,42.3732749823941,0 -8.85864416056272,42.3732762668325,0 -8.85864921595589,42.3732778207212,0 -8.85865418212514,42.3732796397135,0 -8.8586590451793,42.3732817187215,0 -8.85866379151565,42.3732840519298,0 -8.85866840785795,42.3732866328122,0 -8.85867288129355,42.3732894541494,0 -8.85867719930957,42.3732925080498,0 -8.85868134982782,42.3732957859712,0 -8.85868532123865,42.3732992787446,0 -8.85868910243342,42.3733029766002,0 -8.85869268283552,42.3733068691945,0 -8.85869605243,42.3733109456394,0 -8.85869920179159,42.3733151945324,0 -8.85870212211101,42.3733196039887,0 -8.89857931191774,42.4371348988649,0 -8.89858002103969,42.4371359707008,0 -8.8985812632798,42.437136300133,0 -8.96414953005614,42.4527141624281,0 -8.96415465381,42.4527155241896,0 -8.96415969819297,42.4527171555843,0 -8.9641646490267,42.4527190520266,0 -8.96416949239575,42.4527212081862,0 -8.96417421468673,42.4527236180028,0 -8.9641788026266,42.452726274703,0 -8.96418324331991,42.4527291708195,0 -8.9641875242851,42.4527322982122,0 -8.96419163348956,42.4527356480908,0 -8.96419555938343,42.4527392110398,0 -8.96419929093211,42.4527429770447,0 -8.96420281764725,42.4527469355202,0 -8.96420612961622,42.4527510753402,0 -8.96420921752999,42.4527553848688,0 -8.96421207270927,42.452759851993,0 -8.96421468712896,42.4527644641571,0 -8.96421705344062,42.4527692083976,0 -8.96421916499322,42.4527740713795,0 -8.96422101585176,42.4527790394346,0 -8.96422260081399,42.4527840985988,0 -8.964223915425,42.4527892346523,0 -8.9642249559898,42.4527944331591,0 -8.96422571958365,42.4527996795076,0 -8.96422620406027,42.4528049589518,0 -8.96422640805796,42.4528102566525,0 -8.96422633100333,42.4528155577194,0 -8.96422597311295,42.4528208472527,0 -8.96422533539277,42.452826110385,0 -8.96422441963522,42.452831332323,0 -8.96422322841426,42.4528364983892,0 -8.96422176507808,42.4528415940634,0 -8.96422003373972,42.4528466050229,0 -8.96421803926549,42.4528515171834,0 -8.96421578726132,42.4528563167381,0 -8.96421328405695,42.4528609901968,0 -8.96421053668822,42.4528655244236,0 -8.96420755287721,42.4528699066742,0 -8.96420434101061,42.4528741246312,0 -8.96420091011609,42.452878166439,0 -8.90183386551835,42.5225210335091,0 -8.90183305678251,42.5225219851603,0 -8.90183422772028,42.5225224194398,0 -8.96193577702082,42.54305558218,0 -8.9619369803108,42.5430559588393,0 -8.96193744222371,42.5430547856319,0 -8.99638039937924,42.4484727294513,0 -8.99638229463127,42.4484679160353,0 -8.99638443626684,42.4484632070704,0 -8.99638681855471,42.4484586151581,0 -8.99638943511967,42.4484541525869,0 -8.99639227895952,42.4484498312991,0 -8.9963953424639,42.4484456628588,0 -8.99639861743456,42.4484416584211,0 -8.99640209510738,42.4484378287024,0 -8.99640576617576,42.4484341839512,0 -8.99640962081558,42.4484307339214,0 -8.99641364871146,42.4484274878456,0 -8.99641783908436,42.4484244544104,0 -8.99642218072045,42.4484216417338,0 -8.99642666200109,42.4484190573426,0 -8.99643127093394,42.448416708153,0 -8.99643599518507,42.4484146004516,0 -8.99644082211193,42.4484127398789,0 -8.9964457387972,42.4484111314139,0 -8.99645073208336,42.4484097793609,0 -8.9964557886079,42.4484086873383,0 -8.99646089483908,42.4484078582684,0 -8.99646603711214,42.4484072943698,0 -8.99647120166586,42.4484069971517,0 -8.99647637467941,42.4484069674093,0 -8.99648154230931,42.4484072052223,0 -8.99648669072649,42.4484077099543,0 -8.99649180615329,42.4484084802545,0 -8.99649687490035,42.4484095140616,0 -8.9965018834032,42.448410808609,0 -8.99650681825863,42.4484123604323,0 -8.99651166626049,42.4484141653788,0 -8.99651641443505,42.4484162186182,0 -8.99652105007577,42.4484185146559,0 -8.9965255607772,42.4484210473474,0 -8.9965299344683,42.4484238099151,0 -9.07078963681305,42.4980613197874,0 -9.0707938567432,42.4980643010738,0 -9.07079791705475,42.4980674963437,0 -9.07080180690835,42.498070897067,0 -9.07080551591967,42.498074494165,0 -9.0708090341872,42.4980782780352,0 -9.0708123523186,42.498082238576,0 -9.07081546145584,42.4980863652145,0 -9.07081835329879,42.4980906469342,0 -9.07082102012744,42.4980950723048,0 -9.07082345482243,42.4980996295122,0 -9.07082565088416,42.4981043063907,0 -9.07082760245002,42.4981090904549,0 -9.07082930431015,42.4981139689333,0 -9.07083075192128,42.4981189288024,0 -9.07083194141888,42.4981239568214,0 -9.0708328696275,42.4981290395676,0 -9.07083353406918,42.498134163472,0 -9.07083393297015,42.4981393148561,0 -9.07083406526551,42.4981444799676,0 -9.07083393060208,42.498149645018,0 -9.07083352933936,42.4981547962186,0 -9.07083286254855,42.4981599198179,0 -9.07083193200971,42.4981650021379,0 -9.070830740207,42.498170029611,0 -9.05695032994796,42.5506437526595,0 -9.05695003786525,42.5506449845906,0 -9.05695110716573,42.5506456625012,0 -9.11314527258635,42.5842708914206,0 -9.11314974854848,42.5842737335293,0 -9.11315406758195,42.5842768088779,0 -9.11315821754516,42.5842801088211,0 -9.11316218677182,42.5842836240819,0 -9.1131659641037,42.5842873447785,0 -9.11316953892204,42.5842912604513,0 -9.11317290117737,42.5842953600925,0 -9.11317604141779,42.5842996321774,0 -9.1131789508155,42.5843040646964,0 -9.11318162119166,42.5843086451888,0 -9.11318404503935,42.584313360778,0 -9.1131862155447,42.5843181982077,0 -9.11318812660602,42.5843231438789,0 -9.11318977285098,42.5843281838885,0 -9.11319114965167,42.5843333040681,0 -9.11319225313767,42.5843384900239,0 -9.11319308020686,42.5843437271773,0 -9.11319362853421,42.5843490008057,0 -9.11319389657828,42.584354296084,0 -9.11319388358553,42.5843595981261,0 -9.1131935895925,42.584364892027,0 -9.11319301542565,42.5843701629047,0 -9.11319216269908,42.5843753959418,0 -9.11319103380994,42.5843805764271,0 -9.11318963193175,42.5843856897975,0 -9.11318796100546,42.5843907216784,0 -9.11318602572832,42.5843956579241,0 -9.11318383154077,42.584400484658,0 -9.05505029493907,42.7037758596689,0 -9.05504793060715,42.7037804140326,0 -9.0550453357579,42.7037848411142,0 -9.05504251722415,42.7037891292561,0 -9.05503948242775,42.7037932671668,0 -9.05503623936002,42.7037972439501,0 -9.0550327965607,42.7038010491344,0 -9.05502916309547,42.7038046726995,0 -9.05502534853207,42.7038081051039,0 -9.05502136291513,42.7038113373093,0 -8.98139903107852,42.7604482068024,0 -8.98139807921402,42.760448979295,0 -8.98139928733771,42.7604491872084,0 -9.02454672967484,42.7667238152656,0 -9.02454799255924,42.766723965927,0 -9.02454907766893,42.7667233025168,0 -9.09542733917987,42.7208498494336,0 -9.09543181991347,42.720847113591,0 -9.09543643805265,42.7208446166731,0 -9.09544118086899,42.7208423655619,0 -9.09544603529043,42.7208403664619,0 -9.09545098793731,42.720838624883,0 -9.09545602515923,42.7208371456251,0 -9.09546113307271,42.7208359327656,0 -9.09546629759941,42.7208349896472,0 -9.09547150450496,42.7208343188693,0 -9.09547673943818,42.7208339222807,0 -9.09548198797066,42.7208338009745,0 -9.09548723563649,42.720833955285,0 -9.09549246797215,42.7208343847869,0 -9.09549767055638,42.7208350882965,0 -9.09550282904992,42.7208360638747,0 -9.09550792923502,42.7208373088326,0 -9.09551295705466,42.720838819739,0 -9.09551789865125,42.7208405924295,0 -9.09552274040486,42.7208426220182,0 -9.09552746897074,42.7208449029112,0 -9.09553207131611,42.720847428822,0 -9.09553653475608,42.7208501927888,0 -9.09554084698858,42.7208531871934,0 -9.09554499612834,42.7208564037829,0 -9.09554897073957,42.7208598336916,0 -9.17462645792568,42.79280690887,0 -9.17463028297784,42.7928105789721,0 -9.17463390817165,42.7928144466126,0 -9.17463732332009,42.7928185009233,0 -9.17464051882635,42.7928227305111,0 -9.17464348571084,42.7928271234907,0 -9.17464621563642,42.7928316675176,0 -9.17464870093182,42.7928363498226,0 -9.17465093461319,42.7928411572482,0 -9.17465291040373,42.7928460762852,0 -9.17465462275133,42.7928510931108,0 -9.1746560668442,42.7928561936274,0 -9.17465723862432,42.7928613635021,0 -9.17465813479892,42.7928665882074,0 -9.17465875284968,42.7928718530613,0 -9.17465909103985,42.7928771432693,0 -9.17465914841908,42.7928824439656,0 -9.17465892482614,42.7928877402548,0 -9.17465842088933,42.7928930172541,0 -9.17465763802475,42.7928982601346,0 -9.17465657843231,42.7929034541637,0 -9.17465524508953,42.7929085847455,0 -9.1746536417432,42.792913637463,0 -9.17465177289882,42.7929185981177,0 -9.17464964380797,42.7929234527696,0 -9.17464726045355,42.792928187777,0 -9.17464462953293,42.7929327898342,0 -9.17464175843919,42.792937246009,0 -9.17463865524029,42.7929415437794,0 -9.17463532865642,42.7929456710683,0 -9.14276985626684,42.830403993446,0 -9.14276904943244,42.830404994321,0 -9.14277006222015,42.8304057861502,0 -9.21012506874972,42.8802552956267,0 -9.21012922433965,42.8802585442509,0 -9.21013320285298,42.8802620074746,0 -9.2101369932205,42.8802656756623,0 -9.21014058489646,42.8802695386081,0 -9.21014396788793,42.8802735855644,0 -9.21014713278258,42.8802778052716,0 -9.21015007077489,42.8802821859894,0 -9.21015277369063,42.8802867155294,0 -9.21015523400962,42.8802913812895,0 -9.21015744488665,42.8802961702883,0 -9.21015940017049,42.8803010692017,0 -9.21016109442107,42.8803060643995,0 -9.21016252292456,42.880311141984,0 -9.2101636817065,42.8803162878281,0 -9.21016456754288,42.8803214876147,0 -9.21016517796908,42.8803267268767,0 -9.21016551128675,42.8803319910373,0 -9.2101655665685,42.8803372654501,0 -9.21016534366054,42.8803425354405,0 -9.21016484318304,42.880347786346,0 -9.21016406652847,42.8803530035574,0 -9.21016301585766,42.880358172559,0 -9.21016169409385,42.8803632789694,0 -9.2101601049145,42.8803683085813,0 -9.21015825274112,42.880373247401,0 -9.21015614272691,42.8803780816876,0 -9.21015378074244,42.8803827979909,0 -9.21015117335936,42.8803873831888,0 -9.21014832783206,42.8803918245243,0 -9.21014525207748,42.8803961096405,0 -9.21014195465315,42.880400226615,0 -9.21013844473333,42.8804041639936,0 -9.21013473208347,42.8804079108213,0 -9.21013082703311,42.8804114566735,0 -9.21012674044705,42.8804147916849,0 -9.2101224836952,42.8804179065767,0 -9.2101180686209,42.8804207926823,0 -9.21011350750798,42.880423441972,0 -9.2101088130466,42.8804258470747,0 -9.21010399829791,42.8804280012989,0 -9.21009907665775,42.8804298986509,0 -9.16845324351256,42.8952355579144,0 -9.16845211615133,42.8952359925479,0 -9.16845328981136,42.8952362795522,0 -9.23009169445127,42.9085957170369,0 -9.23009298326153,42.9085959605223,0 -9.23009370428022,42.9085948648722,0 -9.25693338132293,42.8653358556386,0 -9.25693621109268,42.8653315467648,0 -9.25693925915102,42.8653273894423,0 -9.25694251739803,42.8653233947187,0 -9.25694597717527,42.8653195732097,0 -9.25694962928872,42.8653159350704,0 -9.25695346403325,42.8653124899689,0 -9.25695747121842,42.8653092470602,0 -9.25696164019554,42.8653062149619,0 -9.25696595988598,42.8653034017316,0 -9.25697041881059,42.8653008148452,0 -9.25697500512024,42.865298461177,0 -9.25697970662726,42.8652963469818,0 -9.25698451083788,42.8652944778776,0 -9.25698940498539,42.8652928588315,0 -9.25699437606409,42.865291494146,0 -9.25699941086384,42.8652903874475,0 -9.25700449600517,42.8652895416771,0 -9.25700961797483,42.8652889590821,0 -9.2570147631617,42.865288641211,0 -9.25701991789297,42.8652885889082,0 -9.25702506847046,42.8652888023129,0 -9.25703020120703,42.8652892808579,0 -9.25703530246295,42.8652900232716,0 -9.25704035868215,42.865291027581,0 -9.25704535642824,42.8652922911174,0 -9.29907105801251,42.8770776772244,0 -9.29907616985491,42.8770792594478,0 -9.29908118974242,42.8770811128482,0 -9.29908610330089,42.8770832321185,0 -9.29909089646068,42.8770856111904,0 -9.29909555549687,42.8770882432514,0 -9.29910006706861,42.8770911207649,0 -9.2991044182573,42.8770942354913,0 -9.29910859660358,42.8770975785118,0 -9.29911259014304,42.8771011402538,0 -9.29911638744042,42.8771049105185,0 -9.29911997762241,42.8771088785101,0 -9.29912335040874,42.8771130328664,0 -9.29912649614166,42.8771173616916,0 -9.29912940581355,42.8771218525905,0 -9.29913207109277,42.8771264927037,0 -9.29913448434746,42.8771312687444,0 -9.32165293607637,42.9248263856406,0 -9.32165499211677,42.924831044082,0 -9.32165680836112,42.9248358011436,0 -9.3216583801002,42.9248406444911,0 -9.32165970325874,42.9248455615665,0 -9.32166077440601,42.9248505396206,0 -9.32166159076469,42.924855565746,0 -9.3216621502181,42.924860626911,0 -9.32166245131567,42.9248657099926,0 -9.32166249327671,42.9248708018114,0 -9.3216622759924,42.9248758891649,0 -9.32166180002615,42.9248809588626,0 -9.32166106661204,42.9248859977596,0 -9.3216600776517,42.9248909927907,0 -9.32165883570935,42.9248959310048,0 -9.32165734400515,42.9249007995977,0 -9.32165560640683,42.9249055859461,0 -9.32165362741971,42.9249102776397,0 -9.32165141217499,42.9249148625137,0 -9.28563761006649,42.994848815333,0 -9.28563704000395,42.9948499987684,0</coordinates></LinearRing></outerBoundaryIs><innerBoundaryIs><LinearRing><coordinates>-8.86252336449543,42.5878134360406,0 -8.86252290162892,42.5878137239467,0 -8.83306101568074,42.6072323305553,0 -8.83306001747218,42.6072330238927,0 -8.83305905416642,42.6072337649593,0 -8.81606601529535,42.6209771788623,0 -8.81606548353368,42.6209776324047,0 -8.8160660627827,42.620977241327,0 -8.86252292932269,42.5878137643086,0 -8.86252336449543,42.5878134360406,0</coordinates></LinearRing></innerBoundaryIs></Polygon><Polygon><outerBoundaryIs><LinearRing><coordinates>-5.70761412162206,43.5218343902387,0 -5.70760893660272,43.5218343215711,0 -5.70760376211396,43.5218339842184,0 -5.70759861206954,43.5218333790877,0 -5.70759350031747,43.5218325078062,0 -5.70758844060283,43.5218313727165,0 -5.70758344653074,43.521829976871,0 -5.70757853152985,43.5218283240228,0 -5.70757370881616,43.5218264186165,0 -5.70756899135755,43.5218242657753,0 -5.70756439183884,43.5218218712882,0 -5.70755992262775,43.5218192415938,0 -5.70755559574161,43.5218163837629,0 -5.70755142281504,43.5218133054802,0 -5.70754741506867,43.5218100150228,0 -5.70754358327901,43.5218065212385,0 -5.70753993774939,43.5218028335218,0 -5.70753648828234,43.5217989617886,0 -5.70753324415318,43.5217949164497,0 -5.70753021408508,43.5217907083827,0 -5.70752740622565,43.5217863489027,0 -5.70752482812498,43.5217818497319,0 -5.70752248671535,43.5217772229683,0 -5.70752038829262,43.5217724810527,0 -5.70751853849927,43.5217676367359,0 -5.70751694230922,43.5217627030438,0 -5.7075156040145,43.5217576932426,0 -5.70751452721368,43.5217526208033,0 -5.70751371480216,43.5217474993652,0 -5.70751316896446,43.5217423426994,0 -5.70751289116829,43.5217371646718,0 -5.70751288216062,43.5217319792056,0 -5.70751314196566,43.5217268002441,0 -5.70751366988484,43.5217216417131,0 -5.70751446449861,43.5217165174834,0 -5.70751552367032,43.5217114413337,0 -5.70751684455197,43.5217064269132,0 -5.7075184235918,43.5217014877054,0 -5.70752025654392,43.5216966369913,0 -5.70752233847967,43.5216918878141,0 -5.70752466380092,43.5216872529439,0 -5.70752722625506,43.5216827448434,0 -5.70753001895189,43.5216783756347,0 -5.70753303438208,43.521674157066,0 -5.70753626443739,43.5216701004808,0 -5.70753970043249,43.5216662167869,0 -5.70754333312828,43.5216625164272,0 -5.70754715275675,43.5216590093516,0 -5.70755114904726,43.5216557049904,0 -5.70755531125411,43.5216526122287,0 -5.7075596281855,43.5216497393827,0 -5.70756408823356,43.5216470941772,0 -5.70756867940561,43.521644683725,0 -5.74902312957757,43.5012334179136,0 -5.74902783512432,43.5012312505877,0 -5.74903264660094,43.501229329868,0 -5.74903755109369,43.5012276609095,0 -5.74904253543917,43.5012262481917,0 -5.74904758625966,43.5012250955061,0 -5.74905268999902,43.5012242059466,0 -5.74905783295908,43.5012235819007,0 -5.74906300133642,43.5012232250433,0 -5.74906818125938,43.5012231363321,0 -5.74907335882533,43.5012233160053,0 -5.74907852013794,43.5012237635806,0 -5.74908365134453,43.5012244778568,0 -5.74908873867321,43.5012254569168,0 -5.74909376846986,43.5012266981328,0 -5.74909872723478,43.5012281981735,0 -5.74910360165889,43.5012299530129,0 -5.7491083786595,43.501231957941,0 -5.7491130454154,43.5012342075767,0 -5.74911758940125,43.5012366958822,0 -5.74912199842125,43.5012394161789,0 -5.74912626064181,43.5012423611657,0 -5.74913036462336,43.5012455229385,0 -5.74913429935102,43.5012488930111,0 -5.74913805426421,43.5012524623386,0 -5.74914161928492,43.501256221341,0 -5.76684325000317,43.5209168984532,0 -5.76684663182715,43.5209208571099,0 -5.76684980302965,43.5209249864163,0 -5.76685275501426,43.5209292751787,0 -5.76685547977883,43.5209337117713,0 -5.76685796993716,43.5209382841676,0 -5.76686021873899,43.5209429799727,0 -5.76686222008835,43.5209477864576,0 -5.76686396856005,43.5209526905929,0 -5.76686545941436,43.5209576790846,0 -5.76686668860994,43.5209627384101,0 -5.76686765281471,43.5209678548547,0 -5.76686834941494,43.5209730145489,0 -5.76686877652231,43.5209782035059,0 -5.76686893297903,43.5209834076598,0 -5.76686881836097,43.5209886129032,0 -5.76686843297885,43.5209938051259,0 -5.76686777787734,43.520998970253,0 -5.76686685483227,43.5210040942831,0 -5.76686566634581,43.521009163326,0 -5.76686421563966,43.5210141636408,0 -5.76686250664637,43.5210190816727,0 -5.76686054399861,43.5210239040901,0 -5.76685833301667,43.5210286178206,0 -5.76685587969402,43.5210332100863,0 -5.76685319068104,43.5210376684386,0 -5.76685027326704,43.521041980792,0 -5.76684713536044,43.5210461354566,0 -5.7668437854674,43.5210501211702,0 -5.76684023266869,43.5210539271283,0 -5.76683648659514,43.521057543014,0 -5.76683255740149,43.5210609590253,0 -5.76682845573888,43.5210641659023,0 -5.76682419272597,43.5210671549518,0 -5.76681977991881,43.5210699180712,0 -5.7668152292795,43.5210724477704,0 -5.76681055314377,43.5210747371919,0 -5.76680576418756,43.5210767801296,0 -5.76680087539261,43.5210785710456,0 -5.76679590001133,43.5210801050851,0 -5.76679085153083,43.5210813780897,0 -5.76678574363637,43.5210823866086,0 -5.76678059017428,43.5210831279079,0 -5.76677540511442,43.5210835999781,0 -5.76677020251227,43.5210838015395,0 -5.70761412162206,43.5218343902387,0</coordinates></LinearRing></outerBoundaryIs></Polygon><Polygon><outerBoundaryIs><LinearRing><coordinates>-8.96820136431881,42.377119764556,0 -8.96820418898389,42.3771240793007,0 -8.96820678745075,42.3771285339303,0 -8.96820915280856,42.3771331165973,0 -8.96821127876647,42.3771378151139,0 -8.96821315967035,42.3771426169838,0 -8.96821479051778,42.3771475094363,0 -8.96821616697141,42.3771524794595,0 -8.96821728537044,42.3771575138351,0 -8.96821814274042,42.377162599174,0 -8.96821873680111,42.3771677219512,0 -8.96821906597255,42.3771728685424,0 -8.96821912937928,42.3771780252598,0 -8.96821892685269,42.3771831783887,0 -8.96821845893139,42.377188314224,0 -8.96821772685986,42.3771934191066,0 -8.9682167325851,42.3771984794595,0 -8.96821547875146,42.3772034818246,0 -8.9682139686936,42.3772084128975,0 -8.96821220642764,42.3772132595637,0 -8.96821019664046,42.3772180089331,0 -8.96820794467723,42.3772226483745,0 -8.96820545652722,42.3772271655489,0 -8.96820273880787,42.3772315484424,0 -8.96819979874713,42.3772357853986,0 -8.9406380011612,42.4148464147052,0 -8.9406348366608,42.4148505066181,0 -8.94063146479866,42.4148544294181,0 -8.94062789459717,42.4148581726086,0 -8.9406241356094,42.4148617261737,0 -8.94062019789357,42.4148650806049,0 -8.94061609198616,42.4148682269263,0 -8.94061182887368,42.4148711567191,0 -8.94060741996328,42.4148738621439,0 -8.94060287705225,42.4148763359614,0 -8.94059821229642,42.4148785715524,0 -8.94059343817765,42.4148805629349,0 -8.94058856747045,42.4148823047803,0 -8.94058361320777,42.4148837924278,0 -8.94057858864612,42.4148850218969,0 -8.94057350723014,42.4148859898978,0 -8.94056838255658,42.4148866938402,0 -8.94056322833795,42.4148871318407,0 -8.94055805836582,42.4148873027271,0 -8.9405528864739,42.4148872060423,0 -8.94054772650103,42.4148868420449,0 -8.94054259225419,42.414886211709,0 -8.94053749747149,42.4148853167211,0 -8.94053245578546,42.4148841594762,0 -8.90353081640854,42.4053771878115,0 -8.90352583027203,42.4053757679518,0 -8.90352092442214,42.405374091588,0 -8.9035161120446,42.4053721632257,0 -8.9035114060739,42.4053699880478,0 -8.90350681915854,42.4053675719008,0 -8.90350236362704,42.4053649212786,0 -8.90349805145477,42.4053620433055,0 -8.90349389423181,42.4053589457168,0 -8.90348990313174,42.405355636838,0 -8.90348608888168,42.4053521255625,0 -8.90348246173339,42.4053484213279,0 -8.90347903143578,42.4053445340901,0 -8.90347580720863,42.4053404742973,0 -8.90347279771788,42.405336252861,0 -8.90347001105232,42.4053318811275,0 -8.90346745470181,42.4053273708469,0 -8.90346513553721,42.4053227341418,0 -8.90346305979185,42.4053179834744,0 -8.90346123304485,42.4053131316135,0 -8.90345966020605,42.4053081915997,0 -8.90345834550285,42.4053031767104,0 -8.90345729246886,42.4052981004245,0 -8.90345650393437,42.4052929763858,0 -8.90345598201877,42.4052878183666,0 -8.90345572812486,42.4052826402301,0 -8.90345574293502,42.4052774558942,0 -8.90345602640945,42.4052722792929,0 -8.90345657778625,42.4052671243397,0 -8.90345739558345,42.4052620048898,0 -8.903458477603,42.4052569347032,0 -8.90345982093671,42.4052519274072,0 -8.90346142197402,42.4052469964601,0 -8.93186980020665,42.3249063889491,0 -8.93187167157258,42.324901506649,0 -8.93187379557198,42.3248967288367,0 -8.93187616639808,42.324892068574,0 -8.9318787775693,42.3248875386017,0 -8.931881621947,42.3248831513041,0 -8.93188469175498,42.3248789186757,0 -8.93188797860072,42.324874852288,0 -8.93189147349837,42.3248709632579,0 -8.93189516689327,42.3248672622177,0 -8.9318990486881,42.3248637592856,0 -8.93190310827048,42.3248604640383,0 -8.93190733454196,42.3248573854844,0 -8.9319117159484,42.3248545320406,0 -8.93191624051153,42.3248519115077,0 -8.93192089586172,42.3248495310499,0 -8.93192566927175,42.3248473971753,0 -8.93193054769168,42.3248455157175,0 -8.93193551778445,42.3248438918203,0 -8.9319405659624,42.3248425299232,0 -8.93194567842438,42.3248414337495,0 -8.9319508411935,42.3248406062959,0 -8.93195604015533,42.3248400498247,0 -8.93196126109651,42.3248397658572,0 -8.93196648974358,42.3248397551698,0 -8.931971711802,42.3248400177915,0 -8.93197691299526,42.3248405530045,0 -8.93198207910389,42.3248413593456,0 -8.93198719600434,42.3248424346103,0 -8.93199224970758,42.3248437758589,0 -8.93199722639736,42.3248453794247,0 -8.93200211246798,42.3248472409236,0 -8.93200689456147,42.3248493552666,0 -8.93201155960414,42.3248517166732,0 -8.93201609484228,42.3248543186877,0 -8.93202048787707,42.3248571541964,0 -8.93202472669845,42.3248602154474,0 -8.93202879971798,42.3248634940715,0 -8.93203269580046,42.3248669811055,0 -8.93203640429446,42.324870667016,0 -8.93203991506137,42.3248745417263,0 -8.93204321850317,42.3248785946434,0 -8.9320463055886,42.324882814687,0 -8.96820136431881,42.377119764556,0</coordinates></LinearRing></outerBoundaryIs></Polygon></MultiGeometry>
  </Placemark>
  <Placemark>
	<Style><LineStyle><color>ff0000ff</color></LineStyle><PolyStyle><fill>0</fill></PolyStyle></Style>
      <MultiGeometry><Polygon><outerBoundaryIs><LinearRing><coordinates>2.56965102087294,39.5136429709372,0 2.56965019531964,39.5136419605755,0 2.51314811285968,39.4406568988468,0 2.51314484335457,39.4406528938729,0 2.51314137122887,39.4406490632302,0 2.51313770576339,39.440645417158,0 2.51313385675572,39.440641965402,0 2.51312983449407,39.4406387171885,0 2.51312564972973,39.4406356811999,0 2.51312131364835,39.4406328655511,0 2.51311683784005,39.4406302777683,0 2.51311223426845,39.4406279247685,0 2.51310751523864,39.4406258128411,0 2.51310269336435,39.4406239476312,0 2.5130977815342,39.4406223341243,0 2.51309279287725,39.4406209766334,0 2.51308774072792,39.440619878787,0 2.51308263859035,39.4406190435194,0 2.51307750010228,39.4406184730634,0 2.51307233899863,39.4406181689437,0 2.51306716907476,39.4406181319732,0 2.51306200414959,39.4406183622508,0 2.51305685802872,39.440618859161,0 2.51305174446746,39.4406196213754,0 2.51304667713408,39.4406206468568,0 2.5130416695733,39.4406219328641,0 2.51303673517008,39.4406234759599,0 2.51303188711382,39.4406252720195,0 2.51302713836312,39.4406273162422,0 2.51302250161114,39.4406296031639,0 2.51301798925168,39.4406321266717,0 2.28528865769245,39.575832305835,0 2.28528419610861,39.5758351163006,0 2.28527988887149,39.5758381580362,0 2.28527574795712,39.5758414225845,0 2.28527178487907,39.5758449008685,0 2.28526801065648,39.5758485832171,0 2.28526443578335,39.5758524593917,0 2.28526107019943,39.5758565186148,0 2.28525792326253,39.5758607495999,0 2.28525500372254,39.5758651405831,0 2.28525231969707,39.5758696793555,0 2.28524987864892,39.5758743532972,0 2.28524768736529,39.5758791494127,0 2.2852457519389,39.5758840543665,0 2.28524407775112,39.5758890545207,0 2.28524266945693,39.5758941359728,0 2.285241530972,39.5758992845939,0 2.28524066546185,39.5759044860686,0 2.28524007533296,39.5759097259345,0 2.28523976222616,39.5759149896225,0 2.28523972701203,39.5759202624972,0 2.28523996978848,39.5759255298976,0 2.28524048988047,39.575930777178,0 2.28524128584193,39.5759359897486,0 2.28524235545973,39.5759411531162,0 2.28524369575985,39.5759462529243,0 2.28524530301567,39.5759512749932,0 2.28524717275829,39.5759562053593,0 2.285249299789,39.575961030314,0 2.28525167819371,39.5759657364417,0 2.2852543013594,39.5759703106574,0 2.2852571619925,39.5759747402427,0 2.28526025213918,39.5759790128813,0 2.28526356320745,39.5759831166934,0 2.28526708599108,39.5759870402687,0 2.28527081069516,39.5759907726978,0 2.28527472696335,39.5759943036029,0 2.28527882390668,39.5759976231665,0 2.28528309013384,39.5760007221587,0 2.28528751378281,39.5760035919631,0 2.76623357747679,39.8702933986862,0 2.76623774845085,39.8702958147022,0 2.766242031002,39.8702980269214,0 2.76624641518011,39.8703000302038,0 2.76625089079889,39.870301819895,0 2.76625544745964,39.8703033918368,0 2.76626007457533,39.8703047423768,0 3.17371689061011,39.9786459824699,0 3.17372191873331,39.9786471811922,0 3.17372700208092,39.9786481184943,0 3.17373212707077,39.9786487918718,0 3.17373728000941,39.9786491995255,0 3.17374244712873,39.9786493403662,0 3.17374761462272,39.9786492140176,0 3.22635673049827,39.9760010655093,0 3.2263619304089,39.9760006676058,0 3.22636710250428,39.9759999991545,0 3.22637223271764,39.9759990619733,0 3.22637730709615,39.9759978586111,0 3.22638231183881,39.9759963923408,0 3.22638723333403,39.9759946671502,0 3.22639205819662,39.9759926877314,0 3.22639677330421,39.9759904594679,0 3.22640136583293,39.97598798842,0 3.2264058232923,39.9759852813083,0 3.22641013355919,39.9759823454955,0 3.2264142849108,39.9759791889661,0 3.22641826605653,39.9759758203052,0 3.2264220661687,39.9759722486746,0 3.22642567491199,39.9759684837882,0 3.22642908247157,39.9759645358855,0 3.22643227957975,39.9759604157039,0 3.22643525754123,39.975956134449,0 3.22643800825674,39.9759517037649,0 3.22644052424505,39.9759471357018,0 3.22644279866331,39.9759424426836,0 3.2264448253257,39.9759376374742,0 3.22644659872024,39.9759327331425,0 3.22644811402374,39.975927743027,0 3.22644936711498,39.9759226806994,0 3.22645035458587,39.9759175599281,0 3.22645107375076,39.9759123946401,0 3.22645152265369,39.9759071988838,0 3.22645170007378,39.9759019867902,0 3.22645160552847,39.9758967725348,0 3.22645123927492,39.9758915702992,0 3.22255764329394,39.9356123198758,0 3.22255701166522,39.9356071795216,0 3.22255611475314,39.9356020787624,0 3.22255495496343,39.9355970312795,0 3.22255353540688,39.9355920506114,0 3.22255185989107,39.9355871501173,0 3.22254993291009,39.9355823429413,0 3.22254775963254,39.9355776419776,0 3.22254534588761,39.9355730598349,0 3.2225426981495,39.9355686088037,0 3.22253982352003,39.9355643008226,0 3.22253672970959,39.9355601474465,0 3.22253342501644,39.9355561598158,0 3.22252991830452,39.935552348626,0 3.22252621897958,39.9355487240997,0 3.22252233696403,39.9355452959586,0 3.22251828267029,39.9355420733978,0 3.22251406697286,39.9355390650609,0 3.22250970117917,39.9355362790169,0 3.22250519699924,39.9355337227385,0 3.22250056651426,39.9355314030824,0 3.10876718249241,39.8821945545462,0 3.10876620385497,39.882194064023,0 3.10876728721677,39.8821942210947,0 3.21909893557925,39.9011449905016,0 3.21910413008638,39.9011457429572,0 3.21910935691901,39.901146221825,0 3.21911460167771,39.9011464257856,0 3.21911984991363,39.9011463542773,0 3.21912508716837,39.901146007497,0 3.21913029901375,39.9011453864,0 3.21913547109163,39.9011444926975,0 3.21914058915338,39.9011433288514,0 3.21914563909922,39.9011418980682,0 3.219150607017,39.9011402042894,0 3.21915547922056,39.9011382521812,0 3.21916024228742,39.9011360471216,0 3.21916488309577,39.9011335951853,0 3.21916938886058,39.9011309031271,0 3.21917374716891,39.9011279783635,0 3.21917794601398,39.9011248289519,0 3.21918197382838,39.9011214635685,0 3.21918581951584,39.9011178914849,0 3.21918947248183,39.9011141225416,0 3.21919292266277,39.9011101671219,0 3.21919616055371,39.9011060361225,0 3.21919917723457,39.901101740924,0 3.21920196439466,39.9010972933592,0 3.21920451435561,39.9010927056808,0 3.21920682009251,39.9010879905275,0 3.21920887525326,39.901083160889,0 3.21921067417607,39.9010782300705,0 3.21921221190509,39.9010732116561,0 3.219213484204,39.901068119471,0 3.21921448756774,39.9010629675437,0 3.21921521923212,39.9010577700673,0 3.21921567718149,39.9010525413604,0 3.21921586015424,39.9010472958275,0 3.21921576764628,39.9010420479198,0 3.21921539991247,39.9010368120945,0 3.21417782371533,39.8489230863351,0 3.21417716877441,39.8489177906267,0 3.21417623228463,39.8489125373932,0 3.21417501691251,39.8489073415925,0 3.21417352611864,39.8489022180187,0 3.21417176414782,39.8488971812605,0 3.21416973601699,39.8488922456592,0 3.21416744750096,39.8488874252682,0 3.21416490511591,39.8488827338129,0 3.21416211610091,39.8488781846514,0 3.21415908839724,39.8488737907369,0 3.21415583062583,39.8488695645802,0 3.2141523520627,39.8488655182147,0 3.21414866261251,39.8488616631619,0 3.21414477278041,39.8488580103985,0 3.21414069364211,39.848854570325,0 3.21413643681234,39.8488513527366,0 3.21413201441176,39.8488483667949,0 3.21412743903248,39.8488456210019,0 3.21412272370221,39.8488431231758,0 3.14556417457079,39.8148365826128,0 3.14556304991119,39.8148359875188,0 3.14556376208026,39.8148349330941,0 3.16924525694091,39.7816810402765,0 3.16924602095796,39.7816800264911,0 3.16924718333777,39.7816795162401,0 3.24616078771862,39.7502364955923,0 3.24616199785399,39.7502360374866,0 3.24616314780404,39.7502366307008,0 3.34975003396817,39.8071560392772,0 3.34975478772232,39.8071584882509,0 3.34975966559145,39.8071606796074,0 3.34976465362696,39.8071626070804,0 3.34976973756525,39.8071642651583,0 3.34977490286846,39.8071656490995,0 3.34978013476608,39.8071667549467,0 3.34978541829714,39.8071675795376,0 3.34979073835306,39.8071681205141,0 3.34979607972078,39.8071683763295,0 3.34980142712632,39.8071683462521,0 3.34980676527842,39.8071680303679,0 3.34981207891229,39.8071674295803,0 3.34981735283324,39.8071665456073,0 3.34982257196017,39.8071653809765,0 3.34982772136862,39.8071639390184,0 3.34983278633354,39.8071622238563,0 3.47119295043332,39.7624143983259,0 3.47119783415716,39.7624124502778,0 3.47120260873904,39.7624102482293,0 3.47120726097933,39.762407798268,0 3.47121177801658,39.762405107167,0 3.47121614736318,39.7624021823661,0 3.47122035693976,39.762399031951,0 3.47122439510869,39.7623956646314,0 3.47122825070617,39.7623920897163,0 3.47123191307317,39.7623883170888,0 3.47123537208484,39.7623843571787,0 3.4712386181785,39.7623802209333,0 3.47124164238012,39.7623759197875,0 3.4712444363291,39.7623714656323,0 3.47124699230139,39.7623668707813,0 3.47124930323083,39.7623621479373,0 3.49726737232358,39.7054457493827,0 3.4972694343513,39.7054409051969,0 3.49727123857304,39.7054359592008,0 3.49727277998786,39.7054309251036,0 3.49727405432323,39.705425816859,0 3.49727505804695,39.7054206486259,0 3.49727578837689,39.7054154347298,0 3.4972762432887,39.7054101896227,0 3.49727642152147,39.7054049278428,0 3.49727632258116,39.705399663975,0 3.49727594674202,39.7053944126095,0 3.4972752950458,39.7053891883023,0 3.49727436929888,39.705384005534,0 3.49727317206725,39.7053788786704,0 3.49727170666942,39.7053738219221,0 3.49726997716718,39.7053688493055,0 3.49726798835439,39.7053639746037,0 3.46895909715797,39.640884387024,0 3.46895691435931,39.6408797427653,0 3.46895449618645,39.6408752165982,0 3.46895184900735,39.6408708204418,0 3.46894897979302,39.6408665658728,0 3.46894589609919,39.640862464095,0 3.46894260604637,39.64085852591,0 3.4689391182985,39.6408547616886,0 3.46893544204014,39.6408511813432,0 3.46893158695225,39.6408477943023,0 3.46892756318672,39.6408446094853,0 3.46892338133963,39.640841635279,0 3.46891905242336,39.6408388795155,0 3.46891458783757,39.6408363494518,0 3.46890999933917,39.6408340517506,0 3.41815818822284,39.6170285573443,0 3.41815703436834,39.6170279787025,0 3.41815702975756,39.6170266878945,0 3.41931482079869,39.5659759947402,0 3.41931479965615,39.5659706667112,0 3.4193144947632,39.5659653473709,0 3.41931390698538,39.5659600518201,0 3.41931303799131,39.5659547950921,0 3.41931189024789,39.5659495921097,0 3.4193104670134,39.5659444576434,0 3.41930877232816,39.565939406269,0 3.41930681100309,39.5659344523267,0 3.41930458860607,39.5659296098798,0 3.41930211144613,39.5659248926752,0 3.4192993865555,39.5659203141042,0 3.41929642166969,39.5659158871648,0 3.41929322520554,39.5659116244242,0 3.41928980623726,39.5659075379836,0 3.41928617447074,39.5659036394438,0 3.41928234021597,39.5658999398721,0 3.41927831435775,39.5658964497709,0 3.41927410832484,39.565893179048,0 3.316358010435,39.4901747434071,0 3.31635702499129,39.4901739795574,0 3.31635647166051,39.490172862243,0 3.25373398982766,39.3553179730493,0 3.25373156591525,39.3553131044056,0 3.25372888089654,39.3553083747421,0 3.25372594271358,39.3553037980487,0 3.25372276005721,39.3552993878627,0 3.25371934234144,39.355295157229,0 3.25371569967555,39.3552911186615,0 3.25371184283417,39.3552872841059,0 3.2537077832255,39.3552836649044,0 3.25370353285745,39.3552802717622,0 3.25369910430221,39.3552771147161,0 3.25369451065902,39.355274203104,0 3.08506749263205,39.2547136244145,0 3.08506317186206,39.2547111908862,0 3.08505873576453,39.2547089745487,0 3.0850541952483,39.2547069808521,0 3.08504956147901,39.2547052146993,0 3.08504484585163,39.2547036804335,0 3.08504005996239,39.2547023818274,0 3.08503521558033,39.2547013220746,0 3.08503032461834,39.2547005037811,0 3.08502539910383,39.2546999289592,0 3.04040772366677,39.2506113731744,0 3.04040247777014,39.2506110312256,0 3.04039722115225,39.2506109654324,0 3.04039196834048,39.2506111759766,0 3.04038673385169,39.2506116622763,0 3.04038153215209,39.2506124229876,0 3.04037637761729,39.2506134560081,0 3.04037128449256,39.250614758483,0 3.04036626685343,39.2506163268127,0 3.04036133856683,39.2506181566628,0 3.04035651325275,39.2506202429764,0 3.04035180424661,39.2506225799877,0 3.04034722456238,39.2506251612379,0 3.04034278685665,39.2506279795935,0 3.04033850339361,39.2506310272655,0 3.0403343860112,39.2506342958313,0 3.04033044608837,39.2506377762578,0 3.04032669451363,39.2506414589263,0 2.94940488781848,39.3447120814345,0 2.94940398581966,39.3447129681772,0 2.94940272333469,39.3447130459346,0 2.7698477564386,39.3511734616167,0 2.76984237742729,39.3511738004913,0 2.76983702448622,39.3511744286797,0 2.76983171316494,39.3511753443571,0 2.7698264588921,39.3511765448635,0 2.76982127693062,39.3511780267116,0 2.76981618233337,39.351179785597,0 2.76981118989944,39.3511818164102,0 2.76980631413116,39.351184113252,0 2.76980156919195,39.3511866694505,0 2.76979696886519,39.3511894775802,0 2.76979252651419,39.3511925294839,0 2.76978825504335,39.3511958162962,0 2.76978416686069,39.3511993284696,0 2.76978027384183,39.3512030558014,0 2.76977658729542,39.3512069874645,0 2.71909801820375,39.4082617083018,0 2.7190945837211,39.4082657890855,0 2.71909137170352,39.4082700471848,0 2.7190883912887,39.4082744704861,0 2.71908565095545,39.4082790464058,0 2.71908315849962,39.408283761926,0 2.71908092101186,39.4082886036318,0 2.71907894485746,39.4082935577494,0 2.7190772356583,39.4082986101849,0 2.71907579827678,39.4083037465651,0 2.71907463680203,39.4083089522777,0 2.71907375453827,39.4083142125132,0 2.7190731539954,39.4083195123071,0 2.71907283688188,39.4083248365822,0 2.71907280409985,39.4083301701919,0 2.72111097310313,39.5076156897703,0 2.72111096576405,39.5076169811344,0 2.7211098779787,39.5076176771217,0 2.65951310382259,39.5447903338609,0 2.65951199620983,39.5447909639169,0 2.65951078185388,39.544790577761,0 2.56965224200472,39.5136434305089,0 2.56965102087294,39.5136429709372,0</coordinates></LinearRing></outerBoundaryIs><innerBoundaryIs><LinearRing><coordinates>2.37338507067415,39.5872630040483,0 2.37338619936268,39.587262448331,0 2.49689936608284,39.5304502900038,0 2.4969041663838,39.5304479244003,0 2.49690883326012,39.5304453053862,0 2.49691335334633,39.5304424404622,0 2.49691771369739,39.530439337833,0 2.49692190182569,39.5304360063843,0 2.49692590573686,39.530432455657,0 2.49692971396412,39.5304286958199,0 2.49693331560109,39.530424737641,0 2.49693670033307,39.530420592456,0 2.49693985846652,39.5304162721363,0 2.49694278095687,39.5304117890549,0 2.49694545943442,39.5304071560508,0 2.49694788622829,39.5304023863924,0 2.49695005438837,39.5303974937397,0 2.4969519577053,39.5303924921045,0 2.49695359072816,39.5303873958112,0 2.49695494878014,39.530382219455,0 2.49695602797193,39.5303769778603,0 2.49695682521282,39.5303716860387,0 2.50264184118571,39.4842982870877,0 2.50264201851535,39.4842971034009,0 2.50264259556735,39.4842981520054,0 2.53203190208314,39.5411458618135,0 2.53203440252976,39.5411504055732,0 2.5320371351885,39.5411548135843,0 2.53204009270908,39.54115907399,0 2.53204326713634,39.5411631753309,0 2.53204664993173,39.541167106575,0 2.53205023199621,39.5411708571482,0 2.53205400369473,39.5411744169622,0 2.53205795488221,39.5411777764417,0 2.53206207493072,39.5411809265505,0 2.53206635275819,39.5411838588155,0 2.5320707768581,39.5411865653492,0 2.53207533533053,39.5411890388719,0 2.5320800159141,39.5411912727302,0 2.63184172513391,39.5856651538176,0 2.63184643406077,39.5856671107107,0 2.6318512366217,39.5856688250127,0 2.63185612032841,39.5856702922657,0 2.63186107248158,39.5856715086545,0 2.63186608020393,39.585672471016,0 2.63187113047365,39.5856731768477,0 2.63187621015833,39.5856736243143,0 2.63188130604904,39.5856738122521,0 2.63188640489472,39.5856737401725,0 2.63189149343663,39.5856734082629,0 2.63189655844281,39.5856728173864,0 2.63190158674252,39.5856719690794,0 2.63190656526046,39.5856708655478,0 2.63191148105078,39.5856695096613,0 2.63191632133073,39.5856679049455,0 2.63192107351394,39.5856660555733,0 2.6319257252431,39.5856639663537,0 2.76762396446201,39.5205108283274,0 2.76762860499028,39.5205084494305,0 2.76763311519747,39.5205058318582,0 2.76763748281867,39.5205029827288,0 2.76764169597674,39.5204999097901,0 2.76764574321455,39.5204966213984,0 2.76764961352618,39.5204931264962,0 2.76765329638685,39.5204894345874,0 2.76765678178151,39.5204855557116,0 2.7676600602321,39.5204815004169,0 2.76766312282331,39.5204772797311,0 2.76766596122684,39.5204729051319,0 2.76766856772403,39.5204683885152,0 2.76767093522687,39.5204637421636,0 2.76767305729725,39.520458978712,0 2.76767492816448,39.5204541111141,0 2.767676542741,39.5204491526067,0 2.76767789663618,39.5204441166737,0 2.76767898616828,39.5204390170096,0 2.76767980837447,39.5204338674824,0 2.76768036101888,39.5204286820955,0 2.76768064259865,39.5204234749498,0 2.76768065234807,39.5204182602055,0 2.76768039024062,39.5204130520433,0 2.76767985698908,39.5204078646262,0 2.76767905404355,39.5204027120607,0 2.76767798358753,39.5203976083584,0 2.76767664853198,39.5203925673981,0 2.76767505250741,39.5203876028882,0 2.76767319985399,39.5203827283288,0 2.74918051013107,39.4753022435701,0 2.74918003924467,39.4753010016027,0 2.74918060983527,39.4752998021681,0 2.79586939662493,39.3835941851429,0 2.79587002174118,39.3835930340724,0 2.79587132903366,39.3835929520969,0 3.02580498842614,39.3753053256437,0 3.02581028906826,39.3753049934624,0 3.02581556459851,39.3753043803296,0 3.02582080013613,39.3753034879748,0 3.02582598091316,39.3753023189151,0 3.0258310923161,39.375300876448,0 3.02583611992714,39.3752991646424,0 3.02584104956482,39.3752971883267,0 3.02584586732404,39.3752949530757,0 3.02585055961527,39.3752924651942,0 3.0258551132029,39.3752897316999,0 3.02585951524255,39.3752867603032,0 3.02586375331732,39.3752835593856,0 3.02586781547281,39.375280137976,0 3.02587169025084,39.3752765057251,0 3.02587536672176,39.3752726728785,0 3.02587883451529,39.3752686502476,0 3.02588208384978,39.3752644491791,0 3.02588510555978,39.375260081523,0 3.02588789112191,39.3752555595992,0 3.02589043267889,39.3752508961627,0 3.02589272306171,39.3752461043679,0 3.02589475580985,39.3752411977309,0 3.02589652518951,39.3752361900921,0 3.02589802620978,39.3752310955765,0 3.0258992546367,39.3752259285543,0 3.02590020700524,39.3752207036001,0 3.02590088062902,39.3752154354522,0 3.02590127360796,39.3752101389705,0 3.02590138483356,39.3752048290948,0 3.0259012139921,39.3751995208027,0 3.02590076156546,39.3751942290675,0 3.02590002882982,39.3751889688157,0 3.02589901785201,39.3751837548848,0 3.01626527939081,39.3317112607582,0 3.01626503929956,39.3317100273698,0 3.01626627941211,39.3317098248562,0 3.06085185554294,39.3256063285649,0 3.06085702520181,39.3256054823832,0 3.06086214345591,39.3256043666452,0 3.06086719626005,39.3256029844127,0 3.06087216974862,39.3256013394787,0 3.06087705027367,39.3255994363572,0 3.06088182444237,39.3255972802705,0 3.06088647915373,39.3255948771354,0 3.06089100163456,39.3255922335463,0 3.06089537947456,39.3255893567575,0 3.06089960066031,39.3255862546635,0 3.0609036536083,39.3255829357768,0 3.06090752719666,39.3255794092049,0 3.06091121079574,39.3255756846252,0 3.06091469429721,39.3255717722584,0 3.06091796814188,39.3255676828407,0 3.06092102334584,39.3255634275939,0 3.06092385152519,39.3255590181951,0 3.06092644491902,39.3255544667442,0 3.06092879641069,39.3255497857312,0 3.06093089954737,39.3255449880012,0 3.06093274855778,39.3255400867201,0 3.06093433836795,39.3255350953375,0 3.06093566461524,39.3255300275506,0 3.06885370042965,39.2916772807822,0 3.06885402194443,39.2916760527793,0 3.06885511932512,39.2916766908374,0 3.22381791066616,39.387318327673,0 3.22381897414483,39.3873190222513,0 3.22381950252012,39.3873201773468,0 3.27427161738557,39.5055236747296,0 3.27427376947012,39.5055283762823,0 3.27427616169934,39.5055329603094,0 3.27427878767737,39.5055374145551,0 3.27428164038336,39.5055417271105,0 3.27428471219031,39.5055458864455,0 3.27428799488541,39.5055498814397,0 3.27429147969203,39.505553701412,0 3.27429515729317,39.5055573361493,0 3.27429901785636,39.5055607759338,0 3.27430305105998,39.5055640115688,0 3.35008489100414,39.5632041564908,0 3.35008597054504,39.5632050261213,0 3.3500867048978,39.5632062018732,0 3.43750833500111,39.7122628661557,0 3.43750895381021,39.7122639878014,0 3.43750786187396,39.712264657644,0 3.35159915958021,39.7619053299591,0 3.3515979972955,39.7619059606622,0 3.35159675963247,39.7619054949566,0 3.23423837983743,39.7141204056921,0 3.23423350287587,39.7141185665918,0 3.23422853671389,39.7141169841003,0 3.23422349484308,39.7141156625169,0 3.23421839096071,39.7141146054318,0 3.23421323893251,39.7141138157169,0 3.23420805275504,39.7141132955176,0 3.2342028465176,39.7141130462471,0 3.23419763436399,39.7141130685827,0 3.2341924304541,39.7141133624636,0 3.23418724892542,39.7141139270914,0 3.23418210385462,39.7141147609322,0 3.23417700921934,39.7141158617208,0 3.2341719788602,39.7141172264666,0 3.2341670264432,39.7141188514619,0 3.06699911511969,39.7738391638495,0 3.06699424159022,39.7738410498995,0 3.0669894732418,39.7738431879658,0 3.06698482309608,39.7738455722097,0 3.0669803038519,39.7738481961202,0 3.06697592785061,39.7738510525317,0 3.06697170704241,39.7738541336439,0 3.06696765295368,39.7738574310427,0 3.06696377665552,39.7738609357234,0 3.06696008873352,39.7738646381153,0 3.06695659925881,39.7738685281076,0 3.06695331776063,39.7738725950775,0 3.06695025320025,39.7738768279186,0 3.06694741394651,39.7738812150717,0 3.06694480775298,39.7738857445562,0 3.06694244173678,39.7738904040026,0 3.06694032235914,39.7738951806869,0 3.06693845540775,39.7739000615646,0 3.06693684598097,39.7739050333067,0 3.06693549847391,39.7739100823362,0 3.0669344165664,39.7739151948649,0 3.06693360321296,39.7739203569314,0 3.06693306063474,39.7739255544388,0 3.06693279031343,39.7739307731935,0 3.06693279298725,39.7739359989439,0 3.06693306864888,39.7739412174192,0 3.06693361654555,39.7739464143687,0 3.06693443518102,39.7739515756001,0 3.06693552231974,39.7739566870191,0 3.06693687499288,39.773961734667,0 3.08574662118435,39.8374667210522,0 3.08574696145013,39.83746799356,0 3.0857462260422,39.8374690863692,0 3.03140175049411,39.9137499465657,0 3.03140098764566,39.9137509607715,0 3.0313997812946,39.9137505667311,0 2.74141220123297,39.8106554270572,0 2.74141101398932,39.8106549705577,0 2.74140991017309,39.8106543384744,0 2.37338612852333,39.5872636850143,0 2.37338507067415,39.5872630040483,0</coordinates></LinearRing></innerBoundaryIs></Polygon><Polygon><outerBoundaryIs><LinearRing><coordinates>-0.345828044446652,39.3879920024497,0 -0.345828813689343,39.3879930175695,0 -0.387551361772739,39.440169675977,0 -0.387554462304365,39.4401737641588,0 -0.387557349061643,39.4401780059932,0 -0.387560014444741,39.4401823903129,0 -0.387562451436632,39.4401869055756,0 -0.387564653621563,39.4401915398941,0 -0.387566615201945,39.4401962810679,0 -0.387568331013619,39.4402011166151,0 -0.387569796539449,39.4402060338054,0 -0.387571007921214,39.4402110196936,0 -0.387571961969767,39.4402160611535,0 -0.387572656173429,39.4402211449127,0 -0.387573088704603,39.4402262575875,0 -0.387573258424586,39.4402313857179,0 -0.387573164886562,39.4402365158034,0 -0.387572808336785,39.4402416343382,0 -0.387572189713928,39.4402467278471,0 -0.387571310646608,39.4402517829205,0 -0.387570173449106,39.4402567862502,0 -0.387568781115266,39.4402617246642,0 -0.387567137310621,39.4402665851614,0 -0.387565246362737,39.4402713549457,0 -0.387563113249822,39.4402760214601,0 -0.387560743587624,39.440280572419,0 -0.387558143614638,39.4402849958416,0 -0.38755532017569,39.4402892800824,0 -0.2307617669015,39.6654148988758,0 -0.230761033847068,39.6654160140583,0 -0.230760761110457,39.6654173204333,0 -0.21351026392066,39.760767376929,0 -0.213509204446311,39.760772472332,0 -0.213507881312224,39.7607775057139,0 -0.213506298102192,39.7607824634416,0 -0.213504459104436,39.7607873320867,0 -0.213502369299995,39.7607920984621,0 -0.213500034349234,39.7607967496579,0 -0.213497460576511,39.760801273076,0 -0.213494654953048,39.7608056564645,0 -0.21349162507805,39.7608098879506,0 -0.21348837915812,39.7608139560732,0 -0.213484925985032,39.7608178498135,0 -0.21348127491192,39.760821558625,0 -0.213477435827942,39.7608250724621,0 -0.026809938653873,39.9229561847269,0 -0.026809024856401,39.9229570191606,0 -0.026808450501912,39.9229581152548,0 0.03553146026541,40.0494824607385,0 0.035533879481483,40.049487064744,0 0.035536534794876,40.049491536744,0 0.035539419023106,40.049495864642,0 0.035542524364487,40.0495000367312,0 0.035545842419235,40.0495040417264,0 0.035549364212187,40.0495078687942,0 0.035553080217077,40.0495115075826,0 0.035556980382308,40.0495149482488,0 0.03556105415814,40.0495181814862,0 0.035565290525222,40.0495211985489,0 0.035569678024404,40.0495239912759,0 0.035574204787734,40.0495265521131,0 0.035578858570553,40.0495288741336,0 0.126427809566898,40.0919444442104,0 0.126428971740211,40.0919450244679,0 0.12642937973099,40.0919462577112,0 0.155330761183171,40.187670839459,0 0.155332455700098,40.1876759503475,0 0.155334422855356,40.1876809626193,0 0.155336656945656,40.1876858617426,0 0.155339151493797,40.1876906335136,0 0.155341899267444,40.1876952640976,0 0.155344892300093,40.1876997400695,0 0.155348121914176,40.1877040484522,0 0.155351578746211,40.1877081767546,0 0.155355252773954,40.1877121130078,0 0.155359133345456,40.1877158457994,0 0.155363209209942,40.1877193643073,0 0.155367468550434,40.1877226583302,0 0.15537189901801,40.1877257183181,0 0.155376487767607,40.1877285353992,0 0.155381221495261,40.187731101406,0 0.155386086476679,40.1877334088991,0 0.155391068607031,40.1877354511885,0 0.244908712300669,40.2216455122083,0 0.244909978751716,40.2216460322619,0 0.244910956674431,40.221646990396,0 0.312259186935617,40.2913691582762,0 0.312259979427158,40.2913700180902,0 0.312260730817813,40.2913709140447,0 0.602501892876091,40.6543798488619,0 0.602505286143679,40.6543838711426,0 0.602508886308579,40.6543877093478,0 0.602512683400851,40.6543913528485,0 0.602516666905205,40.6543947915547,0 0.602520825790119,40.6543980159435,0 0.60252514853839,40.6544010170856,0 0.602529623179028,40.6544037866701,0 0.602534237320409,40.654406317027,0 0.602538978184587,40.6544086011491,0 0.602543832642684,40.654410632711,0 0.602548787251245,40.6544124060865,0 0.60255382828947,40.6544139163649,0 0.602558941797208,40.6544151593635,0 0.602564113613619,40.6544161316401,0 0.764765704151673,40.6805107915266,0 0.764766728744173,40.6805109840746,0 0.764765688659124,40.6805110554058,0 0.598108288843544,40.6875525372241,0 0.598103020584466,40.6875528993675,0 0.598097778787851,40.6875535391094,0 0.598092578070815,40.687554454666,0 0.598087432935924,40.6875556434841,0 0.598082357730747,40.6875571022486,0 0.598077366607849,40.6875588268917,0 0.598072473485327,40.6875608126041,0 0.598067692007996,40.6875630538484,0 0.598063035509342,40.6875655443748,0 0.598058516974337,40.6875682772383,0 0.598054149003233,40.6875712448181,0 0.598049943776425,40.687574438839,0 0.598045913020481,40.687577850394,0 0.598042067975449,40.68758146997,0 0.598038419363505,40.6875852874734,0 0.59803497735906,40.6875892922589,0 0.598031751560384,40.6875934731589,0 0.598028750962845,40.6875978185146,0 0.598025983933818,40.6876023162086,0 0.598023458189359,40.687606953699,0 0.581771408385889,40.7194191806126,0 0.581769144513094,40.7194239146111,0 0.581767132086464,40.7194287608469,0 0.581765376647388,40.7194337059754,0 0.581763883029619,40.7194387363798,0 0.581762655345963,40.7194438382085,0 0.581761696976952,40.719448997413,0 0.581761010561538,40.7194541997871,0 0.581760597989825,40.7194594310056,0 0.581760460397865,40.7194646766639,0 0.58176059816453,40.7194699223176,0 0.581761010910466,40.7194751535223,0 0.581761697499143,40.7194803558736,0 0.581762656039978,40.7194855150462,0 0.581763883893548,40.7194906168339,0 0.581765377678852,40.7194956471886,0 0.581767133282623,40.7195005922586,0 0.581769145870654,40.7195054384274,0 0.581771409901111,40.7195101723506,0 0.581773919139791,40.7195147809928,0 0.581776666677288,40.7195192516639,0 0.581779644948022,40.7195235720535,0 0.581782845751066,40.7195277302649,0 0.581786260272734,40.7195317148482,0 0.581789879110846,40.7195355148315,0 0.581793692300619,40.7195391197513,0 0.581797689342105,40.7195425196809,0 0.581801859229108,40.7195457052586,0 0.581806190479482,40.7195486677124,0 0.581810671166757,40.719551398885,0 0.581815288952974,40.719553891256,0 0.581820031122659,40.7195561379622,0 0.581824884617841,40.7195581328173,0 0.581829836074002,40.7195598703283,0 0.581834871856879,40.7195613457107,0 0.58183997810001,40.719562554902,0 0.581845140742915,40.7195634945725,0 0.581850345569811,40.7195641621348,0 0.581855578248759,40.7195645557507,0 0.757334688178941,40.7281419358785,0 0.757335924603809,40.7281420289178,0 0.757335067517992,40.7281429249128,0 0.677337036563719,40.8074915887643,0 0.677333466032983,40.8074953180361,0 0.677330092737728,40.8074992266211,0 0.677326925669863,40.8075033041005,0 0.677323973271575,40.8075075396054,0 0.677321243412821,40.8075119218456,0 0.677318743370358,40.8075164391396,0 0.677316479808337,40.8075210794461,0 0.677314458760545,40.8075258303959,0 0.67731268561432,40.8075306793246,0 0.677311165096187,40.807535613307,0 0.677309901259263,40.8075406191909,0 0.677308897472453,40.8075456836326,0 0.677308156411466,40.8075507931322,0 0.677307680051686,40.8075559340698,0 0.677307469662905,40.8075610927415,0 0.677307525805939,40.8075662553964,0 0.677307848331132,40.8075714082728,0 0.677308436378756,40.8075765376351,0 0.677309288381301,40.8075816298104,0 0.677310402067657,40.8075866712249,0 0.677311774469164,40.8075916484402,0 0.677313401927526,40.8075965481888,0 0.677315280104564,40.8076013574101,0 0.677317403993782,40.8076060632843,0 0.677319767933705,40.8076106532675,0 0.677322365622978,40.8076151151245,0 0.67732519013716,40.8076194369617,0 0.677328233947182,40.8076236072589,0 0.677331488939415,40.8076276148995,0 0.677334946437301,40.8076314492007,0 0.677338597224478,40.8076350999418,0 0.677342431569351,40.8076385573913,0 0.945637562411246,41.0372860659346,0 0.945641806362695,41.0372895022909,0 0.945646231566967,41.037292701859,0 0.945650824828252,41.0372956550978,0 0.945655572449595,41.0372983532009,0 0.945660460273749,41.0373007881226,0 1.03477374120592,41.0786962345222,0 1.03477891298711,41.0786984621307,0 1.03478420195822,41.0787003950934,0 1.03478959134817,41.0787020272809,0 1.03479506406742,41.0787033535178,0 2.08752769878173,41.3026377232085,0 2.08752896164259,41.3026380271678,0 2.08752882928402,41.3026393193328,0 2.08148194203673,41.3493710680064,0 2.08148140362673,41.3493763115418,0 2.08148114226096,41.3493815761631,0 2.08148115866561,41.3493868472428,0 2.08148145279511,41.3493921101353,0 2.08148202383224,41.3493973502179,0 2.08148287019038,41.3494025529314,0 2.08148398951798,41.3494077038202,0 2.08148537870502,41.3494127885728,0 2.08148703389173,41.3494177930614,0 2.08148895047923,41.3494227033814,0 2.08149112314237,41.3494275058895,0 2.08149354584451,41.3494321872423,0 2.08149621185428,41.3494367344328,0 2.08149911376429,41.3494411348269,0 2.08150224351171,41.3494453761982,0 2.08150559240068,41.3494494467623,0 2.08150915112647,41.3494533352094,0 2.08151290980131,41.3494570307354,0 2.0815168579819,41.3494605230727,0 2.0815209846984,41.3494638025179,0 2.0815252784849,41.3494668599592,0 2.08152972741132,41.3494696869015,0 2.08153431911651,41.3494722754906,0 2.08153904084263,41.3494746185339,0 2.08154387947057,41.3494767095215,0 2.08154882155644,41.3494785426437,0 2.08155385336885,41.3494801128072,0 2.08155896092715,41.3494814156494,0 2.08156413004022,41.3494824475504,0 2.0815693463459,41.3494832056431,0 2.08157459535094,41.3494836878213,0 2.0815798624712,41.3494838927451,0 2.08158513307223,41.3494838198452,0 2.0815903925099,41.3494834693241,0 2.0815956261711,41.3494828421559,0 2.12626068472002,41.3429321929011,0 2.12626198716296,41.3429320371244,0 2.12626291518549,41.3429329641616,0 2.24427055725971,41.4672557843566,0 2.24427421164477,41.4672594402453,0 2.24427805006259,41.4672629024124,0 2.24428206225691,41.467266161607,0 2.24428623750711,41.4672692091205,0 2.24429056465691,41.4672720368099,0 2.24429503214415,41.4672746371195,0 2.24429962803166,41.4672770031015,0 2.24430434003923,41.4672791284337,0 3.02700663454256,41.7962414261113,0 3.02700797944544,41.7962420388404,0 3.02700924249055,41.7962428062503,0 3.15602091894751,41.8799582985066,0 3.15602197621617,41.8799590239565,0 3.15602270929272,41.8799600759512,0 3.20559227432954,41.9551538992049,0 3.20559295377622,41.9551549915011,0 3.20559193023367,41.9551557706797,0 3.09255154179871,42.0365921814284,0 3.09254733580628,42.0365953837121,0 3.09254330491393,42.0365988037851,0 3.09253946038598,42.0366024320902,0 3.09253581296596,42.036606258488,0 3.09253237284658,42.0366102722856,0 3.09252914964126,42.0366144622666,0 3.09252615235724,42.0366188167219,0 3.09252338937043,42.0366233234831,0 3.09252086840199,42.0366279699561,0 3.09251859649676,42.0366327431562,0 3.0925165800036,42.0366376297448,0 3.09251482455757,42.0366426160663,0 3.09251333506428,42.0366476881864,0 3.09251211568612,42.0366528319312,0 3.09251116983063,42.0366580329263,0 3.09251050014101,42.0366632766376,0 3.09251010848871,42.0366685484116,0 3.09250999596819,42.0366738335164,0 3.0925101628939,42.0366791171826,0 3.09251060879936,42.0366843846451,0 3.09251133243849,42.0366896211839,0 3.09251233178908,42.0366948121657,0 3.09251360405845,42.0366999430841,0 3.09251514569123,42.0367049996008,0 3.09251695237935,42.0367099675854,0 3.09251901907401,42.0367148331548,0 3.09252133999982,42.0367195827123,0 3.09252390867098,42.0367242029851,0 3.09252671790932,42.036728681062,0 3.09252975986444,42.036733004429,0 3.09253302603559,42.0367371610044,0 3.09253650729546,42.0367411391726,0 3.09254019391567,42.0367449278167,0 3.09254407559396,42.0367485163494,0 3.09254814148299,42.0367518947424,0 3.09255238022063,42.0367550535548,0 3.09255677996173,42.0367579839594,0 3.09256132841123,42.0367606777671,0 3.09256601285847,42.0367631274501,0 3.09257082021278,42.0367653261628,0 3.09257573704001,42.0367672677608,0 3.09258074960008,42.0367689468184,0 3.18436873939933,42.0648396144822,0 3.18436992304815,42.0648400108751,0 3.18436889559869,42.064840719747,0 3.10649879202252,42.115589280888,0 3.10649452642991,42.1155922209887,0 3.10649041882779,42.1155953780565,0 3.10648648024075,42.1155987436181,0 3.10648272123974,42.1156023086404,0 3.10647915191374,42.1156060635551,0 3.10647578184261,42.1156099982842,0 3.10647262007146,42.1156141022671,0 3.1064696750863,42.115618364489,0 3.10646695479134,42.1156227735102,0 3.10646446648768,42.1156273174971,0 3.10646221685382,42.115631984254,0 3.10646021192764,42.1156367612556,0 3.10645845709027,42.1156416356805,0 3.1064569570516,42.1156465944461,0 3.0926073402004,42.1661117603795,0 3.09260697515328,42.1661129680025,0 3.09260571474306,42.1661130225805,0 3.00103888610092,42.1677217460678,0 3.0010336634153,42.1677219744885,0 3.00102845980315,42.1677224755291,0 3.00102328948521,42.1677232478202,0 3.00101816659125,42.1677242892512,0 3.00101310512144,42.1677255969761,0 3.00100811890808,42.1677271674211,0 3.00100322157779,42.1677289962943,0 3.0009984265143,42.1677310785976,0 3.00099374682188,42.1677334086405,0 3.00098919528945,42.1677359800553,0 3.00098478435575,42.1677387858145,0 3.00098052607524,42.1677418182505,0 3.00097643208522,42.1677450690761,0 3.00097251357399,42.1677485294071,0 3.00096878125031,42.167752189787,0 3.00096524531409,42.1677560402125,0 3.00096191542858,42.1677600701608,0 3.00095880069389,42.1677642686187,0 3.00095590962215,42.1677686241124,0 3.00095325011427,42.1677731247389,0 3.00095082943831,42.1677777581986,0 3.00094865420966,42.167782511829,0 3.0009467303729,42.1677873726389,0 3.00094506318562,42.1677923273445,0 3.00094365720402,42.1677973624053,0 3.00094251627044,42.1678024640611,0 3.0009416435029,42.1678076183697,0 3.00094104128656,42.1678128112453,0 3.00094071126718,42.1678180284963,0 3.00094065434667,42.1678232558648,0 3.00094087068058,42.167828479065,0 3.00094135967771,42.1678336838227,0 3.00094212000168,42.1678388559141,0 3.00094314957464,42.1678439812044,0 3.00094444558291,42.1678490456869,0 3.00094600448467,42.1678540355212,0 3.00094782201967,42.1678589370707,0 3.00094989322083,42.1678637369402,0 3.00095221242784,42.1678684220122,0 3.00095477330262,42.1678729794832,0 3.00095756884667,42.1678773968981,0 3.00096059142015,42.1678816621848,0 3.00096383276278,42.1678857636869,0 3.00096728401641,42.1678896901954,0 3.00097093574924,42.1678934309799,0 3.00097477798161,42.1678969758172,0 3.0009788002132,42.1679003150198,0 3.00098299145182,42.1679034394622,0 3.0009873402434,42.1679063406055,0 3.00099183470327,42.1679090105215,0 3.00099646254871,42.1679114419137,0 3.08004681643006,42.2068414171266,0 3.08004797187698,42.2068420245377,0 3.08004841707697,42.2068432516492,0 3.10594992829825,42.2845737597524,0 3.10595168426211,42.284578608755,0 3.10595368787823,42.2845833607817,0 3.10595593381776,42.2845880031938,0 3.10595841610734,42.2845925236444,0 3.10596112814501,42.2845969101107,0 3.10596406271778,42.2846011509264,0 3.10596721202078,42.2846052348125,0 3.10597056767806,42.2846091509074,0 3.10597412076483,42.2846128887958,0 3.10597786183121,42.2846164385362,0 3.10598178092738,42.2846197906878,0 3.10598586763003,42.2846229363351,0 3.10599011107005,42.2846258671117,0 3.10599449996149,42.284628575223,0 3.10599902263157,42.2846310534665,0 3.10600366705167,42.2846332952508,0 3.10600842086939,42.2846352946137,0 3.10601327144136,42.2846370462377,0 3.10601820586689,42.2846385454641,0 3.10602321102226,42.2846397883054,0 3.10602827359565,42.2846407714564,0 3.10603338012251,42.284641492302,0 3.10603851702141,42.2846419489251,0 3.10604367063013,42.2846421401114,0 3.10604882724201,42.2846420653522,0 3.10605397314241,42.2846417248465,0 3.25731671614626,42.270707118271,0 3.25731797298949,42.2707070351,0 3.25731821452214,42.2707082713179,0 3.26488678414614,42.31556172079,0 3.26488696268745,42.3155629766444,0 3.26488575506389,42.3155633648361,0 3.14160995003027,42.3516900868317,0 3.14160506208577,42.3516916565965,0 3.14160026114507,42.3516934751486,0 3.14159555986162,42.3516955376948,0 3.14159097062619,42.3516978387991,0 3.14158650553424,42.3517003723967,0 3.14158217635405,42.3517031318101,0 3.14157799449567,42.3517061097663,0 3.14157397098087,42.3517092984168,0 3.1415701164141,42.3517126893573,0 3.14156644095451,42.3517162736509,0 3.14156295428922,42.3517200418504,0 3.14155966560772,42.3517239840246,0 3.14155658357772,42.3517280897832,0 3.14155371632227,42.3517323483052,0 3.14155107139836,42.3517367483666,0 3.14154865577698,42.3517412783706,0 3.1415464758248,42.3517459263779,0 3.14154453728733,42.351750680138,0 3.1415428452738,42.351755527122,0 3.14154140424372,42.3517604545549,0 3.14154021799509,42.35176544945,0 3.14153928965441,42.3517704986427,0 3.14153862166843,42.3517755888252,0 3.14153821579769,42.3517807065817,0 3.13762816313156,42.4248387610239,0 3.13762802037079,42.4248439317196,0 3.13762814517436,42.4248491028799,0 3.13762853720834,42.4248542606687,0 3.1376291954238,42.4248593912853,0 3.13763011805958,42.4248644810022,0 3.13763130264703,42.4248695162011,0 3.13763274601661,42.4248744834095,0 3.13763444430637,42.4248793693369,0 3.1376363929723,42.4248841609104,0 3.13763858680044,42.4248888453093,0 3.13764101992089,42.4248934099999,0 3.13764368582347,42.4248978427686,0 3.13764657737516,42.4249021317549,0 3.13764968683921,42.424906265483,0 3.13765300589576,42.4249102328926,0 3.13765652566421,42.4249140233682,0 3.13766023672689,42.4249176267678,0 3.13766412915429,42.42492103345,0 3.13766819253168,42.4249242342998,0 3.13767241598686,42.4249272207528,0 3.13767678821937,42.4249299848182,0 3.13768129753066,42.4249325191005,0 3.1376859318554,42.4249348168188,0 3.13769067879376,42.4249368718252,0 3.13769552564461,42.4249386786212,0 3.1377004594395,42.4249402323725,0 3.13770546697732,42.4249415289217,0 3.13771053485967,42.4249425647999,0 3.13771564952667,42.4249433372353,0 3.1377207972933,42.4249438441611,0 3.13772596438592,42.4249440842211,0 3.13773113697924,42.4249440567728,0 3.13773630123321,42.4249437618898,0 3.1377414433301,42.4249432003611,0 3.13774654951149,42.424942373689,0 3.13775160611502,42.4249412840855,0 3.13775659961101,42.424939934466,0 3.19063382311525,42.4091702081632,0 3.1906387232017,42.4091686081596,0 3.19064353433031,42.4091667577812,0 3.19064824371749,42.4091646619447,0 3.19065283885,42.4091623262187,0 3.19065730751817,42.4091597568095,0 3.19066163784837,42.4091569605444,0 3.19066581833454,42.4091539448531,0 3.19066983786878,42.4091507177486,0 3.19067368577082,42.4091472878057,0 3.19067735181647,42.409143664138,0 3.19068082626473,42.4091398563738,0 3.19068409988368,42.4091358746308,0 3.19068716397505,42.4091317294887,0 3.19069001039729,42.4091274319616,0 3.19069263158719,42.4091229934684,0 3.19069502058004,42.4091184258025,0 3.19069717102807,42.4091137411006,0 3.19069907721737,42.4091089518104,0 3.19070073408302,42.4091040706574,0 3.19070213722258,42.4090991106112,0 3.19070328290781,42.4090940848512,0 3.1907041680945,42.4090890067311,0 3.19070479043065,42.4090838897441,0 3.19070514826265,42.4090787474863,0 3.19070524063972,42.4090735936213,0 3.19070506731639,42.4090684418432,0 3.18844207916243,42.371020330975,0 3.18844203634893,42.3710190238434,0 3.18844325236077,42.3710185424479,0 3.34476362804216,42.313906631613,0 3.34476851721124,42.3139046982011,0 3.34477329800762,42.3139025104988,0 3.34477795721618,42.3139000745531,0 3.34478248195791,42.3138973970977,0 3.34478685972551,42.3138944855334,0 3.34479107841791,42.3138913479085,0 3.34479512637379,42.313887992896,0 3.34479899240377,42.3138844297699,0 3.34480266582135,42.3138806683793,0 3.34480613647243,42.3138767191216,0 3.34480939476343,42.3138725929133,0 3.34481243168777,42.31386830116,0 3.34481523885076,42.3138638557251,0 3.34481780849282,42.3138592688966,0 3.34482013351094,42.3138545533536,0 3.34482220747829,42.3138497221306,0 3.34482402466199,42.3138447885823,0 3.34482558003898,42.313839766346,0 3.34482686930987,42.3138346693041,0 3.34482788891086,42.3138295115459,0 3.34482863602356,42.3138243073285,0 3.34482910858279,42.3138190710375,0 3.34482930528231,42.3138138171471,0 3.34482922557839,42.31380856018,0 3.34482886969136,42.3138033146676,0 3.34482823860496,42.3137980951097,0 3.34482733406363,42.313792915934,0 3.34482615856773,42.3137877914569,0 3.34482471536656,42.3137827358436,0 3.34482300844943,42.3137777630688,0 3.34482104253461,42.3137728868782,0 3.34481882305628,42.3137681207507,0 3.34481635614955,42.3137634778608,0 3.34481364863345,42.3137589710424,0 3.34481070799211,42.3137546127533,0 3.34480754235407,42.3137504150406,0 3.2701288014975,42.2199589642609,0 3.27012544720091,42.2199549698793,0 3.27012188919217,42.219951155831,0 3.27011813715133,42.2199475324927,0 3.27011420128635,42.2199441097223,0 3.2701100923053,42.2199408968318,0 3.27010582138722,42.2199379025624,0 3.27010140015174,42.2199351350603,0 3.27009684062746,42.219932601855,0 3.27009215521919,42.2199303098385,0 3.27008735667423,42.2199282652464,0 3.27008245804769,42.2199264736413,0 3.27007747266698,42.2199249398976,0 3.2700724140955,42.219923668188,0 3.27006729609582,42.2199226619724,0 3.27006213259215,42.2199219239884,0 3.27005693763252,42.2199214562436,0 3.27005172535056,42.2199212600108,0 3.27004650992699,42.2199213358237,0 3.27004130555109,42.2199216834761,0 3.27003612638211,42.2199223020222,0 3.15373730042669,42.2368988101726,0 3.15373603041728,42.2368989615919,0 3.15373588682809,42.2368976906733,0 3.14558311089411,42.142575282974,0 3.14558303403835,42.1425740134907,0 3.14558395970452,42.1425731413459,0 3.24863074219421,42.0503764913193,0 3.24863456414844,42.0503728866106,0 3.24863819151325,42.0503690861522,0 3.24864161427666,42.0503651004339,0 3.24864482299141,42.0503609404569,0 3.24864780880106,42.0503566177031,0 3.24865056346438,42.0503521441039,0 3.24865307937816,42.0503475320071,0 3.24865534959815,42.0503427941426,0 3.24865736785828,42.0503379435874,0 3.24865912858788,42.0503329937297,0 3.24866062692712,42.0503279582318,0 3.24866185874039,42.0503228509923,0 3.24866282062774,42.0503176861078,0 3.24866350993423,42.050312477834,0 3.2486639247573,42.0503072405464,0 3.24866406395197,42.0503019887006,0 3.24866392713406,42.0502967367924,0 3.24866351468119,42.0502914993176,0 3.24866282773179,42.0502862907324,0 3.24866186818193,42.0502811254131,0 3.24866063868008,42.0502760176166,0 3.24865914261983,42.0502709814412,0 3.24865738413049,42.0502660307872,0 3.2486553680657,42.0502611793192,0 3.24865309999008,42.0502564404277,0 3.24865058616378,42.0502518271927,0 3.24864783352528,42.0502473523474,0 3.24864484967223,42.0502430282428,0 3.24864164284041,42.0502388668141,0 3.2486382218811,42.0502348795473,0 3.24863459623658,42.0502310774477,0 3.24863077591407,42.0502274710096,0 3.21901495961436,42.0237058593557,0 3.21901404089104,42.0237049929532,0 3.21901461661437,42.0237038690101,0 3.25414552053788,41.9592670008804,0 3.25414792021682,41.9592623093474,0 3.25415006942359,41.9592574979181,0 3.25415196219008,41.9592525799535,0 3.25415359326027,41.9592475691102,0 3.25415495810486,41.9592424793027,0 3.25415605293381,41.9592373246649,0 3.2541568747069,41.9592321195107,0 3.25415742114216,41.9592268782943,0 3.25415769072219,41.9592216155699,0 3.2541576826984,41.9592163459517,0 3.25415739709306,41.9592110840727,0 3.25415683469928,41.9592058445446,0 3.25415599707876,41.9592006419171,0 3.25415488655748,41.9591954906373,0 3.25415350621925,41.9591904050098,0 3.25415185989712,41.9591853991567,0 3.25414995216275,41.959180486979,0 3.22201088031022,41.8824789664107,0 3.22200862132822,41.8824739649022,0 3.22200609136887,41.8824690948517,0 3.22200329805191,41.8824643709267,0 3.22200024979029,41.8824598073549,0 3.22199695576478,41.8824554178809,0 3.22199342589636,41.8824512157248,0 3.22198967081632,41.8824472135429,0 3.22198570183424,41.8824434233888,0 3.22198153090393,41.8824398566779,0 3.22197717058745,41.8824365241523,0 3.05765445642622,41.7638458246451,0 3.05764965355233,41.7638425661485,0 3.05764466972714,41.7638395917774,0 3.05763952173887,41.7638369115509,0 3.05763422692873,41.7638345344975,0 2.27436921348997,41.4391665029989,0 2.27436802252106,41.4391659722597,0 2.27436725839672,41.4391649157534,0 2.16704034552092,41.2822496927403,0 2.16703732611761,41.2822455136979,0 2.16703409534017,41.2822414958292,0 2.16703066177642,41.2822376498142,0 2.16702703455316,41.282233985876,0 2.16702322331199,41.2822305137538,0 2.16701923818365,41.282227242677,0 2.16701508976108,41.2822241813404,0 2.16701078907127,41.2822213378814,0 2.16700634754599,41.2822187198583,0 2.16700177699132,41.2822163342301,0 2.16699708955636,41.2822141873382,0 2.16699229770085,41.2822122848891,0 2.16698741416213,41.2822106319398,0 2.16698245192122,41.2822092328841,0 2.16697742416835,41.2822080914409,0 1.30056731458485,41.1088652630092,0 1.30056601271853,41.1088649660384,0 1.30056483603494,41.1088643347992,0 1.17471743252015,41.0369431060671,0 1.17471269797465,41.0369405665279,0 1.17470783387146,41.0369382849317,0 1.17470285425089,41.0369362678646,0 1.1746977734867,41.0369345211488,0 1.17469260624462,41.0369330498263,0 1.17468736743998,41.036931858144,0 1.17468207219468,41.0369309495417,0 1.17467673579355,41.0369303266423,0 1.17467137364021,41.0369299912435,0 1.17466600121261,41.0369299443137,0 1.17466063401835,41.0369301859882,0 1.05404727346448,41.0456129083258,0 1.05404600971423,41.0456129669176,0 1.05404497827145,41.0456122343714,0 0.769463110457686,40.8323618321175,0 0.769462029003859,40.8323609738628,0 0.769461287518051,40.8323598092418,0 0.756606663684394,40.8108761092037,0 0.75660604519088,40.8108750121266,0 0.756607129830054,40.8108743720715,0 0.89480919612735,40.7340654623913,0 0.894813626490729,40.7340628487621,0 0.894817916596267,40.7340600107748,0 0.894822055092697,40.7340569559386,0 0.894826031029898,40.7340536923362,0 0.894829833887868,40.7340502286029,0 0.894833453604557,40.7340465739034,0 0.894836880602493,40.7340427379078,0 0.894840105814122,40.7340387307658,0 0.894843120705799,40.7340345630799,0 0.894845917300367,40.7340302458776,0 0.894848488198269,40.7340257905817,0 0.894850826597121,40.7340212089807,0 0.89485292630971,40.734016513197,0 0.89485478178037,40.7340117156554,0 0.894856388099679,40.7340068290497,0 0.894857741017449,40.7340018663094,0 0.894858836953968,40.7339968405657,0 0.894859673009481,40.7339917651161,0 0.894860246971853,40.7339866533899,0 0.894860557322426,40.7339815189124,0 0.894860603240039,40.7339763752688,0 0.894860384603197,40.733971236069,0 0.894859901990395,40.7339661149107,0 0.894859156678588,40.7339610253442,0 0.894858150639808,40.733955980836,0 0.894856886535953,40.7339509947334,0 0.894855367711736,40.7339460802293,0 0.875350049544224,40.6761457432434,0 0.875348289419144,40.6761409370998,0 0.875346285687002,40.6761362273107,0 0.875344043596985,40.6761316262142,0 0.87534156902271,40.6761271458639,0 0.875338868446832,40.6761227979971,0 0.875335948944066,40.6761185940038,0 0.87533281816265,40.6761145448972,0 0.875329484304308,40.6761106612848,0 0.875325956102769,40.6761069533406,0 0.875322242800882,40.6761034307783,0 0.875318354126404,40.6761001028259,0 0.875314300266519,40.6760969782017,0 0.875310091841146,40.6760940650914,0 0.667272494030197,40.5398289736579,0 0.667267918254265,40.5398261493393,0 0.667263197278703,40.5398235750644,0 0.667258344753976,40.5398212582768,0 0.667253374710917,40.5398192056752,0 0.667248301520159,40.5398174231947,0 0.66724313985058,40.5398159159892,0 0.667237904626888,40.5398146884167,0 0.667232610986474,40.5398137440267,0 0.667227274235633,40.5398130855499,0 0.667221909805315,40.5398127148902,0 0.667216533206503,40.5398126331193,0 0.667211159985363,40.5398128404737,0 0.667205805678297,40.5398133363538,0 0.556240278448076,40.5531078468322,0 0.556239016724871,40.5531079651341,0 0.556238319305313,40.5531069070477,0 0.430875910228302,40.3518197009984,0 0.430873189963193,40.3518155650037,0 0.430870268346409,40.3518115686993,0 0.430867152537751,40.3518077218784,0 0.43086385017291,40.3518040339684,0 0.43086036934476,40.3518005140068,0 0.430856718583519,40.3517971706199,0 0.208727035946116,40.158257902609,0 0.208726030192194,40.1582569764842,0 0.208725378498445,40.1582557745926,0 0.164095258898205,40.0702590857925,0 0.164092676236662,40.0702543185388,0 0.164089838991156,40.0702496982696,0 0.164086755502293,40.0702452385673,0 0.164083434834559,40.0702409525418,0 0.164079886749671,40.0702368527927,0 0.16407612167788,40.070232951372,0 0.16407215068731,40.0702292597487,0 0.164067985451424,40.070225788775,0 0.164063638214701,40.0702225486544,0 0.164059121756647,40.0702195489118,0 0.164054449354227,40.0702167983656,0 0.16404963474283,40.0702143051015,0 0.069604162985464,40.0245085628127,0 0.069603028324654,40.0245079770564,0 0.069602690925684,40.0245067455015,0 0.051797344564467,39.9522368107761,0 0.051795907178594,39.9522315895616,0 0.051794189251556,39.9522264538156,0 0.051792195821546,39.9522214186,0 0.051789932734728,39.9522164986815,0 0.051787406628092,39.9522117084889,0 0.051784624909993,39.9522070620704,0 0.051781595738418,39.9522025730528,0 0.051778327997069,39.952198254601,0 0.051774831269301,39.9521941193797,0 0.051771115810026,39.9521901795165,0 0.051767192515631,39.9521864465658,0 -0.071907107367109,39.8407348044145,0 -0.071907978646057,39.8407339804545,0 -0.071908722490868,39.8407330398526,0 -0.167365189104905,39.7138770776313,0 -0.167365966332119,39.7138759845871,0 -0.167366285813643,39.7138746819899,0 -0.187978547471109,39.6188226468487,0 -0.187979782267774,39.6188175915795,0 -0.187981278374072,39.6188126073909,0 -0.187983031738475,39.6188077077805,0 -0.187985037612791,39.6188029060164,0 -0.187987290565018,39.6187982151022,0 -0.187989784494055,39.6187936477411,0 -0.187992512646225,39.6187892163017,0 -0.187995467633564,39.6187849327845,0 -0.187998641453827,39.6187808087896,0 -0.188002025512161,39.6187768554848,0 -0.188005610644377,39.6187730835759,0 -0.188009387141767,39.6187695032774,0 -0.188013344777401,39.618766124285,0 -0.188017472833813,39.6187629557491,0 -0.188021760132035,39.6187600062502,0 -0.188026195061861,39.6187572837758,0 -0.188030765613293,39.6187547956984,0 -0.188035459409062,39.6187525487558,0 -0.18804026373815,39.6187505490329,0 -0.188045165590208,39.6187488019451,0 -0.188050151690791,39.6187473122234,0 -0.188055208537302,39.6187460839022,0 -0.188060322435566,39.6187451203078,0 -0.234524669909448,39.6112362149503,0 -0.234525977989893,39.6112359672228,0 -0.234526702317069,39.6112348501758,0 -0.298693316698927,39.5061821186915,0 -0.29869396030638,39.5061810000876,0 -0.298693311768371,39.5061798843352,0 -0.273206464637392,39.4648641744063,0 -0.273203798242284,39.4648595836,0 -0.273201379243476,39.464854857755,0 -0.273199214458956,39.4648500101914,0 -0.273197309990206,39.4648450545719,0 -0.273195671205002,39.4648400048641,0 -0.273194302722288,39.4648348753007,0 -0.273193208399154,39.4648296803395,0 -0.273192391319969,39.4648244346225,0 -0.273191853787683,39.4648191529348,0 -0.273191597317341,39.464813850163,0 -0.273191622631808,39.4648085412531,0 -0.273191929659736,39.4648032411682,0 -0.273192517535759,39.4647979648468,0 -0.273193384602942,39.4647927271603,0 -0.292754756987039,39.3634102594849,0 -0.292754965978548,39.3634090040067,0 -0.292754471033667,39.3634078314316,0 -0.12317756044508,38.9887862381098,0 -0.123176969887702,38.9887850225371,0 -0.123175970113,38.9887841132378,0 -0.012996987671735,38.8939168504137,0 -0.012995984802365,38.8939160314448,0 -0.012994720003682,38.893915754422,0 0.130028443687215,38.8664755601843,0 0.130033654415217,38.8664744155577,0 0.13003879668416,38.8664729946683,0 0.130043855858191,38.8664713015603,0 0.130048817537964,38.8664693410526,0 0.130053667601614,38.8664671187252,0 0.130058392244962,38.8664646409032,0 0.130062978020796,38.866461914639,0 0.210480422580055,38.815702250916,0 0.210484760486543,38.8156993518641,0 0.210488941283197,38.8156962305063,0 0.210492953589081,38.8156928953398,0 0.210496786481921,38.8156893554433,0 0.210500429527841,38.8156856204532,0 0.210503872809766,38.8156817005368,0 0.210507106954416,38.815677606365,0 0.210510123157824,38.8156733490828,0 0.2105129132093,38.8156689402794,0 0.210515469513786,38.8156643919564,0 0.252649802713382,38.7358931039533,0 0.252652137672876,38.7358883866676,0 0.252654221187817,38.7358835530575,0 0.252656047485862,38.7358786165146,0 0.252657611507286,38.7358735907154,0 0.252658908918995,38.7358684895838,0 0.252659936126534,38.7358633272525,0 0.252660690284042,38.7358581180234,0 0.25266116930214,38.7358528763288,0 0.252661371853717,38.7358476166907,0 0.252661297377606,38.7358423536807,0 0.252660946080144,38.73583710188,0 0.252660318934592,38.7358318758386,0 0.252659417678448,38.7358266900351,0 0.252658244808623,38.7358215588367,0 0.252656803574535,38.7358164964593,0 0.252655097969094,38.7358115169281,0 0.252653132717652,38.7358066340389,0 0.252650913264901,38.7358018613195,0 0.252648445759797,38.7357972119928,0 0.252645737038516,38.7357926989395,0 0.252642794605524,38.7357883346631,0 0.252639626612778,38.7357841312546,0 0.252636241837144,38.7357801003596,0 0.252632649656084,38.7357762531456,0 0.25262886002167,38.7357726002712,0 0.252624883433017,38.7357691518566,0 0.25262073090719,38.7357659174556,0 0.088501429564203,38.6147360156004,0 0.088497034045865,38.6147329524443,0 0.088492480784163,38.6147301290925,0 0.088487782848554,38.6147275536492,0 0.088482953723763,38.6147252335068,0 0.08847800727107,38.6147231753248,0 0.08847295768853,38.614721385011,0 0.088467819470215,38.6147198677043,0 0.088462607364615,38.6147186277597,0 0.0884573363323,38.6147176687365,0 0.088452021502983,38.6147169933873,0 0.088446678132086,38.6147166036506,0 -0.002833706721267,38.6105130595567,0 -0.002834982892303,38.6105129676288,0 -0.002835777788134,38.61051196503,0 -0.072701997640787,38.5175439228784,0 -0.072705193851516,38.517539890185,0 -0.072708593272921,38.517536027244,0 -0.072712186903885,38.5175323442839,0 -0.072715965229054,38.5175288510564,0 -0.072719918244037,38.5175255568113,0 -0.072724035481891,38.5175224702709,0 -0.072728306040836,38.5175195996081,0 -0.072732718613127,38.5175169524238,0 -0.072737261514986,38.5175145357273,0 -0.072741922717545,38.5175123559178,0 -0.072746689878696,38.517510418767,0 -0.07275155037577,38.517508729404,0 -0.072756491338957,38.5175072923022,0 -0.072761499685388,38.5175061112667,0 -0.072766562153775,38.5175051894247,0 -0.07277166533952,38.517504529217,0 -0.072776795730216,38.5175041323919,0 -0.07278193974142,38.517504,0 -0.250921029939299,38.517504,0 -0.250926283645519,38.5175041381025,0 -0.25093152284074,38.5175045520286,0 -0.25093673305404,38.5175052406349,0 -0.25094189989455,38.5175062020196,0 -0.250947009091198,38.5175074335272,0 -0.250952046532125,38.5175089317563,0 -0.250956998303668,38.5175106925685,0 -0.250961850728786,38.5175127111007,0 -0.250966590404836,38.5175149817773,0 -0.250971204240596,38.5175174983267,0 -0.250975679492421,38.517520253798,0 -0.25098000379944,38.5175232405806,0 -0.2509841652177,38.5175264504248,0 -0.250988152253157,38.5175298744647,0 -0.250991953893417,38.5175335032431,0 -0.25099555963816,38.5175373267371,0 -0.250998959528139,38.517541334386,0 -0.251002144172686,38.5175455151204,0 -0.251005104775654,38.517549857393,0 -0.251007833159709,38.5175543492102,0 -0.251010321788917,38.5175589781654,0 -0.25101256378956,38.5175637314731,0 -0.251014552969119,38.5175685960046,0 -0.251016283833381,38.5175735583236,0 -0.251017751601612,38.5175786047241,0 -0.251018952219763,38.5175837212676,0 -0.251019882371666,38.517588893822,0 -0.251020539488195,38.5175941081004,0 -0.25102092175436,38.5175993497007,0 -0.251021028114325,38.5176046041454,0 -0.251020858274316,38.5176098569214,0 -0.251020412703441,38.5176150935203,0 -0.25101969263239,38.5176202994783,0 -0.251018700050033,38.5176254604163,0 -0.251017437697934,38.5176305620797,0 -0.251015909062772,38.5176355903772,0 -0.251014118366715,38.5176405314205,0 -0.251012070555753,38.5176453715622,0 -0.251009771286045,38.5176500974335,0 -0.251007226908288,38.5176546959815,0 -0.251004444450182,38.5176591545046,0 -0.251001431597014,38.5176634606882,0 -0.250998196670436,38.5176676026384,0 -0.250994748605479,38.5176715689149,0 -0.25099109692587,38.5176753485627,0 -0.250987251717731,38.5176789311421,0 -0.250983223601719,38.517682306758,0 -0.250979023703695,38.5176854660868,0 -0.250974663623985,38.5176884004021,0 -0.250970155405349,38.5176911015992,0 -0.250965511499714,38.5176935622174,0 -0.250960744733778,38.5176957754602,0 -0.250955868273589,38.5176977352146,0 -0.250950895588174,38.5176994360677,0 -0.250945840412339,38.5177008733216,0 -0.250940716708734,38.5177020430064,0 -0.098156305017048,38.5483807379561,0 -0.098155020349706,38.5483810316899,0 -0.09815421873638,38.5483820776657,0 -0.033363059817061,38.6377542266686,0 -0.033360010570734,38.6377582178577,0 -0.033356764768507,38.6377620509064,0 -0.033353330598722,38.6377657161446,0 -0.03334971672493,38.6377692043261,0 -0.033345932264029,38.6377725066509,0 -0.033341986763264,38.6377756147882,0 -0.033337890176146,38.6377785208969,0 -0.033333652837336,38.6377812176456,0 -0.03332928543658,38.6377836982311,0 -0.033324798991733,38.6377859563955,0 0.198711823046584,38.747362444198,0 0.198712945748513,38.7473630105751,0 0.198712117961704,38.7473639571541,0 0.137136927364025,38.8141829936601,0 0.137135979734032,38.8141839671329,0 0.137134684389828,38.8141843766881,0 -0.042211118617749,38.8655350212014,0 -0.042216217326938,38.865536629738,0 -0.042221222780578,38.8655385084767,0 -0.042226120670967,38.8655406520473,0 -0.042230896997866,38.8655430543227,0 -0.042235538108514,38.8655457084359,0 -0.042240030736656,38.8655486068006,0 -0.042244362040461,38.8655517411319,0 -0.042248519639236,38.8655551024706,0 -0.173949294506678,38.977985299907,0 -0.173953082885939,38.9779887045212,0 -0.173956692995043,38.9779922976157,0 -0.173960115468203,38.9779960698688,0 -0.173963341426424,38.978000011494,0 -0.173966362500533,38.9780041122655,0 -0.173969170852893,38.9780083615445,0 -0.173971759197734,38.9780127483072,0 -0.265256382005733,39.1421348888978,0 -0.265257024014298,39.1421359770905,0 -0.265258080785339,39.1421366696031,0 -0.334484826070954,39.1850262644514,0 -0.334489208771064,39.1850291414266,0 -0.334493434671241,39.1850322441373,0 -0.334497492156581,39.1850355640558,0 -0.334501370075067,39.1850390920573,0 -0.334505057768221,39.185042818445,0 -0.334508545100402,39.1850467329769,0 -0.334511822486662,39.185050824894,0 -0.334514880919089,39.1850550829496,0 -0.334517711991567,39.1850594954403,0 -0.334520307922881,39.1850640502386,0 -0.334522661578102,39.1850687348253,0 -0.334524766488197,39.1850735363251,0 -0.334526616867812,39.1850784415408,0 -0.334528207631168,39.1850834369905,0 -0.334529534406047,39.1850885089443,0 -0.3345305935458,39.1850936434617,0 -0.334531382139378,39.1850988264306,0 -0.334531898019328,39.1851040436055,0 -0.33453213976775,39.185109280647,0 -0.334532106720199,39.1851145231611,0 -0.334531798967505,39.1851197567387,0 -0.334531217355529,39.1851249669953,0 -0.334530363482834,39.1851301396104,0 -0.334529239696292,39.1851352603672,0 -0.334527849084636,39.1851403151912,0 -0.334526195469969,39.1851452901891,0 -0.334524283397258,39.1851501716873,0 -0.334522118121844,39.1851549462688,0 -0.334519705594996,39.1851596008107,0 -0.334517052447556,39.18516412252,0 -0.334514165971711,39.1851684989687,0 -0.334511054100954,39.1851727181281,0 -0.334507725388276,39.185176768402,0 -0.334504188982659,39.1851806386579,0 -0.334500454603931,39.1851843182587,0 -0.334496532516047,39.1851877970908,0 -0.334492433498885,39.1851910655927,0 -0.334488168818613,39.1851941147808,0 -0.334483750196725,39.1851969362745,0 -0.334479189777821,39.1851995223189,0 -0.334474500096236,39.1852018658062,0 -0.33446969404158,39.1852039602954,0 -0.334464784823318,39.1852058000296,0 -0.334459785934457,39.1852073799525,0 -0.334454711114467,39.1852086957216,0 -0.253315274664618,39.203990704943,0 -0.253314051728502,39.203991021953,0 -0.253314673373664,39.2039921217827,0 -0.30646433325124,39.2925348892538,0 -0.306465018657573,39.2925359668013,0 -0.306466295471797,39.2925359920178,0 -0.379617685453616,39.2920852607263,0 -0.37962302110399,39.2920853702585,0 -0.379628343312681,39.292085764285,0 -0.379633636921419,39.2920864416836,0 -0.379638886853391,39.2920874005248,0 -0.379644078156181,39.2920886380779,0 -0.379649196044356,39.292090150818,0 -0.379654225941574,39.2920919344369,0 -0.379659153522104,39.2920939838545,0 -0.379663964751624,39.2920962932338,0 -0.379668645927194,39.2920988559974,0 -0.37967318371628,39.2921016648464,0 -0.379677565194732,39.2921047117807,0 -0.379681777883591,39.2921079881224,0 -0.379685809784629,39.29211148454,0 -0.379689649414523,39.2921151910754,0 -0.410298616272132,39.3232833487109,0 -0.410302163891242,39.3232871542975,0 -0.410305508782724,39.3232911392431,0 -0.410308641892596,39.3232952927613,0 -0.410311554740127,39.3232996036092,0 -0.410314239440795,39.3233040601183,0 -0.410316688727629,39.3233086502255,0 -0.410318895970876,39.3233133615065,0 -0.410320855195951,39.3233181812085,0 -0.410322561099605,39.3233230962857,0 -0.410324009064283,39.3233280934338,0 -0.41032519517062,39.3233331591264,0 -0.410326116208054,39.3233382796519,0 -0.410326769683512,39.3233434411498,0 -0.410327153828161,39.3233486296489,0 -0.410327267602194,39.3233538311051,0 -0.410327110697646,39.3233590314389,0 -0.41032668353923,39.323364216574,0 -0.41032598728318,39.3233693724753,0 -0.410325023814129,39.3233744851868,0 -0.410323795740003,39.3233795408692,0 -0.410322306384966,39.3233845258378,0 -0.410320559780416,39.3233894265993,0 -0.410318560654079,39.3233942298882,0 -0.410316314417208,39.323398922703,0 -0.410313827149938,39.3234034923411,0 -0.410311105584825,39.3234079264334,0 -0.410308157088627,39.3234122129775,0 -0.410304989642361,39.3234163403707,0 -0.410301611819698,39.323420297441,0 -0.410298032763759,39.3234240734772,0 -0.345828920587429,39.3879910780147,0 -0.345828044446652,39.3879920024497,0</coordinates></LinearRing></outerBoundaryIs></Polygon><Polygon><outerBoundaryIs><LinearRing><coordinates>2.99465071402654,39.1898918041047,0 2.99465179973093,39.1898865424501,0 2.99465260128802,39.1898812300805,0 2.99465311638421,39.1898758823296,0 2.99465334353275,39.189870514633,0 2.994653282078,39.1898651424838,0 2.99465293219733,39.189859781388,0 2.99465229490063,39.1898544468199,0 2.99465137202739,39.189849154177,0 2.99465016624136,39.1898439187359,0 2.9946486810229,39.189838755608,0 2.96973590306051,39.1112448727504,0 2.96973420502965,39.1112399625369,0 2.96973225426519,39.1112351471425,0 2.96973005603292,39.1112304395656,0 2.96972761626664,39.1112258525136,0 2.96972494155214,39.1112213983687,0 2.96972203910941,39.1112170891539,0 2.96971891677315,39.1112129365016,0 2.96971558297166,39.111208951621,0 2.96971204670402,39.1112051452689,0 2.96970831751587,39.1112015277199,0 2.96970440547358,39.111198108739,0 2.96970032113714,39.1111948975552,0 2.9696960755316,39.1111919028367,0 2.96969168011733,39.1111891326673,0 2.9696871467591,39.1111865945246,0 2.96968248769404,39.1111842952599,0 2.96967771549858,39.1111822410798,0 2.96967284305457,39.1111804375292,0 2.96966788351444,39.1111788894766,0 2.96966285026572,39.1111776011006,0 2.96965775689491,39.1111765758791,0 2.96965261715081,39.1111758165795,0 2.96964744490739,39.1111753252514,0 2.96964225412635,39.1111751032211,0 2.96963705881942,39.1111751510879,0 2.96963187301056,39.1111754687226,0 2.96962671069809,39.1111760552677,0 2.96962158581689,39.1111769091401,0 2.89708709371745,39.1252077659758,0 2.89708195450981,39.1252089011567,0 2.89707688214487,39.1252103051527,0 2.89707189067312,39.1252119740748,0 2.897066993921,39.1252139032999,0 2.89706220545255,39.1252160874841,0 2.89705753853187,39.1252185205773,0 2.89705300608637,39.1252211958397,0 2.89704862067096,39.1252241058607,0 2.8970443944333,39.1252272425797,0 2.89704033908009,39.1252305973079,0 2.8970364658447,39.1252341607527,0 2.89703278545603,39.1252379230433,0 2.89702930810879,39.125241873758,0 2.89702604343526,39.1252460019535,0 2.89702300047862,39.1252502961945,0 2.89702018766788,39.1252547445859,0 2.89701761279456,39.1252593348058,0 2.89701528299107,39.1252640541391,0 2.897013204711,39.1252688895132,0 2.8970113837112,39.1252738275341,0 2.89700982503585,39.1252788545235,0 2.89700853300251,39.1252839565565,0 2.89700751119011,39.1252891195005,0 2.89700676242908,39.125294329054,0 2.89700628879351,39.1252995707865,0 2.89700609159536,39.1253048301785,0 2.89700617138087,39.1253100926613,0 2.89700652792904,39.1253153436578,0 2.90138883095944,39.1717408337819,0 2.9013894567938,39.171746014781,0 2.90139035206264,39.1717511560759,0 2.90139151432777,39.1717562436647,0 2.90139294042381,39.1717612636916,0 2.90139462646688,39.1717662024848,0 2.90139656786513,39.1717710465939,0 2.90139875933129,39.1717757828262,0 2.90140119489701,39.1717803982827,0 2.90140386792919,39.1717848803937,0 2.90140677114796,39.1717892169523,0 2.90140989664658,39.1717933961482,0 2.90141323591295,39.1717974065996,0 2.90141677985275,39.1718012373842,0 2.90142051881428,39.1718048780691,0 2.90142444261469,39.1718083187391,0 2.90142854056774,39.1718115500238,0 2.95178368134054,39.2094285682984,0 2.95178797473066,39.2094316030843,0 2.95179242169063,39.2094344080212,0 2.95179700992764,39.2094369753555,0 2.95180172675838,39.2094392979902,0 2.95180655914406,39.2094413695048,0 2.95181149372644,39.209443184173,0 2.95181651686481,39.2094447369786,0 2.95182161467363,39.209446023629,0 2.95182677306098,39.2094470405675,0 2.98850634398167,39.2156812518008,0 2.98851149353818,39.2156819897873,0 2.988516674505,39.2156824589773,0 2.9885218728611,39.215682658101,0 2.98852707453841,39.2156825866196,0 2.98853226545986,39.2156822447263,0 2.98853743157748,39.2156816333466,0 2.98854255891044,39.215680754135,0 2.98854763358288,39.2156796094708,0 2.98855264186141,39.2156782024518,0 2.98855757019238,39.2156765368857,0 2.98856240523844,39.21567461728,0 2.98856713391473,39.2156724488297,0 2.98857174342425,39.215670037403,0 2.98857622129248,39.215667389526,0 2.98858055540117,39.2156645123645,0 2.9885847340211,39.2156614137048,0 2.98858874584388,39.2156581019327,0 2.98859258001247,39.2156545860107,0 2.98859622615063,39.2156508754537,0 2.988599674391,39.2156469803036,0 2.98860291540174,39.2156429111015,0 2.98860594041185,39.2156386788597,0 2.98860874123489,39.2156342950319,0 2.9886113102911,39.2156297714816,0 2.98861364062797,39.2156251204509,0 2.98861572593901,39.2156203545266,0 2.98861756058083,39.2156154866066,0 2.98861913958842,39.2156105298646,0 2.98862045868859,39.2156054977148,0 2.99465071402654,39.1898918041047,0</coordinates></LinearRing></outerBoundaryIs></Polygon><Polygon><outerBoundaryIs><LinearRing><coordinates>1.18617098547635,38.9812940343494,0 1.18617181203601,38.9812950038611,0 1.21158923076164,39.0127167101374,0 1.21159265604759,39.0127207232528,0 1.21159628822995,39.0127245501224,0 1.21160011719755,39.0127281800931,0 1.21160413229144,39.0127316030597,0 1.21160832233452,39.0127348094936,0 1.2116126756627,39.0127377904689,0 1.21161718015731,39.0127405376871,0 1.21162182327889,39.0127430435006,0 1.21162659210206,39.0127453009339,0 1.21163147335153,39.0127473037028,0 1.21163645343904,39.012749046232,0 1.21164151850116,39.0127505236708,0 1.21164665443795,39.0127517319062,0 1.21165184695215,39.0127526675749,0 1.211657081589,39.0127533280722,0 1.21166234377649,39.0127537115593,0 1.21166761886592,39.0127538169688,0 1.21167289217265,39.0127536440072,0 1.21167814901702,39.012753193156,0 1.21168337476521,39.0127524656702,0 1.21168855486993,39.0127514635751,0 1.21169367491098,39.0127501896602,0 1.21169872063535,39.0127486474717,0 1.21170367799693,39.0127468413029,0 1.21170853319555,39.0127447761816,0 1.26422180885607,38.9887535441864,0 1.26422298346727,38.9887530443055,0 1.26422354348011,38.9887541914663,0 1.29549185755239,39.0573034187753,0 1.2954941481722,39.0573081119026,0 1.29549668067394,39.0573126790481,0 1.29549944815088,39.0573171077561,0 1.29550244305545,39.0573213859484,0 1.29550565721983,39.0573255019574,0 1.29550908187823,39.0573294445578,0 1.29551270769079,39.0573332029972,0 1.29551652476905,39.0573367670253,0 1.29552052270294,39.0573401269223,0 1.29552469058912,39.0573432735249,0 1.2955290170608,39.0573461982515,0 1.29553349031863,39.0573488931258,0 1.295538098163,39.0573513507981,0 1.2955428280272,39.0573535645659,0 1.29554766701176,39.0573555283916,0 1.47300554695692,39.1240319394286,0 1.47301027548356,39.1240335822413,0 1.47301508029566,39.1240349863705,0 1.4730199493534,39.1240361482976,0 1.473024870456,39.1240370651112,0 1.47302983127226,39.1240377345139,0 1.47303481937147,39.1240381548283,0 1.47303982225455,39.1240383250012,0 1.47304482738538,39.1240382446063,0 1.4730498222222,39.1240379138449,0 1.60917271081069,39.1115950649228,0 1.6091779538063,39.1115944457231,0 1.60918315681632,39.1115935506823,0 1.60918830533871,39.1115923822952,0 1.60919338502329,39.1115909438182,0 1.60919838171176,39.1115892392609,0 1.60920328147714,39.1115872733742,0 1.60920807066261,39.1115850516376,0 1.60921273591954,39.1115825802434,0 1.60921726424475,39.1115798660802,0 1.6092216430167,39.1115769167129,0 1.60922586003069,39.1115737403621,0 1.6092299035329,39.1115703458811,0 1.6092337622531,39.1115667427311,0 1.60923742543611,39.111562940955,0 1.60924088287176,39.1115589511493,0 1.60924412492335,39.1115547844344,0 1.60924714255448,39.1115504524241,0 1.6092499273543,39.1115459671926,0 1.60925247156089,39.1115413412414,0 1.60925476808295,39.1115365874642,0 1.60925681051951,39.1115317191109,0 1.6092585931778,39.1115267497507,0 1.60926011108913,39.1115216932345,0 1.60926136002271,39.1115165636559,0 1.60926233649746,39.1115113753124,0 1.61707578755963,39.0629803195137,0 1.61707603250123,39.0629790204019,0 1.61707709599114,39.0629782351137,0 1.67019498354021,39.0259075504125,0 1.67019916250908,39.0259044695797,0 1.67020317594734,39.0259011760064,0 1.67020701303665,39.0258976785706,0 1.67021066343403,39.0258939866997,0 1.67021411729969,39.0258901103453,0 1.67021736532366,39.0258860599562,0 1.67022039875076,39.0258818464503,0 1.67022320940432,39.0258774811853,0 1.67022578970812,39.0258729759279,0 1.67022813270687,39.0258683428222,0 1.67023023208495,39.0258635943569,0 1.67023208218341,39.0258587433315,0 1.67023367801527,39.0258538028221,0 1.67023501527891,39.0258487861462,0 1.67023609036968,39.0258437068262,0 1.67023690038965,39.0258385785537,0 1.67023744315539,39.025833415152,0 1.67023771720385,39.0258282305392,0 1.67023772179633,39.0258230386908,0 1.67023745692045,39.0258178536013,0 1.67023692329018,39.0258126892475,0 1.67023612234396,39.02580755955,0 1.67023505624074,39.025802478336,0 1.67023372785425,39.0257974593021,0 1.67023214076519,39.0257925159773,0 1.67023029925162,39.0257876616865,0 1.67022820827738,39.0257829095145,0 1.67022587347877,39.025778272271,0 1.67022330114931,39.0257737624559,0 1.67022049822278,39.0257693922254,0 1.67021747225458,39.0257651733597,0 1.67021423140128,39.0257611172308,0 1.67021078439872,39.0257572347721,0 1.67020714053838,39.0257535364491,0 1.67020330964242,39.0257500322305,0 1.67019930203713,39.0257467315622,0 1.67019512852514,39.0257436433411,0 1.67019080035627,39.0257407758917,0 1.42703611119608,38.8735806953585,0 1.42703503982851,38.8735799851782,0 1.42703538627104,38.8735787473728,0 1.46718762656618,38.7433702109977,0 1.46718802750809,38.7433690189506,0 1.46718899846593,38.7433682195939,0 1.53009596273445,38.6941998107321,0 1.53009700985606,38.6941990358225,0 1.53009830600348,38.694199166015,0 1.58503720013826,38.7011828222285,0 1.5850424693244,38.7011833506843,0 1.5850477590974,38.7011835994609,0 1.58505305462282,38.7011835678606,0 1.58505834105013,38.701183255972,0 1.58506360355428,38.7011826646698,0 1.58506882737731,38.7011817956123,0 1.58507399786976,38.7011806512365,0 1.58507910053171,38.7011792347517,0 1.58508412105346,38.7011775501302,0 1.58508904535567,38.7011756020964,0 1.58509385962884,38.7011733961131,0 1.585098550372,38.7011709383668,0 1.58510310443063,38.7011682357499,0 1.58510750903352,38.7011652958415,0 1.58511175182859,38.7011621268862,0 1.58511582091751,38.7011587377707,0 1.58511970488909,38.7011551379995,0 1.58512339285129,38.7011513376675,0 1.58512687446173,38.7011473474323,0 1.58513013995674,38.701143178484,0 1.58513318017869,38.7011388425137,0 1.58513598660171,38.701134351681,0 1.58513855135559,38.7011297185799,0 1.58514086724782,38.7011249562033,0 1.58514292778383,38.7011200779065,0 1.58514472718512,38.70111509737,0 1.58514626040553,38.7011100285612,0 1.58514752314536,38.7011048856946,0 1.58514851186344,38.7010996831929,0 1.59430504002287,38.644834938972,0 1.59430574347337,38.6448297690281,0 1.59430617631211,38.6448245694307,0 1.59430633736077,38.6448193543347,0 1.59430622618091,38.6448141379373,0 1.5943058430752,38.6448089344392,0 1.59430518908658,38.644803758006,0 1.59430426599541,38.6447986227294,0 1.59430307631463,38.6447935425895,0 1.59430162328295,38.6447885314158,0 1.59429991085596,38.6447836028505,0 1.59429794369543,38.6447787703106,0 1.5942957271566,38.6447740469518,0 1.59429326727359,38.6447694456326,0 1.59429057074297,38.6447649788793,0 1.59428764490557,38.6447606588518,0 1.59428449772642,38.6447564973105,0 1.59428113777314,38.6447525055845,0 1.59427757419261,38.6447486945405,0 1.59427381668599,38.6447450745534,0 1.59426987548243,38.644741655478,0 1.59426576131111,38.644738446622,0 1.59426148537212,38.6447354567209,0 1.59425705930591,38.6447326939143,0 1.59425249516164,38.6447301657233,0 1.59424780536435,38.6447278790306,0 1.59424300268115,38.6447258400611,0 1.59423810018646,38.6447240543656,0 1.59423311122643,38.6447225268054,0 1.59422804938257,38.6447212615389,0 1.59422292843484,38.6447202620106,0 1.59421776232407,38.6447195309415,0 1.59421256511405,38.6447190703219,0 1.59420735095322,38.6447188814056,0 1.59420213403618,38.644718964707,0 1.59419692856504,38.6447193199994,0 1.59419174871072,38.6447199463154,0 1.45740435474114,38.6648928002082,0 1.45740300491436,38.6648929616472,0 1.45740173940023,38.6648924650898,0 1.3705752262379,38.6280493805343,0 1.37057033230269,38.6280474541359,0 1.37056534385364,38.628045787706,0 1.3705602746896,38.6280443858542,0 1.37055513883268,38.6280432524582,0 1.37054995048952,38.6280423906532,0 1.37054472401188,38.6280418028232,0 1.37053947385707,38.628041490594,0 1.37053421454784,38.6280414548295,0 1.37052896063231,38.6280416956285,0 1.37052372664363,38.6280422123249,0 1.37051852705989,38.6280430034896,0 1.37051337626395,38.6280440669339,0 1.37050828850375,38.6280453997163,0 1.37050327785286,38.62804699815,0 1.37049835817155,38.6280488578135,0 1.37049354306844,38.6280509735627,0 1.3704888458629,38.6280533395451,0 1.37048427954814,38.628055949216,0 1.37047985675533,38.6280587953566,0 1.37047558971863,38.628061870094,0 1.37047149024134,38.6280651649231,0 1.3704675696633,38.6280686707298,0 1.37046383882944,38.6280723778164,0 1.37046030805985,38.6280762759286,0 1.37045698712122,38.6280803542836,0 1.37045388519979,38.6280846015999,0 1.37045101087599,38.6280890061289,0 1.37044837210064,38.6280935556868,0 1.37044597617303,38.6280982376889,0 1.37044382972069,38.628103039184,0 1.37044193868104,38.6281079468903,0 1.37044030828501,38.6281129472325,0 1.37043894304254,38.6281180263786,0 1.3704378467301,38.628123170279,0 1.37043702238027,38.6281283647049,0 1.37043647227334,38.6281335952876,0 1.37043619793099,38.6281388475584,0 1.36765619132229,38.7355112234813,0 1.36765618992812,38.7355163455797,0 1.36765645080865,38.7355214610303,0 1.36765697327944,38.7355265564124,0 1.36765775596975,38.7355316183577,0 1.36765879682612,38.7355366335857,0 1.36766009311776,38.7355415889386,0 1.36766164144374,38.7355464714155,0 1.36766343774189,38.7355512682068,0 1.36766547729946,38.7355559667278,0 1.36766775476548,38.7355605546514,0 1.36767026416483,38.7355650199407,0 1.36767299891386,38.7355693508808,0 1.36767595183772,38.735573536109,0 1.36767911518915,38.7355775646449,0 1.36768248066882,38.7355814259194,0 1.36768603944708,38.7355851098021,0 1.36768978218717,38.7355886066279,0 1.36769369906967,38.7355919072226,0 1.36769777981829,38.7355950029269,0 1.41055095364568,38.7664072476514,0 1.41055195273735,38.7664080058266,0 1.41055116769994,38.7664089839528,0 1.34196685867108,38.8474899848712,0 1.34196598354755,38.8474909653464,0 1.34196467062355,38.8474910236876,0 1.17206859025926,38.8505183345105,0 1.17206329013042,38.8505185697072,0 1.17205800993423,38.850519085664,0 1.1720527645327,38.8505198809287,0 1.17204756868989,38.8505209532629,0 1.17204243703037,38.8505222996484,0 1.17203738399807,38.8505239162955,0 1.17203242381559,38.8505257986538,0 1.17202757044421,38.8505279414253,0 1.17202283754455,38.8505303385786,0 1.17201823843815,38.8505329833666,0 1.17201378606998,38.8505358683451,0 1.17200949297198,38.8505389853938,0 1.17200537122779,38.8505423257393,0 1.17200143243875,38.8505458799796,0 1.17199768769125,38.8505496381107,0 1.17199414752552,38.8505535895547,0 1.17199082190594,38.8505577231897,0 1.17198772019303,38.8505620273807,0 1.17198485111708,38.8505664900129,0 1.1719822227536,38.8505710985255,0 1.17197984250054,38.8505758399471,0 1.17197771705754,38.8505807009321,0 1.17197585240701,38.8505856677985,0 1.17197425379733,38.8505907265662,0 1.17197292572805,38.8505958629964,0 1.17197187193724,38.8506010626317,0 1.17197109539098,38.8506063108371,0 1.17197059827499,38.8506115928404,0 1.17197038198848,38.8506168937746,0 1.17197044714023,38.8506221987193,0 1.17197079354686,38.8506274927429,0 1.17197142023334,38.8506327609444,0 1.17197232543577,38.8506379884956,0 1.1719735066063,38.8506431606827,0 1.17197496042032,38.8506482629477,0 1.17197668278584,38.8506532809294,0 1.17197866885496,38.8506582005038,0 1.2091104738522,38.9360377901939,0 1.20911095762258,38.9360389880089,0 1.20910991796231,38.936039754756,0 1.13826165841781,38.9854586863397,0 1.13825743623139,38.9854617991979,0 1.13825338308719,38.9854651291778,0 1.13824951013814,38.9854686671165,0 1.13824582804133,38.9854724032786,0 1.1382423469287,38.9854763273835,0 1.13823907637913,38.9854804286332,0 1.13823602539211,38.9854846957426,0 1.13823320236297,38.9854891169699,0 1.13823061505976,38.9854936801493,0 1.1382282706019,38.9854983727245,0 1.13822617544058,38.9855031817829,0 1.13822433534098,38.9855080940917,0 1.13822275536648,38.9855130961338,0 1.13822143986464,38.9855181741451,0 1.13822039245531,38.9855233141527,0 1.13821961602059,38.9855285020129,0 1.138219112697,38.9855337234504,0 1.13821888386952,38.9855389640975,0 1.1382189301678,38.9855442095337,0 1.13821925146445,38.9855494453252,0 1.13821984687536,38.9855546570648,0 1.13822071476215,38.9855598304116,0 1.13822185273669,38.9855649511301,0 1.13822325766764,38.9855700051299,0 1.13822492568908,38.9855749785038,0 1.13822685221117,38.9855798575669,0 1.13822903193274,38.9855846288936,0 1.13823145885591,38.9855892793547,0 1.13823412630258,38.9855937961536,0 1.13823702693279,38.9855981668616,0 1.13824015276497,38.985602379452,0 1.13824349519783,38.985606422333,0 1.1382470450341,38.9856102843799,0 1.13825079250578,38.9856139549657,0 1.13825472730104,38.9856174239902,0 1.13825883859261,38.9856206819076,0 1.13826311506756,38.9856237197532,0 1.13826754495841,38.985626529168,0 1.13827211607556,38.9856291024212,0 1.13827681584077,38.9856314324322,0 1.13828163132182,38.9856335127895,0 1.13828654926807,38.9856353377687,0 1.13829155614694,38.9856369023479,0 1.13829663818113,38.985638202222,0 1.13830178138654,38.9856392338142,0 1.13830697161073,38.9856399942858,0 1.1383121945719,38.9856404815443,0 1.13831743589816,38.9856406942489,0 1.13832268116709,38.9856406318143,0 1.13832791594542,38.9856402944123,0 1.18616971411758,38.9812941168157,0 1.18617098547635,38.9812940343494,0</coordinates></LinearRing></outerBoundaryIs><innerBoundaryIs><LinearRing><coordinates>1.24020204489537,38.9051270277375,0 1.24020330869702,38.9051268094639,0 1.37197972294285,38.8859411859296,0 1.37198099241496,38.8859410344447,0 1.37198208083191,38.8859417051575,0 1.56176981850556,39.0097632291681,0 1.56177097361826,39.0097640301319,0 1.56177192018897,39.0097650692816,0 1.58445814428127,39.0361270056343,0 1.58445896074149,39.0361280063211,0 1.58445849964458,39.0361292127087,0 1.56814349021144,39.0756718118772,0 1.56814297735353,39.075672969564,0 1.5681417211297,39.0756731281934,0 1.47464830444287,39.0850448692432,0 1.47464700476598,39.0850449651872,0 1.47464577869768,39.0850445234615,0 1.31707319885044,39.023561467778,0 1.31707203572057,39.0235609790882,0 1.3170721789434,39.0235597256226,0 1.3253760404918,38.9644222934508,0 1.32537662709335,38.9644171535311,0 1.32537694709624,38.964411990153,0 1.32537699964403,38.9644068171351,0 1.32537678459611,38.9644016483219,0 1.32537630252799,38.9643964975467,0 1.32537555472983,38.9643913785943,0 1.32537454320295,38.9643863051646,0 1.32537327065449,38.9643812908355,0 1.32537174049016,38.9643763490269,0 1.32536995680511,38.9643714929644,0 1.325367924373,38.9643667356442,0 1.32536564863321,38.9643620897983,0 1.32536313567625,38.9643575678604,0 1.32536039222755,38.9643531819323,0 1.32535742562934,38.9643489437522,0 1.32535424382109,38.9643448646627,0 1.32535085531825,38.9643409555804,0 1.32534726918943,38.9643372269673,0 1.32534349503212,38.9643336888022,0 1.32533954294707,38.9643303505543,0 1.32533542351118,38.9643272211576,0 1.32533114774926,38.9643243089874,0 1.32532672710447,38.9643216218374,0 1.32532217340773,38.9643191668992,0 1.32531749884605,38.964316950743,0 1.32531271592988,38.9643149792997,0 1.32530783745969,38.9643132578457,0 1.32530287649168,38.9643117909878,0 1.32529784630281,38.964310582652,0 1.25480927343246,38.9492952712636,0 1.25480802570448,38.949294971315,0 1.25480759121008,38.9492937638345,0 1.24020241522341,38.9051282556201,0 1.24020204489537,38.9051270277375,0</coordinates></LinearRing></innerBoundaryIs></Polygon><Polygon><outerBoundaryIs><LinearRing><coordinates>1.49972327005975,38.8006824877988,0 1.49972777584057,38.80067998564,0 1.49973214672071,38.8006772546573,0 1.49973637108986,38.8006743021051,0 1.49974043772689,38.800671135826,0 1.49974433582965,38.8006677642308,0 1.49974805504366,38.8006641962753,0 1.49975158548963,38.800660441437,0 1.49975491778969,38.8006565096898,0 1.49975804309228,38.8006524114776,0 1.49976095309572,38.8006481576864,0 1.4997636400702,38.8006437596155,0 1.49976609687835,38.8006392289475,0 1.49976831699419,38.800634577717,0 1.49977029452045,38.800629818279,0 1.49977202420426,38.8006249632761,0 1.49977350145108,38.8006200256045,0 1.49977472233692,38.80061501838,0 1.49977568361876,38.8006099549032,0 1.49977638274317,38.8006048486243,0 1.49977681785306,38.8005997131069,0 1.49977698779267,38.8005945619925,0 1.49977689211057,38.8005894089638,0 1.49977653106094,38.8005842677088,0 1.49977590560282,38.8005791518842,0 1.49977501739761,38.800574075079,0 1.49977386880463,38.8005690507787,0 1.49977246287488,38.8005640923292,0 1.4919013906476,38.775303740886,0 1.49189970137545,38.7752987809948,0 1.49189775462936,38.7752939163939,0 1.49189555575394,38.7752891604389,0 1.49189311078603,38.7752845261867,0 1.49189042643807,38.7752800263602,0 1.49188751007974,38.7752756733135,0 1.49188436971763,38.7752714789974,0 1.49188101397335,38.7752674549271,0 1.49187745205982,38.7752636121503,0 1.49187369375596,38.775259961217,0 1.4918697493799,38.7752565121506,0 1.49186562976058,38.7752532744202,0 1.49186134620807,38.7752502569146,0 1.49185691048251,38.7752474679183,0 1.4918523347618,38.7752449150882,0 1.49184763160821,38.7752426054328,0 1.49184281393386,38.7752405452931,0 1.49183789496525,38.7752387403251,0 1.49183288820701,38.7752371954842,0 1.49182780740477,38.7752359150115,0 1.49182266650746,38.7752349024225,0 1.49181747962896,38.7752341604972,0 1.49181226100943,38.7752336912725,0 1.49180702497614,38.7752334960365,0 1.49180178590418,38.7752335753254,0 1.491796558177,38.7752339289214,0 1.49179135614686,38.7752345558538,0 1.49178619409552,38.7752354544013,0 1.49178108619495,38.775236622097,0 1.49177604646846,38.7752380557353,0 1.49177108875221,38.7752397513801,0 1.45324612528754,38.789554054414,0 1.45324132201274,38.7895559819964,0 1.4532366249021,38.7895581555129,0 1.45323204653778,38.7895605691414,0 1.45322759918386,38.7895632164166,0 1.45322329475347,38.789566090247,0 1.45321914477691,38.7895691829347,0 1.45321516037071,38.7895724861952,0 1.45321135220793,38.7895759911801,0 1.4532077304895,38.7895796885004,0 1.45320430491691,38.7895835682524,0 1.45320108466627,38.7895876200431,0 1.45319807836365,38.7895918330192,0 1.45319529406206,38.7895961958952,0 1.45319273921981,38.7896006969843,0 1.45319042068055,38.7896053242295,0 1.45318834465497,38.7896100652358,0 1.45318651670411,38.7896149073034,0 1.45318494172452,38.7896198374617,0 1.4531836239351,38.7896248425046,0 1.45318256686581,38.7896299090248,0 1.45318177334823,38.7896350234507,0 1.45318124550795,38.7896401720823,0 1.4531809847589,38.7896453411279,0 1.45318099179955,38.7896505167412,0 1.45318126661104,38.7896556850582,0 1.45318180845723,38.7896608322346,0 1.45318261588667,38.7896659444827,0 1.45318368673651,38.7896710081082,0 1.45318501813826,38.7896760095472,0 1.45318660652548,38.7896809354023,0 1.45318844764337,38.7896857724786,0 1.4531905365601,38.7896905078191,0 1.46651754985516,38.8179009086702,0 1.46651989011734,38.8179055465989,0 1.46652246807714,38.8179100567357,0 1.46652527677735,38.8179144269088,0 1.46652830863808,38.8179186453245,0 1.46653155547719,38.8179227005983,0 1.46653500853236,38.8179265817863,0 1.46653865848476,38.8179302784142,0 1.46654249548418,38.8179337805058,0 1.46654650917564,38.81793707861,0 1.4665506887273,38.817940163826,0 1.46655502285971,38.8179430278278,0 1.46655949987627,38.8179456628863,0 1.46656410769475,38.81794806189,0 1.46656883387994,38.8179502183649,0 1.46657366567718,38.8179521264911,0 1.4665785900468,38.8179537811192,0 1.4665835936993,38.8179551777837,0 1.46658866313121,38.8179563127155,0 1.46659378466156,38.8179571828518,0 1.46659894446876,38.8179577858442,0 1.46660412862794,38.8179581200654,0 1.46660932314849,38.8179581846135,0 1.46661451401185,38.8179579793143,0 1.46661968720933,38.8179575047218,0 1.46662482877992,38.8179567621169,0 1.46662992484794,38.8179557535035,0 1.46663496166053,38.8179544816037,0 1.46663992562475,38.81795294985,0 1.46664480334423,38.8179511623761,0 1.46664958165537,38.817949124006,0 1.46665424766285,38.8179468402406,0 1.49972327005975,38.8006824877988,0</coordinates></LinearRing></outerBoundaryIs></Polygon><Polygon><outerBoundaryIs><LinearRing><coordinates>0.660458095319369,39.8925589320931,0 0.660453432358215,39.8925612509818,0 0.660448896440662,39.8925638094782,0 0.660444499868322,39.8925666006434,0 0.6604402545649,39.8925696169078,0 0.660436172043848,39.892572850091,0 0.66043226337715,39.8925762914245,0 0.660428539165285,39.8925799315753,0 0.660425009508485,39.8925837606711,0 0.660421683979338,39.8925877683273,0 0.66041857159683,39.8925919436748,0 0.660415680801881,39.89259627539,0 0.66041301943446,39.892600751725,0 0.660410594712315,39.8926053605398,0 0.660408413211401,39.8926100893352,0 0.660406480848048,39.8926149252864,0 0.660404802862912,39.892619855278,0 0.660403383806765,39.8926248659398,0 0.660402227528151,39.8926299436826,0 0.66040133716295,39.8926350747352,0 0.660400715125874,39.8926402451822,0 0.660400363103913,39.8926454410009,0 0.660400282051769,39.8926506481001,0 0.660400472189257,39.892655852358,0 0.660400933000717,39.8926610396602,0 0.660401663236407,39.8926661959387,0 0.660402660915895,39.8926713072093,0 0.660403923333429,39.8926763596101,0 0.660405447065275,39.8926813394387,0 0.660407227979004,39.8926862331896,0 0.660409261244698,39.8926910275908,0 0.660411541348048,39.8926957096395,0 0.660414062105311,39.892700266638,0 0.660416816680078,39.8927046862273,0 0.66041979760182,39.8927089564213,0 0.660422996786141,39.8927130656392,0 0.66042640555671,39.8927170027365,0 0.660430014668786,39.8927207570356,0 0.660433814334293,39.8927243183547,0 0.660437794248369,39.8927276770354,0 0.660441943617306,39.8927308239687,0 0.660446251187828,39.89273375062,0 0.660450705277609,39.8927364490522,0 0.660455293806956,39.8927389119468,0 0.66046000433157,39.8927411326246,0 0.660464824076296,39.8927431050628,0 0.704904162452048,39.909592373221,0 0.704909105339149,39.9095941007226,0 0.704914131872573,39.9095955671319,0 0.704919228271377,39.9095967684286,0 0.704924380563073,39.9095977013191,0 0.704929574621936,39.9095983632459,0 0.704934796207728,39.9095987523941,0 0.704940031004744,39.9095988676969,0 0.704945264661058,39.9095987088381,0 0.704950482827871,39.9095982762533,0 0.704955671198851,39.9095975711284,0 0.704960815549356,39.9095965953967,0 0.704965901775431,39.9095953517332,0 0.704970915932478,39.9095938435477,0 0.704975844273487,39.9095920749749,0 0.704980673286723,39.9095900508639,0 0.704985389732773,39.9095877767638,0 0.704989980680843,39.9095852589095,0 0.704994433544208,39.909582504204,0 0.704998736114723,39.9095795201997,0 0.705002876596289,39.9095763150777,0 0.7050068436372,39.9095728976253,0 0.70501062636126,39.9095692772119,0 0.705014214397604,39.9095654637634,0 0.705017597909128,39.9095614677348,0 0.705020767619465,39.9095573000819,0 0.705023714838412,39.9095529722308,0 0.705026431485756,39.909548496047,0 0.705028910113431,39.9095438838025,0 0.705031143925933,39.9095391481424,0 0.705033126798953,39.9095343020502,0 0.705034853296169,39.9095293588122,0 0.705036318684148,39.909524331981,0 0.705037518945323,39.9095192353382,0 0.705038450789013,39.9095140828571,0 0.705039111660436,39.9095088886638,0 0.705039499747723,39.9095036669991,0 0.705039613986878,39.9094984321787,0 0.705039454064698,39.9094931985548,0 0.705039020419632,39.909487980476,0 0.705038314240579,39.9094827922484,0 0.705037337463626,39.9094776480962,0 0.705036092766745,39.909472562123,0 0.705034583562445,39.9094675482724,0 0.70503281398842,39.9094626202909,0 0.705030788896205,39.909457791689,0 0.691054578860995,39.8784362881654,0 0.691052285565276,39.878431536794,0 0.691049744872594,39.8784269129844,0 0.691046963854901,39.8784224296068,0 0.691043950253085,39.8784180991404,0 0.691040712455426,39.8784139336392,0 0.69103725947425,39.8784099446975,0 0.691033600920836,39.8784061434186,0 0.691029746978672,39.8784025403831,0 0.691025708375103,39.8783991456201,0 0.691021496351475,39.8783959685788,0 0.691017122631844,39.8783930181023,0 0.691012599390342,39.8783903024034,0 0.691007939217293,39.8783878290409,0 0.691003155084164,39.8783856048995,0 0.690998260307463,39.8783836361701,0 0.690993268511671,39.8783819283324,0 0.690988193591319,39.8783804861403,0 0.690983049672314,39.8783793136081,0 0.690977851072616,39.8783784139994,0 0.690972612262391,39.8783777898183,0 0.690967347823728,39.8783774428022,0 0.690962072410052,39.8783773739169,0 0.690956800705337,39.8783775833543,0 0.690951547383233,39.8783780705314,0 0.690946327066223,39.8783788340921,0 0.690941154284921,39.8783798719111,0 0.690936043437626,39.8783811810996,0 0.690931008750246,39.8783827580136,0 0.6909260642367,39.8783845982636,0 0.69092122365991,39.8783866967276,0 0.660458095319369,39.8925589320931,0</coordinates></LinearRing></outerBoundaryIs></Polygon><Polygon><outerBoundaryIs><LinearRing><coordinates>-0.312261373583813,39.1201766067548,0 -0.312265797786455,39.1201738751798,0 -0.31227035798961,39.1201713772571,0 -0.312275041864739,39.1201691197397,0 -0.312279836748952,39.120167108731,0 -0.312284729679245,39.1201653496676,0 -0.312289707427546,39.1201638473052,0 -0.312294756536479,39.1201626057055,0 -0.31229986335574,39.1201616282251,0 -0.312305014079009,39.1201609175067,0 -0.312310194781267,39.1201604754717,0 -0.31231539145645,39.1201603033151,0 -0.31232059005531,39.1201604015024,0 -0.312325776523398,39.1201607697681,0 -0.312330936839061,39.1201614071166,0 -0.312336057051348,39.1201623118248,0 -0.31234112331773,39.1201634814469,0 -0.312346121941519,39.1201649128207,0 -0.3123510394089,39.1201666020766,0 -0.312355862425467,39.1201685446476,0 -0.312360577952158,39.120170735282,0 -0.312365173240515,39.1201731680573,0 -0.312369635867143,39.1201758363965,0 -0.312373953767298,39.1201787330859,0 -0.312378115267508,39.1201818502941,0 -0.312382109117129,39.1201851795937,0 -0.332887347396069,39.1382023470293,0 -0.332891140883391,39.1382058580528,0 -0.332894747881314,39.1382095604032,0 -0.332898158752722,39.1382134441886,0 -0.332901364384505,39.1382174990322,0 -0.332904356211909,39.1382217141006,0 -0.332907126241421,39.1382260781318,0 -0.332909667072123,39.1382305794663,0 -0.332911971915464,39.1382352060773,0 -0.332914034613404,39.1382399456036,0 -0.332915849654861,39.1382447853822,0 -0.332917412190438,39.1382497124822,0 -0.332918718045377,39.1382547137396,0 -0.332919763730718,39.138259775792,0 -0.332920546452616,39.1382648851147,0 -0.332921064119809,39.1382700280568,0 -0.3329213153492,39.1382751908773,0 -0.332921299469561,39.1382803597824,0 -0.332921016523317,39.1382855209619,0 -0.332920467266441,39.1382906606262,0 -0.332919653166426,39.1382957650433,0 -0.332918576398373,39.1383008205752,0 -0.332917239839171,39.1383058137147,0 -0.332915647059818,39.1383107311211,0 -0.332913802315874,39.1383155596563,0 -0.332911710536095,39.1383202864195,0 -0.332909377309264,39.1383248987816,0 -0.332906808869257,39.1383293844196,0 -0.332904012078389,39.1383337313488,0 -0.332900994409078,39.1383379279551,0 -0.332897763923884,39.1383419630261,0 -0.332894329253961,39.1383458257809,0 -0.332890699576004,39.1383495058991,0 -0.332886884587726,39.1383529935483,0 -0.332882894481948,39.1383562794102,0 -0.307658178338835,39.1580573133253,0 -0.307654020106187,39.1580603911932,0 -0.307649708260683,39.1580632498918,0 -0.307645254342617,39.15806588177,0 -0.307640670272533,39.158068279784,0 -0.307635968319311,39.1580704375155,0 -0.307631161067341,39.1580723491896,0 -0.307626261382832,39.1580740096899,0 -0.307621282379384,39.1580754145721,0 -0.307616237382884,39.1580765600762,0 -0.307611139895848,39.1580774431364,0 -0.307606003561275,39.1580780613892,0 -0.30760084212614,39.1580784131799,0 -0.307595669404594,39.1580784975671,0 -0.307590499240996,39.1580783143247,0 -0.307585345472861,39.1580778639433,0 -0.30758022189382,39.1580771476283,0 -0.307575142216708,39.1580761672968,0 -0.307570120036857,39.1580749255727,0 -0.307565168795716,39.1580734257792,0 -0.30756030174487,39.1580716719304,0 -0.307555531910577,39.1580696687204,0 -0.307550872058901,39.1580674215107,0 -0.307546334661548,39.1580649363156,0 -0.307541931862487,39.1580622197866,0 -0.307537675445442,39.1580592791942,0 -0.30753357680236,39.1580561224088,0 -0.307529646902919,39.1580527578792,0 -0.285271367625179,39.1379759230219,0 -0.285267581339772,39.1379723240689,0 -0.285263988159566,39.1379685323047,0 -0.285260597889784,39.1379645580764,0 -0.285257419781935,39.137960412229,0 -0.285254462508574,39.1379561060759,0 -0.285251734139633,39.137951651368,0 -0.285249242120399,39.1379470602614,0 -0.285246993251199,39.1379423452845,0 -0.285244993668841,39.1379375193037,0 -0.285243248829871,39.1379325954885,0 -0.285241763495677,39.137927587275,0 -0.285240541719502,39.13792250833,0 -0.285239586835381,39.137917372513,0 -0.28523890144904,39.1379121938389,0 -0.285238487430792,39.1379069864395,0 -0.285238345910426,39.1379017645249,0 -0.285238477274129,39.1378965423449,0 -0.285238881163431,39.1378913341501,0 -0.285239556476181,39.1378861541528,0 -0.285240501369558,39.1378810164883,0 -0.285241713265096,39.1378759351766,0 -0.285243188855725,39.1378709240836,0 -0.28524492411479,39.1378659968841,0 -0.285246914307045,39.1378611670233,0 -0.285249154001568,39.1378564476814,0 -0.285251637086588,39.1378518517366,0 -0.285254356786157,39.1378473917305,0 -0.285257305678646,39.1378430798339,0 -0.285260475716992,39.1378389278131,0 -0.285263858250662,39.1378349469984,0 -0.285267444049257,39.1378311482527,0 -0.285271223327697,39.1378275419424,0 -0.285275185772931,39.1378241379084,0 -0.28527932057207,39.1378209454398,0 -0.2852836164419,39.1378179732483,0 -0.312261373583813,39.1201766067548,0</coordinates></LinearRing></outerBoundaryIs></Polygon><Polygon><outerBoundaryIs><LinearRing><coordinates>-5.02983998745246,43.44531196445,0 -5.02984100803573,43.4453111297727,0 -5.06234432097269,43.4172513405744,0 -5.06234829655052,43.4172480829934,0 -5.06235243425348,43.4172450339825,0 -5.062356723151,43.4172422015964,0 -5.06236115191307,43.4172395933173,0 -5.0623657088402,43.4172372160356,0 -5.06237038189434,43.4172350760314,0 -5.06237515873065,43.4172331789579,0 -5.06238002673013,43.4172315298266,0 -5.06238497303298,43.417230132994,0 -5.06238998457252,43.4172289921502,0 -5.06239504810972,43.4172281103089,0 -5.06240015026823,43.4172274897997,0 -5.06240527756964,43.4172271322618,0 -5.06241041646913,43.4172270386398,0 -5.06241555339125,43.4172272091808,0 -5.06242067476576,43.4172276434345,0 -5.06242576706349,43.4172283402536,0 -5.06243081683211,43.4172292977973,0 -5.0624358107316,43.4172305135362,0 -5.06244073556956,43.4172319842585,0 -5.06244557833601,43.4172337060791,0 -5.0624503262378,43.4172356744494,0 -5.06245496673236,43.4172378841696,0 -5.06245948756088,43.4172403294022,0 -5.1409098196141,43.4623161674522,0 -5.14091429794295,43.4623188992886,0 -5.14091862685276,43.4623218622093,0 -5.1409227944311,43.4623250480608,0 -5.14092678920947,43.4623284480762,0 -5.14093060019489,43.4623320528993,0 -5.14093421690016,43.4623358526101,0 -5.1409376293727,43.4623398367524,0 -5.14094082822194,43.4623439943626,0 -5.14094380464518,43.4623483139996,0 -5.14094655045179,43.4623527837765,0 -5.14094905808575,43.4623573913931,0 -5.14095132064648,43.4623621241701,0 -5.14095333190777,43.4623669690837,0 -5.14095508633497,43.4623719128013,0 -5.14095657910017,43.4623769417188,0 -5.14095780609554,43.4623820419974,0 -5.14095876394458,43.4623871996019,0 -5.14095945001145,43.4623924003395,0 -5.1409598624082,43.4623976298986,0 -5.14096,43.4624028738883,0 -5.14096,43.4996292277103,0 -5.14095986203551,43.4996344787924,0 -5.14095944852274,43.4996397153852,0 -5.14095876060268,43.4996449230395,0 -5.14095780017351,43.4996500873858,0 -5.14095656988532,43.4996551941742,0 -5.14095507313284,43.4996602293137,0 -5.14095331404604,43.4996651789107,0 -5.14095129747875,43.499670029308,0 -5.14094902899527,43.4996747671218,0 -5.140946514855,43.4996793792792,0 -5.14094376199518,43.4996838530539,0 -5.14094077801175,43.4996881761014,0 -5.14093757113838,43.4996923364933,0 -5.14093415022377,43.4996963227497,0 -5.1409305247072,43.4997001238715,0 -5.14092670459254,43.4997037293702,0 -5.14092270042058,43.4997071292973,0 -5.14091852323999,43.4997103142713,0 -5.14091418457683,43.499713275504,0 -5.14090969640273,43.4997160048245,0 -5.14090507110185,43.4997184947018,0 -5.14090032143674,43.4997207382656,0 -5.14089546051311,43.4997227293253,0 -5.14089050174365,43.4997244623869,0 -5.14088545881104,43.4997259326685,0 -5.14088034563019,43.499727136113,0 -5.14087517630986,43.4997280694,0 -5.14086996511369,43.499728729954,0 -5.14086472642089,43.4997291159526,0 -5.14085947468652,43.4997292263305,0 -5.14085422440164,43.4997290607833,0 -5.14084899005332,43.4997286197677,0 -5.14084378608462,43.4997279045006,0 -4.61680420451008,43.4136211979171,0 -4.61680299733007,43.4136210297117,0 -4.6168017795018,43.4136209799992,0 -4.2781292869369,43.4080710210895,0 -4.27812800373276,43.4080710330941,0 -4.27812675009472,43.4080713072267,0 -3.9511707210888,43.4884370853565,0 -3.95116321982987,43.4884386272065,0 -3.81478182308211,43.5110670517491,0 -3.81477653657025,43.5110677845202,0 -3.81477121849301,43.5110682342041,0 -3.81476588399849,43.5110683995198,0 -3.81476054828155,43.5110682799966,0 -3.81475522654053,43.5110678759748,0 -3.81474993393396,43.5110671886053,0 -3.8147446855374,43.511066219846,0 -3.81473949630045,43.5110649724564,0 -3.81473438100422,43.5110634499894,0 -3.81472935421921,43.5110616567818,0 -3.81472443026379,43.5110595979414,0 -3.75224916456098,43.4829555238698,0 -3.75224799775304,43.4829550344176,0 -3.7522467772124,43.4829553680117,0 -3.59134685593421,43.5313800145198,0 -3.59134199787335,43.5313813441446,0 -3.59133707902623,43.5313824274731,0 -3.5913321118713,43.5313832617569,0 -3.59132710900957,43.5313838448796,0 -3.59132208313263,43.5313841753619,0 -3.59131704699046,43.5313842523654,0 -3.59131201335906,43.5313840756948,0 -3.59130699500809,43.5313836457982,0 -3.59130200466843,43.5313829637662,0 -3.5912970549999,43.5313820313291,0 -3.59129215855914,43.5313808508523,0 -3.59128732776777,43.5313794253305,0 -3.42122586578604,43.4765038000238,0 -3.42122088274912,43.476502045461,0 -3.42121599932546,43.476500030189,0 -3.42121122914428,43.4764977598324,0 -3.42120658551876,43.4764952407274,0 -3.42120208140885,43.4764924799047,0 -3.42119772938515,43.4764894850696,0 -3.42119354159378,43.4764862645803,0 -3.42118952972251,43.476482827425,0 -3.42118570496813,43.4764791831965,0 -3.4211820780052,43.4764753420654,0 -3.42117865895628,43.4764713147521,0 -3.42117545736362,43.4764671124965,0 -3.42117248216261,43.4764627470267,0 -3.42116974165678,43.4764582305263,0 -3.42116724349464,43.4764535756006,0 -3.42116499464836,43.476448795241,0 -3.42116300139427,43.476443902789,0 -3.4064544550798,43.4374222073243,0 -3.40645397627887,43.4374210300362,0 -3.40645272008002,43.4374208371069,0 -3.22295922118132,43.4140679553173,0 -3.22295417087427,43.4140671809952,0 -3.22294916670888,43.4140661497316,0 -3.2229442217486,43.4140648642185,0 -3.22293934890235,43.4140633278119,0 -3.22293456089077,43.4140615445225,0 -3.22292987021305,43.4140595190057,0 -3.2229252891143,43.414057256549,0 -3.22292082955354,43.4140547630588,0 -3.22291650317254,43.4140520450441,0 -3.15617508812911,43.3697047230235,0 -3.15617399123394,43.3697040347916,0 -3.15617269918453,43.369704121108,0 -3.06180535177985,43.3784898741471,0 -3.06180401248683,43.3784900356176,0 -3.06180286555086,43.3784907457699,0 -2.94880538120812,43.4527736016987,0 -2.94880086327119,43.452776402643,0 -2.94879620287924,43.4527789595533,0 -2.94879141320116,43.4527812652045,0 -2.94878650777118,43.4527833130814,0 -2.94878150045057,43.4527850973975,0 -2.94877640538856,43.4527866131107,0 -2.94877123698228,43.452787855938,0 -2.94876600983611,43.4527888223678,0 -2.94876073872043,43.4527895096689,0 -2.74429506501578,43.4739401314354,0 -2.74428988165797,43.4739405317611,0 -2.74428468449974,43.4739406621647,0 -2.74427948758768,43.4739405222939,0 -2.74427430496772,43.4739401125267,0 -2.74426915064718,43.4739394339705,0 -2.74426403855686,43.4739384884593,0 -2.74425898251345,43.4739372785486,0 -2.74425399618215,43.4739358075085,0 -2.74424909303974,43.4739340793149,0 -2.74424428633818,43.4739320986385,0 -2.74423958906875,43.4739298708327,0 -2.74423501392699,43.4739274019186,0 -2.74423057327834,43.4739246985691,0 -2.74422627912473,43.4739217680908,0 -2.74422214307219,43.4739186184038,0 -2.7442181762994,43.473915258021,0 -2.74421438952755,43.4739116960247,0 -2.70586792499194,43.4359149165568,0 -2.70586698335054,43.4359140308899,0 -2.70586572585236,43.4359137312362,0 -2.49772611437074,43.3920095553592,0 -2.4977213201571,43.3920084200483,0 -2.49771658767965,43.3920070499854,0 -2.49771192842572,43.392005448496,0 -2.49770735370492,43.3920036194677,0 -2.49770287462165,43.3920015673399,0 -2.34969516256179,43.3197275676933,0 -2.34969399167174,43.3197270329926,0 -2.34969270728466,43.3197269479111,0 -2.13120240657453,43.3109230566768,0 -2.13120100513422,43.3109230396906,0 -2.13119965414545,43.3109234127219,0 -1.7990977506239,43.4127663035027,0 -1.79909263594165,43.4127677246054,0 -1.7990874530541,43.4127688722917,0 -1.79908221656636,43.4127697433276,0 -1.79907694123461,43.4127703352584,0 -1.79907164192445,43.4127706464162,0 -1.7990663335691,43.4127706759242,0 -1.79906103112722,43.4127704236991,0 -1.79905574954085,43.4127698904518,0 -1.79905050369323,43.4127690776849,0 -1.79904530836691,43.4127679876887,0 -1.79904017820205,43.4127666235348,0 -1.79903512765521,43.4127649890674,0 -1.79903017095857,43.4127630888922,0 -1.79902532207988,43.4127609283638,0 -1.79902059468302,43.4127585135706,0 -1.79901600208958,43.4127558513173,0 -1.79901155724125,43.412752949106,0 -1.79900727266339,43.4127498151149,0 -1.79900316042973,43.4127464581756,0 -1.79899923212836,43.4127428877476,0 -1.79899549882902,43.4127391138924,0 -1.79899197105197,43.4127351472444,0 -1.79898865873831,43.4127309989814,0 -1.79898557122198,43.4127266807931,0 -1.73940520629611,43.3245411031359,0 -1.73940240417556,43.3245367134579,0 -1.73939983438285,43.3245321838534,0 -1.73939750388757,43.324527526607,0 -1.73939541901028,43.3245227543498,0 -1.73939358540541,43.3245178800248,0 -1.7393920080459,43.3245129168515,0 -1.73939069120975,43.3245078782907,0 -1.73938963846836,43.3245027780077,0 -1.73938885267688,43.3244976298348,0 -1.73938833596648,43.3244924477346,0 -1.73938808973853,43.3244872457616,0 -1.73938811466083,43.324482038024,0 -1.73938841066579,43.3244768386459,0 -1.73938897695061,43.3244716617285,0 -1.73938981197946,43.3244665213123,0 -1.73939091348764,43.3244614313387,0 -1.73939227848774,43.3244564056122,0 -1.73939390327771,43.3244514577632,0 -1.73939578345095,43.3244466012109,0 -1.73939791390821,43.3244418491267,0 -1.73940028887144,43.324437214399,0 -1.73940290189946,43.3244327095975,0 -1.73940574590545,43.3244283469398,0 -1.73940881317613,43.324424138258,0 -1.73941209539271,43.3244200949665,0 -1.73941558365344,43.3244162280312,0 -1.73941926849775,43.3244125479395,0 -1.73942313993193,43.3244090646725,0 -1.7394271874562,43.324405787677,0 -1.73943140009321,43.3244027258408,0 -1.73943576641779,43.3243998874677,0 -1.73944027458798,43.3243972802559,0 -1.7394449123771,43.3243949112764,0 -1.73944966720692,43.3243927869541,0 -1.73945452618181,43.3243909130504,0 -1.73945947612366,43.3243892946476,0 -1.73946450360766,43.324387936135,0 -1.7394695949987,43.324386841197,0 -1.73947473648833,43.3243860128033,0 -1.73947991413225,43.3243854532004,0 -1.73948511388809,43.3243851639062,0 -1.7394903216535,43.3243851457052,0 -1.73949552330444,43.3243853986467,0 -1.73950070473342,43.3243859220449,0 -1.73950585188781,43.3243867144801,0 -1.81694458175013,43.3383821046683,0 -1.81694963798259,43.3383831539665,0 -1.81695463330614,43.3383844628806,0 -1.81695955439999,43.3383860279201,0 -1.81696438814131,43.3383878449116,0 -1.81696912164018,43.3383899090099,0 -1.81697374227403,43.3383922147108,0 -1.81697823772122,43.3383947558656,0 -1.81698259599397,43.3383975256981,0 -1.81698680547029,43.338400516822,0 -1.81699085492497,43.3384037212612,0 -1.81699473355952,43.3384071304704,0 -1.81699843103098,43.3384107353585,0 -1.81700193747948,43.3384145263125,0 -1.81700524355455,43.3384184932232,0 -1.81700834044004,43.3384226255124,0 -1.81701121987763,43.3384269121606,0 -1.81701387418887,43.3384313417368,0 -1.81701629629564,43.3384359024288,0 -1.81701847973901,43.338440582075,0 -1.81702041869651,43.3384453681963,0 -1.81702210799762,43.3384502480298,0 -1.81702354313756,43.3384552085627,0 -1.8170247202893,43.338460236567,0 -1.8170256363138,43.3384653186348,0 -1.81702628876834,43.3384704412139,0 -1.81702667591305,43.3384755906442,0 -1.81702679671555,43.3384807531939,0 -1.81695300317933,43.3688836901171,0 -1.81695303269738,43.368884931752,0 -1.81695401881799,43.3688841767059,0 -1.89779350716779,43.3035587923529,0 -1.89779754139672,43.3035556984988,0 -1.89780172765237,43.3035528136764,0 -1.89780605511457,43.3035501453423,0 -1.89781051259815,43.3035477003931,0 -1.89781508858187,43.3035454851483,0 -1.89781977123822,43.3035435053338,0 -1.89782454846397,43.3035417660666,0 -1.89782940791146,43.3035402718422,0 -1.8978343370205,43.3035390265228,0 -1.89783932305085,43.3035380333271,0 -1.89784435311515,43.3035372948223,0 -1.89784941421224,43.3035368129171,0 -2.05720869690924,43.2924420907222,0 -2.05720997834839,43.2924419678006,0 -2.05721057563016,43.2924408274275,0 -2.07705321784692,43.2520208891044,0 -2.07705565215979,43.2520162425565,0 -2.07705832677883,43.2520117300516,0 -2.07706123434447,43.2520073640067,0 -2.07706436685617,43.2520031564352,0 -2.07706771569443,43.251999118915,0 -2.07707127164448,43.2519952625559,0 -2.07707502492167,43.251991597969,0 -2.07707896519838,43.2519881352379,0 -2.07708308163242,43.2519848838909,0 -2.0770873628969,43.2519818528743,0 -2.07709179721137,43.2519790505285,0 -2.07709637237425,43.2519764845644,0 -2.07710107579637,43.2519741620427,0 -2.07710589453568,43.251972089354,0 -2.07711081533279,43.2519702722017,0 -2.07711582464749,43.2519687155857,0 -2.07712090869601,43.2519674237895,0 -2.07712605348893,43.2519664003675,0 -2.0771312448697,43.2519656481358,0 -2.07713646855357,43.2519651691642,0 -2.07714171016689,43.2519649647707,0 -2.07714695528669,43.2519650355178,0 -2.07715218948035,43.2519653812107,0 -2.07715739834531,43.2519660008983,0 -2.07716256754871,43.2519668928754,0 -2.07716768286683,43.2519680546875,0 -2.21981370998115,43.2883256712,0 -2.21981500226715,43.2883259641758,0 -2.21981632117719,43.2883258364494,0 -2.36346535928874,43.2705432978952,0 -2.3634705792213,43.2705427902882,0 -2.36347581858764,43.2705425570473,0 -2.36348106297668,43.2705425988142,0 -2.36348629796355,43.270542915474,0 -2.36349150914922,43.2705435061557,0 -2.36349668220014,43.2705443692345,0 -2.36350180288764,43.2705455023366,0 -2.3635068571271,43.2705469023453,0 -2.36351183101663,43.2705485654099,0 -2.36351671087539,43.270550486956,0 -2.65253880455257,43.3932074926685,0 -2.65253993858213,43.3932079395495,0 -2.65253947375526,43.393206812757,0 -2.6338707904382,43.351089025932,0 -2.63386878710615,43.3510841652422,0 -2.63386704199745,43.3510792059841,0 -2.63386555993552,43.3510741618651,0 -2.63386434501673,43.3510690468268,0 -2.63386340059906,43.351063875007,0 -2.63386272929285,43.3510586607005,0 -2.63386233295358,43.3510534183193,0 -2.6338622126767,43.3510481623534,0 -2.63386236879466,43.3510429073299,0 -2.63386280087596,43.3510376677736,0 -2.63386350772633,43.3510324581664,0 -2.63386448739207,43.3510272929075,0 -2.63386573716542,43.3510221862735,0 -2.63386725359205,43.3510171523789,0 -2.6338690324806,43.3510122051372,0 -2.6338710689143,43.3510073582225,0 -2.63387335726451,43.3510026250314,0 -2.63387589120631,43.3509980186463,0 -2.63387866373598,43.3509935517991,0 -2.63388166719035,43.350989236836,0 -2.63388489326798,43.3509850856834,0 -2.63388833305209,43.350981109815,0 -2.63389197703526,43.3509773202199,0 -2.63389581514563,43.3509737273723,0 -2.63389983677481,43.3509703412029,0 -2.63390403080717,43.3509671710709,0 -2.63390838565053,43.3509642257383,0 -2.63391288926828,43.3509615133461,0 -2.63391752921256,43.3509590413911,0 -2.63392229265875,43.3509568167057,0 -2.67428555111813,43.3333830603942,0 -2.67429049024763,43.3333810647012,0 -2.67429552864352,43.3333793348579,0 -2.67430065200794,43.3333778757733,0 -2.67430584580191,43.3333766915879,0 -2.67431109528659,43.3333757856622,0 -2.67431638556511,43.333375160567,0 -2.67432170162482,43.3333748180761,0 -2.67432702837992,43.3333747591616,0 -2.67433235071426,43.3333749839905,0 -2.67433765352423,43.3333754919248,0 -2.67434292176162,43.3333762815232,0 -2.67434814047634,43.333377350545,0 -2.67435329485883,43.3333786959565,0 -2.67435837028209,43.3333803139396,0 -2.6743633523432,43.333382199903,0 -2.67436822690415,43.3333843484948,0 -2.67437298013203,43.3333867536175,0 -2.67437759853823,43.3333894084462,0 -2.67438206901673,43.3333923054468,0 -2.67438637888129,43.3333954363985,0 -2.67439051590148,43.3333987924162,0 -2.67439446833735,43.3334023639763,0 -2.67439822497275,43.3334061409435,0 -2.76478010847424,43.4292530545673,0 -2.76478101344926,43.4292539656244,0 -2.76478229640476,43.4292539105823,0 -2.92221668060231,43.4183950910036,0 -2.92221796484363,43.4183949682259,0 -2.92221795753213,43.4183936781495,0 -2.92082301266672,43.3749747719455,0 -2.92082298079946,43.3749695759007,0 -2.92082321887797,43.3749643852152,0 -2.92082372625945,43.3749592139039,0 -2.92082450157397,43.3749540759291,0 -2.92082554272818,43.3749489851635,0 -2.920826846911,43.3749439553519,0 -2.92082841060112,43.3749390000749,0 -2.92083022957661,43.3749341327117,0 -2.92083229892626,43.374929366404,0 -2.92083461306283,43.3749247140208,0 -2.92083716573818,43.3749201881236,0 -2.92083995006013,43.3749158009322,0 -2.92084295851101,43.374911564292,0 -2.92084618296806,43.3749074896419,0 -2.92084961472527,43.3749035879833,0 -2.92085324451692,43.3748998698508,0 -2.92085706254263,43.3748963452832,0 -2.92086105849376,43.3748930237968,0 -2.92086522158127,43.3748899143597,0 -2.92086954056489,43.3748870253672,0 -2.9208740037834,43.3748843646197,0 -2.92087859918615,43.374881939301,0 -2.9208833143656,43.3748797559596,0 -2.92088813659082,43.3748778204904,0 -2.92089305284185,43.3748761381192,0 -2.92089804984486,43.3748747133884,0 -2.920903114108,43.3748735501447,0 -2.92090823195781,43.3748726515289,0 -2.92091338957614,43.3748720199672,0 -3.00189470994551,43.3670851240474,0 -3.00189594274102,43.3670849731702,0 -3.00189526976488,43.3670839293064,0 -2.9471186249662,43.2867686941451,0 -2.94711575715823,43.2867642402614,0 -2.94711312922688,43.2867596407637,0 -2.94711074854647,43.2867549085587,0 -2.94710862179755,43.2867500569258,0 -2.94710675494805,43.2867450994794,0 -2.94710515323663,43.2867400501306,0 -2.94710382115791,43.2867349230487,0 -2.94710276244989,43.2867297326209,0 -2.94710198008346,43.2867244934125,0 -2.94710147625404,43.2867192201252,0 -2.94710125237544,43.2867139275567,0 -2.94710130907591,43.2867086305587,0 -2.94710164619634,43.2867033439953,0 -2.94710226279071,43.2866980827014,0 -2.94710315712878,43.2866928614408,0 -2.94710432670091,43.2866876948652,0 -2.94710576822512,43.2866825974727,0 -2.94710747765628,43.2866775835672,0 -2.9471094501975,43.2866726672186,0 -2.94711168031354,43.2866678622227,0 -2.94711416174639,43.2866631820632,0 -2.94711688753279,43.286658639873,0 -2.94711985002382,43.2866542483984,0 -2.9471230409063,43.2866500199623,0 -2.94712645122617,43.2866459664304,0 -2.9471300714136,43.2866420991774,0 -2.94713389130983,43.2866384290554,0 -2.94713790019569,43.2866349663633,0 -2.97819312995065,43.2612154607551,0 -2.97819727664503,43.2612122445208,0 -2.97820158635249,43.2612092502497,0 -2.97820604720442,43.2612064861879,0 -2.97821064691598,43.2612039599475,0 -2.97821537281991,43.2612016784853,0 -2.97822021190144,43.2611996480845,0 -2.9782251508341,43.2611978743366,0 -2.97823017601645,43.2611963621264,0 -2.97823527360952,43.2611951156183,0 -2.97824042957493,43.2611941382453,0 -2.97824562971353,43.2611934326987,0 -2.97825085970456,43.2611930009218,0 -2.97825610514501,43.2611928441036,0 -2.97826135158933,43.2611929626759,0 -2.97826658458922,43.2611933563122,0 -2.9782717897334,43.2611940239285,0 -2.9782769526873,43.2611949636862,0 -2.97828205923253,43.2611961729972,0 -2.97828709530606,43.2611976485313,0 -2.97829204703893,43.2611993862249,0 -2.97829690079444,43.2612013812926,0 -2.97830164320572,43.26120362824,0 -2.97830626121253,43.2612061208792,0 -2.97831074209724,43.2612088523458,0 -2.97831507351982,43.2612118151175,0 -2.97831924355187,43.2612150010349,0 -3.06077501067349,43.3277092021847,0 -3.06077601226605,43.3277099687133,0 -3.06077726794352,43.3277100871545,0 -3.17523021054118,43.3355772273126,0 -3.1752352470127,43.3355777017617,0 -3.17524025304615,43.3355784303057,0 -3.17524521583053,43.3355794110801,0 -3.1752501226655,43.335580641575,0 -3.17525496099391,43.3355821186415,0 -3.17525971843392,43.3355838384996,0 -3.17526438281069,43.3355857967479,0 -3.17526894218756,43.3355879883751,0 -3.17527338489654,43.3355904077726,0 -3.17527769956825,43.3355930487488,0 -3.24467192910606,43.3805203066811,0 -3.24467300662386,43.3805209659001,0 -3.2446742525763,43.3805207580122,0 -3.32457755811631,43.3650840743221,0 -3.3245826526177,43.3650832259394,0 -3.32458778412608,43.3650826417141,0 -3.32459293895383,43.3650823232045,0 -3.32459810335112,43.3650822712602,0 -3.32460326354258,43.3650824860196,0 -3.32460840576407,43.36508296691,0 -3.3246135162994,43.3650837126487,0 -3.32461858151687,43.3650847212465,0 -3.32462358790567,43.3650859900131,0 -3.32462852211192,43.3650875155642,0 -3.32463337097427,43.3650892938306,0 -3.324638121559,43.3650913200691,0 -3.40106682019776,43.4000494603638,0 -3.40106800411678,43.4000499651664,0 -3.40106927309411,43.4000497502568,0 -3.42540272910949,43.395276249311,0 -3.42540395878988,43.3952759748324,0 -3.42540364138326,43.3952747555273,0 -3.41141732776622,43.3467394157157,0 -3.41141599583089,43.3467342865437,0 -3.41141493747996,43.3467290940153,0 -3.41141415568551,43.3467238527126,0 -3.41141365264304,43.3467185773542,0 -3.41141342976519,43.3467132827549,0 -3.41141348767788,43.3467079837829,0 -3.41141382621846,43.3467026953193,0 -3.41141444443624,43.3466974322153,0 -3.41141534059509,43.346692209251,0 -3.4114165121784,43.3466870410937,0 -3.41141795589606,43.3466819422569,0 -3.41141966769376,43.3466769270594,0 -3.41142164276436,43.3466720095851,0 -3.41142387556137,43.3466672036435,0 -3.41142635981454,43.3466625227308,0 -3.41142908854749,43.3466579799923,0 -3.41143205409725,43.3466535881849,0 -3.41143524813585,43.3466493596421,0 -3.41143866169363,43.3466453062385,0 -3.41144228518448,43.3466414393572,0 -3.41144610843276,43.3466377698572,0 -3.41145012070183,43.3466343080435,0 -3.41145431072427,43.3466310636377,0 -3.41145866673346,43.3466280457508,0 -3.41146317649666,43.3466252628579,0 -3.41146782734934,43.3466227227739,0 -3.41147260623076,43.3466204326321,0 -3.41147749972066,43.3466183988637,0 -3.41148249407691,43.3466166271801,0 -3.41148757527413,43.3466151225566,0 -3.41149272904308,43.3466138892185,0 -3.41149794091069,43.3466129306293,0 -3.41150319624077,43.346612249481,0 -3.41150848027506,43.3466118476865,0 -3.41151377817469,43.3466117263741,0 -3.41151907506186,43.3466118858844,0 -3.4115243560616,43.3466123257694,0 -3.50719807338237,43.3571406926902,0 -3.50720321805494,43.3571413944474,0 -3.50720831936731,43.3571423622963,0 -3.50721336356626,43.3571435936272,0 -3.5072183370526,43.3571450851207,0 -3.50722322641773,43.3571468327557,0 -3.50722801847986,43.3571488318203,0 -3.50723270031956,43.3571510769253,0 -3.5072372593145,43.3571535620177,0 -3.50724168317361,43.3571562803977,0 -3.50724595997008,43.3571592247365,0 -3.50725007817364,43.3571623870962,0 -3.50725402668155,43.3571657589509,0 -3.5072577948486,43.3571693312102,0 -3.50726137251575,43.3571730942431,0 -3.50726475003758,43.3571770379045,0 -3.50726791830824,43.3571811515623,0 -3.50727086878604,43.3571854241259,0 -3.50727359351646,43.3571898440765,0 -3.50727608515359,43.3571943994978,0 -3.50727833697995,43.3571990781084,0 -3.50728034292459,43.3572038672947,0 -3.50728209757945,43.357208754145,0 -3.50728359621396,43.3572137254842,0 -3.5072848347878,43.3572187679096,0 -3.50728580996175,43.3572238678268,0 -3.50728651910672,43.3572290114862,0 -3.50728696031087,43.3572341850206,0 -3.50728713238468,43.357239374482,0 -3.50728703486426,43.3572445658796,0 -3.50728666801251,43.3572497452173,0 -3.50728603281848,43.3572548985316,0 -3.50728513099465,43.3572600119289,0 -3.50728396497236,43.3572650716237,0 -3.5072825378952,43.3572700639749,0 -3.49328638988001,43.4018217589574,0 -3.49328603923532,43.4018229858559,0 -3.49328709206877,43.401823706809,0 -3.53835177905096,43.4309904850072,0 -3.53835614697258,43.4309934790346,0 -3.53836035027486,43.4309967000886,0 -3.53836437717048,43.4310001391366,0 -3.53836821636687,43.4310037865343,0 -3.53837185709778,43.4310076320534,0 -3.53837528915353,43.4310116649101,0 -3.53837850290963,43.4310158737948,0 -3.53838148935376,43.4310202469048,0 -3.53838424011106,43.4310247719764,0 -3.53838674746759,43.4310294363201,0 -3.53838900439199,43.4310342268557,0 -3.53839100455518,43.4310391301491,0 -3.53839274234812,43.4310441324501,0 -3.53839421289752,43.4310492197307,0 -3.53839541207953,43.4310543777246,0 -3.53839633653129,43.4310595919674,0 -3.53839698366036,43.4310648478368,0 -3.53839735165202,43.4310701305938,0 -3.53839743947429,43.4310754254239,0 -3.5383972468809,43.431080717479,0 -3.53839677441194,43.4310859919185,0 -3.53839602339235,43.4310912339514,0 -3.53839499592821,43.4310964288774,0 -3.53839369490083,43.4311015621285,0 -3.53839212395868,43.4311066193096,0 -3.53839028750713,43.4311115862387,0 -3.53838819069615,43.4311164489872,0 -3.53838583940579,43.4311211939184,0 -3.53838324022978,43.4311258077263,0 -3.53838040045696,43.4311302774723,0 -3.53837732805089,43.431134590622,0 -3.53837403162751,43.43113873508,0 -3.53837052043095,43.431142699224,0 -3.53836680430763,43.4311464719374,0 -3.53836289367867,43.4311500426405,0 -3.53835879951061,43.4311534013198,0 -3.51037402393474,43.4528972044162,0 -3.51037307106417,43.452897985236,0 -3.51037425609712,43.4528983218941,0 -3.61687071202196,43.4801896699359,0 -3.61687200041784,43.4801899638369,0 -3.61687329525999,43.4801896997821,0 -3.70604070294913,43.459522300633,0 -3.70604197207283,43.4595219706348,0 -3.70604236532649,43.459520719665,0 -3.71682404842266,43.4217348858828,0 -3.7168255835041,43.4217299863651,0 -3.71682736803861,43.4217251720962,0 -3.71682939732182,43.4217204557673,0 -3.7168316660042,43.4217158498115,0 -3.7168341681051,43.4217113663709,0 -3.71683689702855,43.4217070172646,0 -3.71683984558062,43.4217028139576,0 -3.71684300598843,43.4216987675306,0 -3.71684636992057,43.4216948886507,0 -3.71684992850914,43.4216911875433,0 -3.71685367237308,43.4216876739651,0 -3.7168575916429,43.4216843571786,0 -3.71686167598673,43.4216812459274,0 -3.71686591463752,43.4216783484132,0 -3.71687029642144,43.4216756722745,0 -3.71687480978735,43.421673224566,0 -3.81026701467361,43.3740854508078,0 -3.81027170729188,43.3740832114105,0 -3.81027650996653,43.3740812189539,0 -3.81028140971326,43.3740794788249,0 -3.81028639328533,43.3740779957281,0 -3.81029144720936,43.3740767736729,0 -3.81029655782179,43.3740758159634,0 -3.81030171130578,43.3740751251888,0 -3.8103068937286,43.3740747032165,0 -3.81031209107928,43.3740745511875,0 -3.81031728930648,43.3740746695127,0 -3.8103224743565,43.3740750578723,0 -3.81032763221126,43.3740757152163,0 -3.81033274892622,43.3740766397675,0 -3.81033781066804,43.3740778290264,0 -3.81034280375202,43.3740792797776,0 -3.81034771467906,43.3740809880992,0 -3.81035253017221,43.3740829493724,0 -3.81035723721251,43.3740851582949,0 -3.81036182307419,43.3740876088947,0 -3.85979919143513,43.4021821702039,0 -3.85980375985453,43.4021849302066,0 -3.85980817450613,43.4021879300269,0 -3.85981242281346,43.4021911611189,0 -3.85981649267389,43.4021946142778,0 -3.85982037249319,43.4021982796664,0 -3.8598240512185,43.4022021468424,0 -3.85982751836984,43.4022062047893,0 -3.85983076406996,43.4022104419465,0 -3.85983377907249,43.4022148462433,0 -3.85983655478828,43.4022194051327,0 -3.85983908330983,43.4022241056273,0 -3.85984135743388,43.4022289343363,0 -3.8598433706819,43.4022338775036,0 -3.85984511731852,43.4022389210471,0 -3.85984659236791,43.4022440505988,0 -3.85984779162795,43.4022492515454,0 -3.85984871168217,43.4022545090706,0 -3.85984934990952,43.4022598081966,0 -3.8598497044918,43.4022651338273,0 -3.85984977441889,43.402270470791,0 -3.85984955949157,43.4022758038836,0 -3.85984906032214,43.4022811179122,0 -3.85984827833262,43.4022863977383,0 -3.85984721575075,43.4022916283205,0 -3.84607029278162,43.4619067330838,0 -3.84607004230223,43.4619079617556,0 -3.84607128992672,43.461907836029,0 -3.93406671405632,43.4507221634647,0 -3.93406796542302,43.4507219713138,0 -3.93406792323182,43.4507207059836,0 -3.93089255945619,43.3971962795269,0 -3.93089238643907,43.3971910638578,0 -3.93089248574655,43.3971858462648,0 -3.93089285710818,43.3971806409569,0 -3.93089349951263,43.39717546211,0 -3.93089441121041,43.3971703238276,0 -3.93089558971871,43.3971652401029,0 -3.93089703182806,43.3971602247804,0 -3.93089873361115,43.3971552915185,0 -3.9309006904335,43.3971504537519,0 -3.93090289696605,43.3971457246555,0 -3.93090534719974,43.397141117108,0 -3.9309080344618,43.3971366436572,0 -3.93091095143397,43.3971323164858,0 -3.93091409017244,43.397128147378,0 -3.93091744212941,43.3971241476876,0 -3.93092099817647,43.397120328307,0 -3.93092474862938,43.3971166996375,0 -3.93092868327449,43.3971132715613,0 -3.93093279139651,43.3971100534139,0 -3.93093706180774,43.3971070539595,0 -3.93094148287851,43.3971042813664,0 -3.93094604256887,43.3971017431854,0 -3.93095072846133,43.3970994463287,0 -3.93095552779474,43.3970973970513,0 -3.93096042749902,43.3970956009341,0 -3.93096541423073,43.3970940628685,0 -3.93097047440943,43.397092787043,0 -3.93097559425467,43.3970917769323,0 -3.9309807598235,43.3970910352871,0 -3.93098595704846,43.3970905641271,0 -3.93099117177588,43.3970903647355,0 -3.9309963898044,43.3970904376553,0 -3.93100159692371,43.3970907826879,0 -3.93100677895319,43.3970913988937,0 -3.93101192178053,43.3970922845945,0 -3.93101701140021,43.3970934373783,0 -3.9310220339516,43.3970948541057,0 -3.99729372170774,43.4176696031406,0 -3.99729498924775,43.4176699597599,0 -3.99729590997365,43.4176690184314,0 -4.0449020635912,43.3663173043296,0 -4.04490575786596,43.3663135248246,0 -4.04490964666224,43.3663099457763,0 -4.04491371911773,43.3663065771817,0 -4.04491796385712,43.36630342845,0 -4.04492236902386,43.3663005083765,0 -4.04492692231331,43.3662978251175,0 -4.04493161100705,43.3662953861681,0 -4.04493642200849,43.3662931983407,0 -4.04494134187938,43.3662912677465,0 -4.04494635687738,43.3662895997781,0 -4.04495145299442,43.3662881990945,0 -4.04495661599588,43.3662870696082,0 -4.04496183146029,43.366286214474,0 -4.04496708481965,43.3662856360806,0 -4.04497236140009,43.3662853360435,0 -4.04497764646292,43.3662853152008,0 -4.04498292524571,43.3662855736107,0 -4.0449881830036,43.3662861105515,0 -4.04499340505046,43.3662869245233,0 -4.04499857679989,43.3662880132525,0 -4.045003683806,43.3662893736981,0 -4.04500871180372,43.3662910020599,0 -4.0450136467487,43.3662928937897,0 -4.04501847485649,43.3662950436033,0 -4.04502318264105,43.3662974454959,0 -4.04502775695246,43.3663000927584,0 -4.04503218501359,43.3663029779963,0 -4.04503645445585,43.3663060931506,0 -4.0450405533537,43.3663094295199,0 -4.04504447025794,43.3663129777849,0 -4.04504819422778,43.3663167280345,0 -4.04505171486128,43.3663206697934,0 -4.0450550223245,43.3663247920514,0 -4.08137020376107,43.4141209520316,0 -4.08137101364897,43.4141219616574,0 -4.08137227932772,43.4141216908804,0 -4.30624555731141,43.3597863222702,0 -4.30625067965482,43.3597852257282,0 -4.3062558523917,43.3597843989272,0 -4.30626106132763,43.3597838441363,0 -4.30626629216887,43.3597835628777,0 -4.30627153056158,43.3597835559232,0 -4.30627676213118,43.359783823292,0 -4.30628197252182,43.3597843642503,0 -4.30628714743577,43.3597851773137,0 -4.30629227267265,43.3597862602511,0 -4.3062973341684,43.3597876100908,0 -4.30630231803386,43.3597892231288,0 -4.30630721059291,43.3597910949388,0 -4.30631199841996,43.3597932203843,0 -4.35434879815883,43.3826424283316,0 -4.3543499860379,43.3826429550647,0 -4.35435066623604,43.3826418478905,0 -4.37595000217469,43.3452905210834,0 -4.37595277867547,43.3452860008132,0 -4.3759557909802,43.3452816341417,0 -4.37595903061172,43.3452774333577,0 -4.37596248845313,43.3452734102828,0 -4.37596615477343,43.3452695762386,0 -4.37597001925494,43.3452659420149,0 -4.37597407102231,43.3452625178391,0 -4.37597829867314,43.3452593133473,0 -4.37598269031007,43.3452563375576,0 -4.37598723357423,43.3452535988444,0 -4.37599191568006,43.345251104915,0 -4.37599672345127,43.3452488627876,0 -4.37600164335794,43.3452468787721,0 -4.37600666155456,43.3452451584518,0 -4.37601176391901,43.3452437066681,0 -4.37601693609233,43.3452425275064,0 -4.3760221635191,43.3452416242852,0 -4.37602743148839,43.3452409995463,0 -4.37603272517519,43.3452406550479,0 -4.37603802968211,43.3452405917593,0 -4.37604333008131,43.3452408098587,0 -4.37604861145653,43.3452413087324,0 -4.37605385894501,43.3452420869764,0 -4.92636084910842,43.4418387979812,0 -4.92636200282827,43.4418389728133,0 -4.92636316782987,43.4418390391955,0 -5.02983866904697,43.4453119553296,0 -5.02983998745246,43.44531196445,0</coordinates></LinearRing></outerBoundaryIs></Polygon><Polygon><outerBoundaryIs><LinearRing><coordinates>-2.03069759416033,43.2885689268925,0 -2.03069530709951,43.288573684661,0 -2.03069277215402,43.2885783151103,0 -2.03068999638799,43.2885828053365,0 -2.03068698753666,43.2885871428268,0 -2.03068375398479,43.288591315494,0 -2.03068030474332,43.28859531171,0 -2.03067664942426,43.2885991203385,0 -2.03067279821388,43.2886027307661,0 -2.03066876184437,43.2886061329316,0 -2.03066455156387,43.2886093173542,0 -2.03066017910518,43.2886122751597,0 -2.03065565665303,43.2886149981058,0 -2.03065099681014,43.2886174786044,0 -2.03064621256211,43.288619709743,0 -2.03064131724119,43.2886216853042,0 -2.03063632448919,43.2886233997826,0 -2.0306312482194,43.2886248484005,0 -2.03062610257789,43.2886260271211,0 -2.030620901904,43.2886269326596,0 -2.03061566069047,43.2886275624925,0 -2.03061039354298,43.2886279148648,0 -2.0306051151395,43.2886279887943,0 -2.03059984018937,43.2886277840752,0 -2.03059458339229,43.2886273012778,0 -2.03058935939738,43.2886265417477,0 -2.03058418276235,43.2886255076013,0 -2.03057906791294,43.2886242017207,0 -2.03057402910271,43.2886226277447,0 -2.0305690803733,43.2886207900598,0 -2.03056423551535,43.2886186937868,0 -2.03055950803003,43.2886163447676,0 -2.03055491109142,43.2886137495481,0 -2.03055045750982,43.2886109153604,0 -2.03054615969603,43.2886078501026,0 -2.03054202962677,43.2886045623166,0 -2.03053807881131,43.2886010611645,0 -2.03053431825938,43.288597356403,0 -2.00249128057479,43.2594723104804,0 -2.00248774576967,43.2594684412968,0 -2.00248441852328,43.2594643922401,0 -2.00248130797406,43.2594601744312,0 -2.00247842266526,43.2594557994545,0 -2.00247577052149,43.2594512793259,0 -2.002473358827,43.2594466264603,0 -2.0024711942056,43.259441853637,0 -2.00246928260252,43.2594369739647,0 -2.00246762926805,43.2594320008455,0 -2.00246623874315,43.2594269479386,0 -2.00246511484697,43.2594218291217,0 -2.00246426066631,43.2594166584541,0 -2.00246367854724,43.2594114501371,0 -2.00246337008856,43.2594062184756,0 -2.00246333613747,43.2594009778386,0 -2.00246357678722,43.2593957426198,0 -2.00246409137686,43.2593905271978,0 -2.00246487849303,43.2593853458972,0 -2.0024659359739,43.2593802129484,0 -2.00246726091504,43.2593751424495,0 -2.00246884967745,43.2593701483267,0 -2.00247069789752,43.2593652442966,0 -2.00247280049905,43.2593604438284,0 -2.00247515170713,43.2593557601067,0 -2.00247774506409,43.2593512059955,0 -2.00248057344715,43.259346794003,0 -2.00248362908804,43.2593425362469,0 -2.0024869035943,43.2593384444212,0 -2.00249038797238,43.2593345297644,0 -2.00249407265227,43.2593308030282,0 -2.00249794751384,43.2593272744483,0 -2.00250200191462,43.259323953716,0 -2.00250622471903,43.2593208499519,0 -2.00251060432894,43.2593179716807,0 -2.00251512871559,43.2593153268075,0 -2.00251978545253,43.2593129225967,0 -2.00252456174985,43.2593107656515,0 -2.00252944448924,43.2593088618962,0 -2.00253442026004,43.2593072165593,0 -2.0025394753961,43.2593058341599,0 -2.00254459601326,43.2593047184949,0 -2.00254976804752,43.2593038726284,0 -2.00255497729368,43.2593032988837,0 -2.00256020944431,43.2593029988365,0 -2.04425022465804,43.258006966991,0 -2.04425541263581,43.2580069403547,0 -2.04426059501309,43.2580071828183,0 -2.04426575784107,43.2580076937293,0 -2.04427088722359,43.2580084717125,0 -2.04427596935449,43.2580095146738,0 -2.04428099055479,43.2580108198061,0 -2.04428593730953,43.2580123835965,0 -2.0442907963041,43.258014201836,0 -2.04429555446012,43.2580162696305,0 -2.04430019897062,43.2580185814144,0 -2.04430471733452,43.2580211309655,0 -2.04430909739027,43.2580239114213,0 -2.04431332734859,43.258026915298,0 -2.04431739582421,43.2580301345105,0 -2.04432129186648,43.2580335603939,0 -2.04432500498888,43.2580371837273,0 -2.04432852519724,43.2580409947582,0 -2.04433184301663,43.2580449832287,0 -2.04433494951687,43.2580491384037,0 -2.04433783633656,43.2580534490991,0 -2.04434049570557,43.2580579037124,0 -2.04434292046601,43.2580624902535,0 -2.04434510409143,43.2580671963775,0 -2.04434704070442,43.2580720094174,0 -2.04434872509243,43.2580769164185,0 -2.04435015272179,43.2580819041732,0 -2.04435131974991,43.2580869592566,0 -2.04435222303566,43.2580920680625,0 -2.04435286014775,43.2580972168401,0 -2.04435322937135,43.2581023917311,0 -2.04435332971266,43.2581075788068,0 -2.04435316090161,43.2581127641058,0 -2.04435272339256,43.2581179336714,0 -2.04435201836311,43.2581230735894,0 -2.0443510477109,43.2581281700251,0 -2.04434981404852,43.2581332092611,0 -2.04434832069648,43.258138177734,0 -2.04434657167425,43.2581430620706,0 -2.04434457168947,43.2581478491244,0 -2.03069759416033,43.2885689268925,0</coordinates></LinearRing></outerBoundaryIs></Polygon></MultiGeometry>
  </Placemark>
  <Placemark>
	<Style><LineStyle><color>ff0000ff</color></LineStyle><PolyStyle><fill>0</fill></PolyStyle></Style>
      <Polygon><outerBoundaryIs><LinearRing><coordinates>3.80831096457494,39.9762179898715,0 3.80831014395574,39.976218976209,0 3.76875953742458,40.0213213859241,0 3.76875614102126,40.0213254732635,0 3.7687529665512,40.0213297352629,0 3.76875002297972,40.0213341598856,0 3.76874731862002,40.0213387346356,0 3.76874486110972,40.0213434465929,0 3.76874265738929,40.0213482824502,0 3.76874071368247,40.0213532285499,0 3.76873903547866,40.0213582709235,0 3.76873762751741,40.0213633953302,0 3.76873649377507,40.0213685872977,0 3.76873563745356,40.0213738321631,0 3.76873506097128,40.0213791151137,0 3.76873476595633,40.0213844212295,0 3.76873475324189,40.021389735525,0 3.76873502286387,40.0213950429917,0 3.7687355740608,40.0214003286403,0 3.768736405276,40.0214055775431,0 3.76873751416196,40.0214107748761,0 3.76873889758697,40.0214159059612,0 3.76874055164398,40.0214209563072,0 3.76874247166162,40.0214259116509,0 3.7687446522174,40.0214307579975,0 3.768747087153,40.02143548166,0 3.76874976959171,40.0214400692979,0 3.76875269195782,40.0214445079548,0 3.76875584599801,40.0214487850951,0 3.76875922280466,40.0214528886394,0 3.80224567249768,40.0600105340144,0 3.80224922781324,40.0600144164247,0 3.80225298251514,40.0600181063558,0 3.80225692619785,40.0600215935817,0 3.80226104793208,40.0600248684382,0 3.80226533629512,40.0600279218495,0 3.80226977940246,40.0600307453535,0 3.80227436494075,40.0600333311255,0 3.80227908020193,40.0600356719993,0 3.80228391211839,40.0600377614876,0 3.80228884729928,40.0600395937997,0 3.80229387206754,40.0600411638576,0 3.80229897249784,40.0600424673103,0 3.80230413445516,40.0600435005453,0 3.80230934363397,40.0600442606993,0 3.80231458559789,40.0600447456656,0 4.06043372555584,40.0770869158555,0 4.06043498941826,40.0770870317868,0 4.06043607058831,40.0770876965121,0 4.10178682455081,40.1039900070355,0 4.10179134643168,40.1039927810464,0 4.10179600905794,40.1039953113546,0 4.10180079930776,40.1039975908391,0 4.10180570370016,40.103999613085,0 4.10181070843294,40.104001372401,0 4.1018157994215,40.1040028638361,0 4.10182096233851,40.104004083193,0 4.1018261826542,40.10400502704,0 4.10183144567729,40.1040056927209,0 4.10183673659628,40.1040060783625,0 4.10184204052119,40.1040061828792,0 4.10184734252541,40.1040060059771,0 4.10185262768777,40.104005548154,0 4.10185788113446,40.1040048106983,0 4.10186308808096,40.1040037956853,0 4.1018682338736,40.1040025059717,0 4.1018733040308,40.1040009451869,0 4.10187828428385,40.1039991177234,0 4.10188316061706,40.1039970287243,0 4.10188791930718,40.1039946840683,0 4.28371744223834,40.0083300248898,0 4.28372198120062,40.0083274839634,0 4.28372638189342,40.0083247104479,0 4.28373063240912,40.008321711848,0 4.28373472124647,40.0083184962774,0 4.28373863734171,40.0083150724369,0 4.28374237009846,40.0083114495911,0 4.28374590941646,40.0083076375426,0 4.28374924571885,40.0083036466064,0 4.2837523699781,40.0082994875814,0 4.28375527374044,40.0082951717212,0 4.28375794914872,40.0082907107038,0 4.28376038896369,40.0082861166002,0 4.34648082906933,39.8823854897161,0 4.34648306962482,39.882380676069,0 4.34648505152933,39.8823757502856,0 4.34648676919563,39.8823707262524,0 4.34648821778139,39.8823656181327,0 4.34648939320286,39.882360440327,0 4.34649029214637,39.8823552074322,0 4.34649091207769,39.8823499342005,0 4.34649125124916,39.8823446354978,0 4.34649130870459,39.8823393262619,0 4.34649108428203,39.8823340214601,0 4.34649057861414,39.8823287360474,0 4.34648979312647,39.882323484924,0 4.34648873003341,39.8823182828936,0 4.34648739233196,39.8823131446213,0 4.34648578379326,39.8823080845925,0 4.346483908952,39.8823031170723,0 4.30693138583458,39.7853766168633,0 4.30692929654173,39.7853718547678,0 4.3069269625163,39.7853672077233,0 4.30692439007011,39.7853626882965,0 4.30692158615976,39.7853583087092,0 4.30691855836777,39.7853540808051,0 4.30691531488212,39.7853500160174,0 4.30691186447406,39.7853461253385,0 4.30690821647443,39.7853424192899,0 4.3069043807484,39.7853389078936,0 4.30690036766881,39.7853356006455,0 4.30689618808812,39.7853325064893,0 4.30689185330902,39.7853296337923,0 4.30688737505395,39.7853269903231,0 4.3068827654333,39.7853245832303,0 4.30687803691273,39.7853224190235,0 4.30687320227945,39.7853205035552,0 4.3068682746076,39.7853188420054,0 4.30686326722293,39.7853174388672,0 4.30685819366677,39.7853162979352,0 4.30685306765938,39.7853154222949,0 4.30684790306286,39.785314814314,0 4.30684271384369,39.7853144756369,0 4.3068375140349,39.7853144071793,0 4.30683231769819,39.7853146091264,0 4.30682713888585,39.785315080932,0 4.30682199160278,39.7853158213203,0 4.30681688976863,39.7853168282892,0 4.30681184718014,39.7853180991153,0 4.30680687747381,39.7853196303622,0 4.30680199408909,39.7853214178888,0 3.98273613054446,39.9135935525066,0 3.98273499386802,39.9135939707552,0 3.98273378492156,39.9135940443301,0 3.79923044495117,39.920288861148,0 3.79922515211957,39.9202891949693,0 3.79921988442862,39.9202898089198,0 3.79921465669397,39.9202907012726,0 3.7992094836189,39.920291869518,0 3.79920437975293,39.9202933103703,0 3.79919935945095,39.920295019777,0 3.79919443683281,39.9202969929302,0 3.79918962574361,39.9202992242804,0 3.79918493971479,39.9203017075519,0 3.79918039192605,39.9203044357602,0 3.79917599516825,39.9203074012322,0 3.79917176180752,39.9203105956273,0 3.79916770375039,39.9203140099611,0 3.79916383241034,39.9203176346306,0 3.79916015867572,39.9203214594413,0 3.79915669287908,39.9203254736358,0 3.79915344476817,39.9203296659237,0 3.79915042347845,39.9203340245143,0 3.79914763750745,39.9203385371486,0 3.79914509469085,39.9203431911348,0 3.79914280218046,39.9203479733831,0 3.79914076642408,39.9203528704433,0 3.79913899314737,39.9203578685423,0 3.79913748733776,39.9203629536225,0 3.79913625323042,39.9203681113819,0 3.79913529429634,39.920373327314,0 3.79913461323257,39.9203785867489,0 3.79913421195463,39.9203838748941,0 3.79913409159113,39.9203891768763,0 3.79913425248062,39.9203944777836,0 3.79913469417057,39.9203997627068,0 3.79913541541871,39.9204050167818,0 3.80831078937492,39.9762167188158,0 3.80831096457494,39.9762179898715,0</coordinates></LinearRing></outerBoundaryIs><innerBoundaryIs><LinearRing><coordinates>3.83195703935333,40.0290319694959,0 3.83195725281951,40.0290307283763,0 3.84925674530555,39.9420182810542,0 3.84925702719998,39.9420170343839,0 3.84925830528148,39.9420170470082,0 3.99981397535324,39.9474391347802,0 3.99981921728537,39.9474391860708,0 3.99982445470278,39.9474389625937,0 3.9998296732128,39.947438464963,0 3.99983485847471,39.9474376945461,0 3.99983999623915,39.9474366534603,0 3.99984507238731,39.9474353445665,0 3.99985007296969,39.9474337714615,0 3.99985498424443,39.9474319384685,0 3.99985979271512,39.9474298506244,0 4.25007982782929,39.8308965459072,0 4.25008099371967,39.8308960391853,0 4.25008194285307,39.830896884888,0 4.28103404347146,39.8599461022772,0 4.28103494547388,39.8599469944677,0 4.28103388265337,39.8599476873058,0 4.23555466851693,39.8879230042494,0 4.23555025617693,39.8879258812563,0 4.23554600145016,39.8879289866086,0 4.23554191614175,39.8879323116902,0 4.23553801158677,39.8879358472755,0 4.23553429861875,39.8879395835546,0 4.23553078753966,39.8879435101608,0 4.23552748809131,39.8879476161995,0 4.23552440942833,39.887951890278,0 4.23552156009274,39.8879563205375,0 4.23551894799029,39.8879608946859,0 4.23551658036849,39.8879656000318,0 4.23551446379653,39.8879704235197,0 4.23551260414702,39.8879753517665,0 4.23551100657974,39.8879803710983,0 4.23550967552729,39.8879854675885,0 4.23550861468278,39.8879906270964,0 4.23550782698962,39.8879958353065,0 4.23550731463336,39.8880010777681,0 4.23550707903555,39.8880063399356,0 4.2355071208499,39.8880116072085,0 4.23550743996039,39.8880168649724,0 4.2355080354816,39.8880220986391,0 4.23550890576122,39.8880272936874,0 4.23551004838457,39.888032435703,0 4.23551146018135,39.888037510419,0 4.23551313723439,39.8880425037552,0 4.23551507489055,39.888047401857,0 4.23551726777364,39.8880521911342,0 4.23551970979929,39.8880568582986,0 4.23552239419189,39.8880613904007,0 4.23552531350334,39.8880657748657,0 4.23552845963374,39.8880699995286,0 4.23553182385388,39.8880740526676,0 4.23553539682941,39.8880779230369,0 4.23553916864679,39.8880815998978,0 4.23554312884076,39.8880850730486,0 4.26475100234259,39.9123701704905,0 4.26475194862757,39.9123709997402,0 4.26475099400235,39.9123718193749,0 4.22241179304995,39.946856670186,0 4.22240786613344,39.946860041349,0 4.22240411889098,39.9468636111652,0 4.22240056135974,39.9468673700726,0 4.22239720306869,39.9468713080028,0 4.22239405301316,39.946875414408,0 4.2223911196307,39.946879678289,0 4.2223884107785,39.9468840882247,0 4.22238593371234,39.946888632403,0 4.22238369506713,39.9468932986521,0 4.22238170083918,39.9468980744734,0 4.22237995637012,39.9469029470744,0 4.22237846633256,39.9469079034039,0 4.22237723471765,39.9469129301859,0 4.22237626482432,39.9469180139562,0 4.22237555925045,39.9469231410976,0 4.22237511988597,39.9469282978769,0 4.22237494790772,39.9469334704813,0 4.22237504377637,39.946938645056,0 4.22237540723511,39.9469438077405,0 4.22237603731041,39.9469489447063,0 4.22237693231459,39.946954042194,0 4.22237808985035,39.9469590865497,0 4.22237950681717,39.9469640642619,0 4.22238117941964,39.9469689619975,0 4.22238310317765,39.9469737666379,0 4.22238527293831,39.9469784653134,0 4.2379634245041,39.9785408340071,0 4.23796394653196,39.978541964841,0 4.23796270141151,39.9785419336488,0 4.19033414404056,39.9761083577247,0 4.19032905422125,39.9761082274462,0 4.1903239643682,39.9761083564,0 4.19031888767597,39.9761087442519,0 4.19031383730497,39.9761093899963,0 4.19030882634741,39.9761102919594,0 4.1903038677933,39.9761114478029,0 4.19029897449682,39.9761128545306,0 4.19029415914298,39.9761145084957,0 4.19028943421473,39.9761164054106,0 4.19028481196061,39.9761185403578,0 4.190280304363,39.9761209078031,0 4.19027592310704,39.976123501609,0 4.19027167955038,39.9761263150518,0 4.19026758469369,39.9761293408379,0 4.19026364915215,39.9761325711236,0 4.19025988312796,39.976135997535,0 4.19025629638387,39.9761396111897,0 4.1506339119381,40.0181460331915,0 4.15063298033718,40.0181469696837,0 4.15063174535175,40.0181474384149,0 4.07988532145899,40.0428685382393,0 4.07988399444622,40.0428689606488,0 4.07988260236178,40.0428689219967,0 3.83195829449789,40.0290320722469,0 3.83195703935333,40.0290319694959,0</coordinates></LinearRing></innerBoundaryIs></Polygon>
  </Placemark>
  <Placemark>
	<Style><LineStyle><color>ff0000ff</color></LineStyle><PolyStyle><fill>0</fill></PolyStyle></Style>
      <MultiGeometry><Polygon><outerBoundaryIs><LinearRing><coordinates>-0.095772269498663,38.5058091362178,0 -0.095776857123681,38.5058069523679,0 -0.095781549750437,38.5058050043541,0 -0.095786335264678,38.5058032972052,0 -0.095791201312359,38.5058018353284,0 -0.095796135331533,38.5058006224976,0 -0.09580112458478,38.5057996618438,0 -0.095806156192092,38.5057989558468,0 -0.095811217164122,38.5057985063295,0 -0.095816294435714,38.505798314452,0 -0.095821374899637,38.5057983807099,0 -0.095826445440417,38.505798704932,0 -0.095831492968198,38.5057992862813,0 -0.095836504452532,38.5058001232572,0 -0.095841466956019,38.5058012136988,0 -0.095846367667708,38.5058025547911,0 -0.134051005710786,38.5173082479853,0 -0.134056015174264,38.5173099019584,0 -0.134060930442851,38.5173118178097,0 -0.134065737837184,38.5173139902072,0 -0.134070423978116,38.5173164131052,0 -0.134074975823952,38.5173190797606,0 -0.134079380706744,38.5173219827519,0 -0.134083626367549,38.5173251140002,0 -0.134087700990545,38.517328464791,0 -0.134091593235911,38.5173320257989,0 -0.134095292271392,38.5173357871136,0 -0.134098787802443,38.5173397382671,0 -0.134102070100878,38.5173438682633,0 -0.134105130031945,38.5173481656082,0 -0.134107959079748,38.5173526183422,0 -0.134110549370948,38.5173572140731,0 -0.134112893696674,38.5173619400109,0 -0.134114985532583,38.5173667830032,0 -0.134116819057025,38.5173717295716,0 -0.134118389167235,38.5173767659498,0 -0.134119691493542,38.5173818781213,0 -0.134120722411526,38.5173870518588,0 -0.134121479052105,38.5173922727636,0 -0.134121959309524,38.5173975263056,0 -0.134122161847208,38.5174027978642,0 -0.134122086101487,38.5174080727684,0 -0.134121732283166,38.5174133363379,0 -0.134121101376932,38.5174185739241,0 -0.13412019513862,38.5174237709505,0 -0.134119016090323,38.5174289129536,0 -0.134117567513373,38.5174339856232,0 -0.134115853439213,38.5174389748417,0 -0.134113878638169,38.517443866724,0 -0.134111648606182,38.5174486476557,0 -0.134109169549511,38.5174533043315,0 -0.134106448367457,38.5174578237916,0 -0.134103492633165,38.5174621934582,0 -0.134100310572548,38.5174664011704,0 -0.134096911041391,38.5174704352179,0 -0.134093303500711,38.5174742843739,0 -0.134089497990419,38.517477937926,0 -0.134085505101384,38.5174813857062,0 -0.134081335945956,38.5174846181193,0 -0.134077002127042,38.5174876261693,0 -0.134072515705813,38.5174904014848,0 -0.134067889168135,38.5174929363419,0 -0.134063135389826,38.517495223686,0 -0.134058267600818,38.5174972571515,0 -0.134053299348339,38.5174990310789,0 -0.13404824445921,38.5175005405316,0 -0.134043117001366,38.5175017813086,0 -0.134037931244701,38.5175027499567,0 -0.134032701621358,38.5175034437802,0 -0.134027442685564,38.5175038608482,0 -0.134022169073121,38.517504,0 -0.073149950039064,38.517504,0 -0.073144713422487,38.5175038627951,0 -0.073139491175698,38.5175034515569,0 -0.073134297629054,38.517502767414,0 -0.073129147034154,38.5175018122435,0 -0.073124053524734,38.5175005886668,0 -0.073119031077884,38.5174991000412,0 -0.073114093475688,38.5174973504519,0 -0.07310925426741,38.5174953446997,0 -0.073104526732311,38.5174930882888,0 -0.073099923843209,38.5174905874109,0 -0.073095458230884,38.5174878489287,0 -0.073091142149411,38.5174848803568,0 -0.073086987442541,38.5174816898413,0 -0.073083005511196,38.5174782861373,0 -0.073079207282185,38.5174746785848,0 -0.07307560317822,38.5174708770834,0 -0.073072203089315,38.5174668920647,0 -0.073069016345647,38.5174627344641,0 -0.073066051691951,38.5174584156903,0 -0.073063317263528,38.5174539475946,0 -0.073060820563917,38.5174493424377,0 -0.073058568444306,38.5174446128568,0 -0.073056567084731,38.5174397718303,0 -0.07305482197712,38.5174348326423,0 -0.073053337910217,38.5174298088465,0 -0.073052118956447,38.5174247142288,0 -0.07305116846074,38.5174195627692,0 -0.073050489031348,38.5174143686038,0 -0.073050082532693,38.5174091459859,0 -0.073049950080245,38.517403909247,0 -0.073050092037468,38.5173986727571,0 -0.073050508014817,38.5173934508856,0 -0.073051196870809,38.517388257962,0 -0.073052156715157,38.5173831082361,0 -0.073053384913953,38.5173780158392,0 -0.0730548780969,38.5173729947454,0 -0.073056632166558,38.517368058733,0 -0.073058642309588,38.517363221347,0 -0.07306090300996,38.5173584958616,0 -0.073063408064093,38.5173538952441,0 -0.073066150597871,38.5173494321188,0 -0.073069123085515,38.5173451187332,0 -0.073072317370227,38.5173409669235,0 -0.073075724686578,38.5173369880828,0 -0.073079335684558,38.5173331931293,0 -0.073083140455235,38.5173295924768,0 -0.073087128557947,38.5173261960058,0 -0.073091289048949,38.5173230130366,0 -0.073095610511447,38.5173200523036,0 -0.073100081086925,38.5173173219312,0 -0.073104688507686,38.5173148294119,0 -0.095772269498663,38.5058091362178,0</coordinates></LinearRing></outerBoundaryIs></Polygon><Polygon><outerBoundaryIs><LinearRing><coordinates>-5.01735802881578,36.4784130257058,0 -5.01735779212515,36.4784142699082,0 -5.01236215822257,36.5089326163684,0 -5.01236117283444,36.5089377805992,0 -5.01235991739761,36.508942885905,0 -5.01235839538215,36.5089479181747,0 -5.01235661099494,36.5089528634989,0 -5.01235456916808,36.5089577082086,0 -5.01235227554523,36.508962438913,0 -5.01234973646604,36.5089670425361,0 -5.01234695894857,36.5089715063535,0 -5.01234395066998,36.5089758180271,0 -5.01234071994521,36.5089799656393,0 -5.01233727570408,36.5089839377259,0 -5.01233362746656,36.508987723308,0 -5.01232978531648,36.5089913119222,0 -5.01232575987365,36.5089946936495,0 -5.01232156226451,36.5089978591426,0 -5.01231720409134,36.5090007996521,0 -5.01231269740027,36.5090035070502,0 -5.0123080546479,36.5090059738537,0 -5.01230328866693,36.5090081932443,0 -5.01229841263066,36.5090101590875,0 -5.01229344001659,36.5090118659497,0 -5.01228838456915,36.509013309113,0 -5.01228326026174,36.5090144845886,0 -5.01227808125808,36.5090153891273,0 -5.01227286187308,36.509016020229,0 -5.01226761653325,36.5090163761493,0 -4.65286629658391,36.5239259462119,0 -4.65286501813483,36.5239260325271,0 -4.65286427258017,36.5239270746551,0 -4.61844315846348,36.5747791735592,0 -4.618440120188,36.5747834190474,0 -4.61843686448601,36.5747875001861,0 -4.618433400231,36.574791405852,0 -4.61842973686491,36.5747951254,0 -4.61842588437235,36.5747986486924,0 -4.61842185325339,36.5748019661264,0 -4.61841765449497,36.5748050686602,0 -4.61841329954093,36.5748079478379,0 -4.61840880026082,36.574810595812,0 -4.61840416891755,36.5748130053654,0 -4.61839941813398,36.574815169931,0 -4.61839456085852,36.574817083609,0 -4.52811626042153,36.6076895410508,0 -4.52811502640742,36.6076900282561,0 -4.52811445694115,36.6076912265334,0 -4.49044398700224,36.6927724094545,0 -4.4904417963083,36.6927770338928,0 -4.49043937192345,36.6927815402136,0 -4.49043672019585,36.6927859166174,0 -4.49043384806893,36.6927901516448,0 -4.49043076306322,36.6927942342064,0 -4.49042747325669,36.6927981536123,0 -4.49042398726356,36.6928018995997,0 -4.49042031421173,36.6928054623598,0 -4.49041646371895,36.6928088325638,0 -4.49041244586757,36.6928120013869,0 -4.49040827117814,36.6928149605317,0 -4.49040395058192,36.6928177022497,0 -4.49039949539221,36.692820219362,0 -4.40458860883508,36.7384460422405,0 -4.40458405065486,36.7384483188278,0 -4.40457938243479,36.7384503602926,0 -4.40457461629349,36.7384521613351,0 -4.40456976460381,36.7384537172799,0 -4.40456483996065,36.7384550240877,0 -4.40455985514834,36.7384560783662,0 -4.40455482310735,36.7384568773784,0 -4.40454975690081,36.7384574190501,0 -4.40454466968051,36.7384577019751,0 -3.60072288020043,36.762643522188,0 -3.60071762894063,36.7626435422477,0 -3.60071238386828,36.7626432866155,0 -3.60070715944724,36.7626427559963,0 -3.60070197008447,36.7626419518533,0 -3.6006968300902,36.7626408764042,0 -3.60069175363856,36.7626395326146,0 -3.42835422370323,36.7121423585612,0 -3.42835300071004,36.7121420338302,0 -3.42835179241938,36.7121424095905,0 -3.25325008956015,36.7715338818819,0 -3.25324505939941,36.7715354415896,0 -3.25323995410199,36.7715367343167,0 -3.25323478782753,36.7715377564778,0 -3.2532295749048,36.771538505238,0 -3.25322432979195,36.7715389785204,0 -3.2532190670364,36.7715391750125,0 -2.94982789433537,36.7748717155688,0 -2.94982282754573,36.7748716428279,0 -2.94981777094608,36.7748713135129,0 -2.94981273752056,36.7748707284692,0 -2.94980774019385,36.7748698891992,0 -2.94980279179788,36.7748687978579,0 -2.94979790503899,36.7748674572476,0 -2.94979309246522,36.7748658708106,0 -2.94978836643413,36.7748640426206,0 -2.94978373908106,36.774861977372,0 -2.94977922228795,36.7748596803677,0 -2.8445991174706,36.717971604399,0 -2.84459798979167,36.7179710310176,0 -2.84459674199876,36.717970822598,0 -2.72538125627446,36.7011591771585,0 -2.72538000547905,36.7011590330313,0 -2.72537886820347,36.7011595732779,0 -2.63604421367152,36.7464093852508,0 -2.63604302389151,36.7464100291541,0 -2.63604215876983,36.7464110692272,0 -2.56881316891639,36.8318610095981,0 -2.56880987894975,36.8318649764675,0 -2.56880638898216,36.8318687685724,0 -2.56880270828296,36.8318723758411,0 -2.56879884662806,36.8318757886925,0 -2.56879481427398,36.8318789980623,0 -2.56879062193065,36.8318819954262,0 -2.56878628073288,36.8318847728235,0 -2.56878180221087,36.8318873228773,0 -2.56877719825955,36.8318896388146,0 -2.56877248110699,36.8318917144844,0 -2.5687676632819,36.8318935443738,0 -2.5687627575804,36.8318951236224,0 -2.568757777032,36.8318964480359,0 -2.56875273486501,36.8318975140967,0 -2.56874764447138,36.8318983189732,0 -2.366178027384,36.8585975695169,0 -2.36617292179392,36.8585981095151,0 -2.36616779521792,36.8585983867636,0 -2.36616266116898,36.8585984005315,0 -2.36615753317974,36.8585981507826,0 -2.36615242476689,36.8585976381752,0 -2.36614734939553,36.8585968640605,0 -2.36614232044364,36.8585958304788,0 -2.36613735116685,36.8585945401547,0 -2.36613245466352,36.8585929964892,0 -2.36612764384016,36.8585912035512,0 -2.23849637756581,36.8072558050587,0 -2.23849166118616,36.8072537657597,0 -2.23848705578522,36.8072514868874,0 -2.23848257352264,36.8072489744584,0 -2.23847822623291,36.8072462351064,0 -2.23847402539418,36.8072432760642,0 -2.2384699820979,36.8072401051444,0 -2.23846610701959,36.8072367307192,0 -2.23846241039061,36.8072331616982,0 -2.23845890197115,36.8072294075045,0 -2.23845559102449,36.8072254780504,0 -2.18533181097587,36.7407860142502,0 -2.18533098664626,36.7407850364779,0 -2.18532972586709,36.7407852509385,0 -2.14187930465905,36.7493427430495,0 -2.14187801616985,36.7493430326049,0 -2.14187700586643,36.7493438830952,0 -2.02572201721729,36.8525250963994,0 -2.02572103207463,36.8525260206665,0 -2.02572059755967,36.852527299718,0 -2.00966090117947,36.9043935640479,0 -2.00965926894857,36.9043983958049,0 -2.00965739250066,36.9044031380613,0 -2.0096552767164,36.9044077784826,0 -2.00965292709895,36.904412304999,0 -2.00965034975968,36.904416705837,0 -2.00964755140227,36.90442096955,0 -2.00964453930526,36.904425085048,0 -2.00964132130312,36.9044290416268,0 -2.0096379057659,36.904432828995,0 -2.00963430157743,36.9044364373019,0 -2.00963051811222,36.9044398571621,0 -2.00962656521109,36.9044430796805,0 -2.00962245315554,36.9044460964755,0 -2.00961819264107,36.9044488997003,0 -2.00961379474929,36.9044514820637,0 -1.91924113530198,36.9544623717407,0 -1.91924002724021,36.9544630230405,0 -1.91923956878589,36.9544642237953,0 -1.84897144452636,37.1538867384242,0 -1.84897104016799,37.1538879920149,0 -1.84897189324419,37.1538889956365,0 -1.8755814745435,37.1835488246744,0 -1.87558483870052,37.1835527761075,0 -1.87558799333513,37.1835568967454,0 -1.87559092995144,37.1835611754907,0 -1.87559364064076,37.18356560082,0 -1.87559611810281,37.1835701608154,0 -1.87559835566547,37.1835748431962,0 -1.87560034730265,37.183579635352,0 -1.87560208765062,37.183584524377,0 -1.87560357202236,37.1835894971043,0 -1.87560479642027,37.1835945401416,0 -1.87560575754688,37.1835996399075,0 -1.87560645281372,37.1836047826675,0 -1.87560688034837,37.1836099545714,0 -1.8756070389994,37.1836151416907,0 -1.87560692833956,37.1836203300556,0 -1.87560654866685,37.1836255056933,0 -1.87560590100379,37.1836306546649,0 -1.87560498709463,37.1836357631036,0 -1.87560380940065,37.1836408172517,0 -1.87560237109354,37.1836458034977,0 -1.87560067604687,37.1836507084129,0 -1.87559872882562,37.1836555187877,0 -1.87559653467393,37.1836602216671,0 -1.87559409950095,37.1836648043856,0 -1.87559142986494,37.1836692546013,0 -1.87558853295559,37.1836735603292,0 -1.87558541657469,37.1836777099733,0 -1.87558208911507,37.1836816923581,0 -1.87557855953804,37.1836854967585,0 -1.87557483734924,37.1836891129287,0 -1.87557093257303,37.1836925311298,0 -1.87556685572551,37.1836957421562,0 -1.8755626177862,37.1836987373602,0 -1.87555823016845,37.1837015086751,0 -1.87555370468872,37.1837040486376,0 -1.87554905353474,37.1837063504072,0 -1.87554428923272,37.1837084077847,0 -1.87553942461358,37.1837102152296,0 -1.8755344727784,37.183711767874,0 -1.87552944706316,37.1837130615364,0 -1.87552436100279,37.183714092733,0 -1.87551922829478,37.1837148586864,0 -1.87551406276219,37.1837153573339,0 -1.84145830099798,37.1861129084088,0 -1.84145702775038,37.1861130314899,0 -1.84145674553691,37.1861142791534,0 -1.83186232662264,37.2343441968765,0 -1.83186117353184,37.2343492935557,0 -1.83185975577975,37.2343543230424,0 -1.83185807723764,37.2343592716031,0 -1.8318561424889,37.2343641257255,0 -1.8318539568165,37.234368872155,0 -1.8318515261886,37.2343734979312,0 -1.8318488572422,37.2343779904229,0 -1.83184595726507,37.2343823373632,0 -1.8318428341758,37.2343865268823,0 -1.83183949650225,37.2343905475405,0 -1.83183595335816,37.2343943883591,0 -1.83183221441837,37.2343980388503,0 -1.68378210072511,37.3715758613471,0 -1.68377831165567,37.371579198391,0 -1.68377435898061,37.3715823399304,0 -1.68377025277647,37.3715852779564,0 -1.68376600351114,37.3715880049793,0 -1.68376162201725,37.371590514047,0 -1.6837571194645,37.3715927987632,0 -1.68375250733119,37.3715948533035,0 -1.5029941541152,37.4467065204232,0 -1.50299301998715,37.4467070252922,0 -1.50299226663487,37.4467080120035,0 -1.45649399707823,37.5108730647474,0 -1.45649068081664,37.5108773880333,0 -1.45648713400209,37.5108815242753,0 -1.45648336716451,37.5108854611936,0 -1.45647939148703,37.5108891871002,0 -1.4564752187728,37.5108926909335,0 -1.45647086140993,37.510895962291,0 -1.45646633233475,37.5108989914608,0 -1.45646164499333,37.5109017694496,0 -1.33302243825231,37.579585409898,0 -1.33301801351861,37.5795877290932,0 -1.33301347848262,37.5795898244172,0 -1.33300884446239,37.5795916906409,0 -1.33300412302302,37.5795933231067,0 -1.33299932594777,37.5795947177404,0 -1.33299446520867,37.5795958710616,0 -1.33298955293664,37.5795967801918,0 -1.23326186760538,37.5954883999433,0 -1.23325674246526,37.5954890812923,0 -1.23325158895967,37.5954894968375,0 -1.23324642086461,37.5954896454682,0 -1.23324125199506,37.595489526787,0 -1.23323609616808,37.5954891411112,0 -1.23323096716586,37.5954884894718,0 -1.2332258786989,37.5954875736107,0 -1.23322084436932,37.595486395976,0 -1.23321587763455,37.5954849597158,0 -1.23321099177131,37.5954832686694,0 -1.23320619984014,37.5954813273571,0 -1.1468111726838,37.5578525107551,0 -1.14680999905476,37.5578520349193,0 -1.146808801402,37.5578524465661,0 -0.984629507613092,37.6182761821929,0 -0.984624586286024,37.6182778712975,0 -0.984619583764084,37.6182793021393,0 -0.984614513590365,37.6182804708448,0 -0.984609389491113,37.6182813742501,0 -0.984604225338563,37.6182820099093,0 -0.984599035113386,37.6182823761015,0 -0.984593832866835,37.6182824718355,0 -0.98458863268271,37.6182822968519,0 -0.984583448639228,37.6182818516246,0 -0.984578294770908,37.6182811373589,0 -0.984573185030578,37.6182801559885,0 -0.9845681332516,37.6182789101702,0 -0.984563153110419,37.6182774032767,0 -0.984558258089541,37.6182756393876,0 -0.984553461441026,37.6182736232782,0 -0.984548776150617,37.6182713604065,0 -0.984544214902585,37.6182688568989,0 -0.984539790045382,37.6182661195328,0 -0.984535513558219,37.6182631557191,0 -0.922515062062164,37.5728467777276,0 -0.92251399303344,37.572846037325,0 -0.922512728897763,37.572846342251,0 -0.751822260720206,37.6188056605444,0 -0.751821118664212,37.6188060002649,0 -0.751822259191784,37.6188063450807,0 -0.822618012504627,37.6382078781427,0 -0.822623050466448,37.6382094024231,0 -0.822628001246769,37.6382111896736,0 -0.822632851129704,37.6382132349426,0 -0.822637586678901,37.638215532564,0 -0.822642194774762,37.6382180761722,0 -0.822646662650792,37.6382208587202,0 -0.822650977928969,37.6382238724993,0 -0.822655128654035,37.6382271091598,0 -0.822659103326618,37.6382305597348,0 -0.82266289093509,37.6382342146647,0 -0.91452158729916,37.7316670721912,0 -0.914525198649363,37.7316709454347,0 -0.914528599894411,37.7316750044244,0 -0.9145317814959,37.7316792377774,0 -0.914534734531387,37.7316836336216,0 -0.91453745071942,37.7316881796295,0 -0.914539922442758,37.7316928630523,0 -0.914542142769733,37.7316976707559,0 -0.91454410547369,37.7317025892575,0 -0.914545805050449,37.7317076047639,0 -0.914547236733739,37.7317127032096,0 -0.914548396508568,37.7317178702965,0 -0.914549281122477,37.7317230915343,0 -0.914549888094669,37.7317283522804,0 -0.914550215722958,37.7317336377818,0 -0.914550263088547,37.7317389332159,0 -0.914550030058606,37.7317442237321,0 -0.914549517286641,37.731749494494,0 -0.914548726210661,37.7317547307201,0 -0.914547659049151,37.7317599177261,0 -0.914546318794843,37.7317650409657,0 -0.914544709206329,37.7317700860713,0 -0.914542834797517,37.7317750388944,0 -0.914540700824974,37.7317798855455,0 -0.914538313273183,37.7317846124326,0 -0.914535678837762,37.7317892062997,0 -0.914532804906688,37.7317936542639,0 -0.914529699539573,37.7317979438513,0 -0.914526371445068,37.7318020630324,0 -0.914522829956435,37.7318060002552,0 -0.914519085005378,37.7318097444783,0 -0.914515147094186,37.7318132852015,0 -0.914511027266286,37.7318166124952,0 -0.914506737075267,37.7318197170284,0 -0.914502288552484,37.7318225900948,0 -0.824839161671006,37.786422292609,0 -0.824838026958377,37.7864230266169,0 -0.82483730747604,37.7864241705947,0 -0.726110654248498,37.9533048941035,0 -0.726110040234767,37.9533059956291,0 -0.726110876460937,37.9533069396089,0 -0.770247847767278,38.0006239287937,0 -0.770251271021431,38.0006277941082,0 -0.77025449020251,38.0006318309633,0 -0.770257496728397,38.0006360285969,0 -0.770260282583895,38.0006403758184,0 -0.770262840342102,38.0006448610384,0 -0.770265163184207,38.0006494722996,0 -0.77026724491767,38.0006541973087,0 -0.77026907999273,38.0006590234692,0 -0.7702706635172,38.0006639379149,0 -0.770271991269511,38.0006689275441,0 -0.770273059709965,38.0006739790548,0 -0.770273865990171,38.0006790789801,0 -0.770274407960642,38.0006842137238,0 -0.770274684176519,38.0006893695972,0 -0.770274693901431,38.000694532855,0 -0.770274437109451,38.0006996897323,0 -0.77027391448517,38.0007048264812,0 -0.770273127421868,38.0007099294076,0 -0.770272078017804,38.0007149849072,0 -0.770270769070617,38.0007199795026,0 -0.770269204069873,38.0007248998784,0 -0.770267387187758,38.0007297329173,0 -0.770265323267957,38.0007344657347,0 -0.770263017812741,38.0007390857133,0 -0.770260476968299,38.0007435805364,0 -0.77025770750835,38.0007479382213,0 -0.770254716816088,38.0007521471505,0 -0.770251512864497,38.0007561961034,0 -0.770248104195095,38.0007600742858,0 -0.770244499895165,38.0007637713587,0 -0.770240709573528,38.0007672774658,0 -0.770236743334926,38.0007705832603,0 -0.770232611753083,38.000773679929,0 -0.770228325842519,38.0007765592164,0 -0.670325090878466,38.0642113073337,0 -0.670324033440354,38.0642120177599,0 -0.670324037008644,38.0642132916783,0 -0.673845300761459,38.1871126930539,0 -0.673845310770453,38.1871180472844,0 -0.673845034189507,38.1871233943759,0 -0.673844471811519,38.1871287189994,0 -0.673843625248709,38.1871340058903,0 -0.673842496927992,38.1871392398923,0 -0.673841090084026,38.1871444060006,0 -0.673839408749935,38.1871494894049,0 -0.673837457745748,38.1871544755324,0 -0.673835242664581,38.1871593500888,0 -0.673832769856602,38.1871640990997,0 -0.673830046410831,38.1871687089509,0 -0.673827080134808,38.1871731664267,0 -0.673823879532221,38.1871774587486,0 -0.673820453778519,38.1871815736114,0 -0.673816812694614,38.1871854992187,0 -0.673812966718722,38.1871892243165,0 -0.673808926876444,38.1871927382258,0 -0.673804704749152,38.187196030873,0 -0.673800312440792,38.1871990928188,0 -0.673795762543184,38.1872019152851,0 -0.608482483767974,38.2253354503087,0 -0.608477852283913,38.2253379928046,0 -0.608473092979407,38.2253402871346,0 -0.608468219140019,38.2253423268943,0 -0.608463244371039,38.2253441063896,0 -0.608458182559499,38.2253456206531,0 -0.60845304783541,38.2253468654576,0 -0.608447854532319,38.2253478373285,0 -0.608442617147295,38.2253485335526,0 -0.608437350300462,38.2253489521864,0 -0.608432068694185,38.2253490920615,0 -0.608426787072031,38.2253489527872,0 -0.608421520177612,38.2253485347525,0 -0.608416282713426,38.2253478391241,0 -0.608411089299819,38.225346867844,0 -0.533003269625294,38.209171272345,0 -0.533002032044535,38.2091710403122,0 -0.533001978923154,38.2091722983358,0 -0.530980050142395,38.3337233111246,0 -0.530979829230795,38.3337285262644,0 -0.530979336492146,38.3337337227723,0 -0.530978573268987,38.3337388864895,0 -0.530977541640833,38.3337440033468,0 -0.530976244418508,38.3337490594025,0 -0.530974685136486,38.3337540408806,0 -0.530972868043264,38.3337589342085,0 -0.530970798089782,38.3337637260534,0 -0.530968480915935,38.3337684033593,0 -0.530965922835208,38.3337729533822,0 -0.530963130817471,38.3337773637248,0 -0.530960112469992,38.3337816223705,0 -0.530956876016705,38.3337857177161,0 -0.53095343027581,38.3337896386031,0 -0.530949784635739,38.3337933743484,0 -0.530945949029579,38.3337969147736,0 -0.53094193390801,38.3338002502322,0 -0.530937750210825,38.3338033716362,0 -0.53093340933713,38.3338062704809,0 -0.53092892311428,38.333808938868,0 -0.530924303765654,38.333811369527,0 -0.530919563877356,38.3338135558353,0 -0.431185180415436,38.3766964924551,0 -0.431184023366401,38.3766970255838,0 -0.431183387811614,38.3766981296936,0 -0.38715630483677,38.4579429120899,0 -0.387153775912034,38.4579473088215,0 -0.387151027303231,38.4579515716679,0 -0.387148066081628,38.457955689662,0 -0.387144899865473,38.4579596522098,0 -0.387141536800398,38.4579634491168,0 -0.387137985538464,38.4579670706148,0 -0.387134255215899,38.457970507387,0 -0.387130355429594,38.4579737505916,0 -0.387126296212418,38.4579767918849,0 -0.3871220880074,38.4579796234428,0 -0.387117741640866,38.4579822379805,0 -0.387113268294588,38.4579846287717,0 -0.387108679477015,38.4579867896656,0 -0.251946255664071,38.5174955221988,0 -0.251941458937553,38.5174974872852,0 -0.251936566826641,38.5174992011698,0 -0.251931592476507,38.5175006592475,0 -0.251926549253306,38.5175018576003,0 -0.251921450708253,38.5175027930083,0 -0.251916310541216,38.517503462958,0 -0.251911142563901,38.5175038656493,0 -0.25190596066274,38.517504,0 -0.136799107492809,38.517504,0 -0.136793891137671,38.5175038638555,0 -0.136788688986091,38.5175034557928,0 -0.136783515202956,38.5175027769229,0 -0.136778383875905,38.5175018290944,0 -0.136773308976975,38.517500614888,0 -0.136768304324557,38.5174991376099,0 -0.136763383545765,38.5174974012827,0 -0.136758560039339,38.517495410634,0 -0.136753846939153,38.5174931710843,0 -0.136749257078458,38.5174906887316,0 -0.13674480295494,38.517487970335,0 -0.136740496696685,38.5174850232965,0 -0.136736350029158,38.5174818556405,0 -0.136732374243278,38.5174784759921,0 -0.136728580164671,38.5174748935539,0 -0.136724978124194,38.5174711180803,0 -0.136721577929805,38.5174671598516,0 -0.13671838883986,38.5174630296457,0 -0.136715419537897,38.5174587387084,0 -0.136712678108998,38.5174542987238,0 -0.136710172017772,38.5174497217812,0 -0.136707908088028,38.5174450203433,0 -0.136705892484197,38.5174402072116,0 -0.136704130694545,38.5174352954916,0 -0.136702627516233,38.5174302985574,0 -0.136701387042248,38.5174252300151,0 -0.136700412650264,38.5174201036659,0 -0.136699706993442,38.5174149334681,0 -0.136699271993209,38.5174097334998,0 -0.136699108834022,38.5174045179197,0 -0.136699217960146,38.5173993009294,0 -0.136699599074442,38.5173940967342,0 -0.136700251139178,38.5173889195044,0 -0.136701172378853,38.5173837833372,0 -0.136702360285034,38.5173787022177,0 -0.136703811623184,38.5173736899813,0 -0.136705522441468,38.5173687602757,0 -0.136707488081518,38.517363926524,0 -0.136709703191112,38.517359201888,0 -0.136712161738751,38.5173545992323,0 -0.136714857030082,38.5173501310894,0 -0.136717781726125,38.5173458096256,0 -0.136720927863253,38.5173416466078,0 -0.136724286874884,38.5173376533713,0 -0.136727849614799,38.5173338407895,0 -0.136731606382051,38.5173302192434,0 -0.136735546947376,38.5173267985942,0 -0.136739660581052,38.5173235881558,0 -0.136743936082107,38.5173205966701,0 -0.136748361808824,38.5173178322824,0 -0.136752925710437,38.5173153025199,0 -0.136757615359946,38.5173130142708,0 -0.136762417987954,38.5173109737659,0 -0.358396787272241,38.4298984782993,0 -0.358397972850814,38.4298979746107,0 -0.358398396074892,38.4298967579843,0 -0.387040677799568,38.3400799981843,0 -0.387042414140595,38.3400750121018,0 -0.387044411223114,38.3400701246117,0 -0.387046663480079,38.3400653493382,0 -0.38704916463312,38.3400606995928,0 -0.387051907710048,38.3400561883372,0 -0.387054885064291,38.3400518281468,0 -0.387058088396206,38.3400476311761,0 -0.387061508776217,38.3400436091245,0 -0.387065136669708,38.3400397732039,0 -0.387068961963599,38.3400361341072,0 -0.387072973994541,38.3400327019786,0 -0.387077161578637,38.3400294863857,0 -0.38708151304262,38.3400264962921,0 -0.387086016256392,38.3400237400331,0 -0.387090658666842,38.3400212252918,0 -0.387095427332832,38.3400189590784,0 -0.387100308961279,38.3400169477102,0 -0.387105289944203,38.340015196794,0 -0.387110356396668,38.3400137112107,0 -0.387115494195483,38.3400124951014,0 -0.38712068901857,38.3400115518562,0 -0.387125926384896,38.3400108841045,0 -0.38713119169483,38.3400104937076,0 -0.387136470270847,38.3400103817539,0 -0.44633766756454,38.3403179930766,0 -0.446338987485154,38.340317964758,0 -0.446340029649169,38.3403171542726,0 -0.493749968760794,38.3013758470334,0 -0.49375096442746,38.3013749837093,0 -0.493750967632901,38.3013736658814,0 -0.491137606398223,38.1936552130932,0 -0.491137618810467,38.1936498956313,0 -0.491137913859994,38.1936445863468,0 -0.491138490712534,38.1936393002522,0 -0.491139347737004,38.193634052294,0 -0.49114048251012,38.1936288573113,0 -0.491141891823249,38.1936237299931,0 -0.491143571691478,38.1936186848372,0 -0.491145517364888,38.193613736109,0 -0.491147723341978,38.1936088978013,0 -0.491150183385226,38.1936041835949,0 -0.491152890538722,38.1935996068192,0 -0.49115583714784,38.1935951804154,0 -0.491159014880879,38.1935909168995,0 -0.491162414752623,38.1935868283266,0 -0.491166027149744,38.1935829262576,0 -0.491169841857989,38.1935792217257,0 -0.491173848091059,38.1935757252057,0 -0.491178034521107,38.1935724465842,0 -0.491182389310769,38.1935693951316,0 -0.491186900146637,38.1935665794762,0 -0.49119155427407,38.1935640075793,0 -0.491196338533266,38.1935616867132,0 -0.610745827913684,38.1394455305653,0 -0.61074696973031,38.1394449778778,0 -0.610747149573135,38.139443722145,0 -0.628161456193628,37.9906672759639,0 -0.628162224992919,37.9906619522196,0 -0.628163278938976,37.9906566775155,0 -0.628164614982383,37.990651467113,0 -0.628166229257526,37.9906463360876,0 -0.628168117093774,37.9906412992851,0 -0.62817027302899,37.9906363712784,0 -0.628172690825344,37.9906315663262,0 -0.628175363487349,37.9906268983305,0 -0.628178283282113,37.9906223807975,0 -0.628181441761702,37.9906180267979,0 -0.628184829787594,37.9906138489293,0 -0.738947147272884,37.86129999555,0 -0.73894796080206,37.8612989937642,0 -0.738947498304351,37.861297788982,0 -0.683736280921808,37.7280261966511,0 -0.683734414937639,37.7280213386461,0 -0.6837328042075,37.7280163901454,0 -0.683731453093589,37.7280113645508,0 -0.683730365255005,37.7280062754726,0 -0.683729543637846,37.728001136693,0 -0.683728990467224,37.7279959621291,0 -0.683728707241243,37.7279907657945,0 -0.683728694726937,37.7279855617621,0 -0.683728952958198,37.7279803641255,0 -0.683729481235682,37.7279751869609,0 -0.683730278128701,37.7279700442893,0 -0.683731341479101,37.727964950038,0 -0.683732668407105,37.7279599180034,0 -0.683734255319112,37.7279549618133,0 -0.683736097917429,37.7279500948901,0 -0.683738191211911,37.7279453304145,0 -0.683740529533476,37.7279406812896,0 -0.683743106549454,37.7279361601063,0 -0.683745915280743,37.7279317791088,0 -0.683748948120706,37.7279275501619,0 -0.683752196855774,37.7279234847185,0 -0.712966169151757,37.6932549859755,0 -0.712966957573627,37.6932539998301,0 -0.712966177073234,37.6932530074033,0 -0.66676299824525,37.6375237191737,0 -0.666759749815723,37.6375195843867,0 -0.666756723217516,37.6375152845657,0 -0.666753926818797,37.6375108315991,0 -0.66675136835126,37.6375062377988,0 -0.666749054888751,37.6375015158661,0 -0.666746992827706,37.6374966788565,0 -0.666745187869466,37.6374917401438,0 -0.666743645004518,37.6374867133829,0 -0.666742368498692,37.6374816124722,0 -0.666741361881367,37.637476451515,0 -0.666740627935715,37.6374712447808,0 -0.666740168691005,37.6374660066655,0 -0.666739985416991,37.6374607516519,0 -0.666740078620404,37.6374554942694,0 -0.666740448043546,37.637450249054,0 -0.66674109266501,37.6374450305082,0 -0.666742010702497,37.6374398530605,0 -0.666743199617747,37.637434731026,0 -0.666744656123558,37.6374296785663,0 -0.666746376192872,37.6374247096511,0 -0.66674835506991,37.6374198380186,0 -0.666750587283325,37.6374150771383,0 -0.666753066661322,37.6374104401736,0 -0.666755786348731,37.6374059399449,0 -0.666758738825952,37.637401588895,0 -0.666761915929756,37.6373973990538,0 -0.697958807559991,37.5984282231138,0 -0.697962167083309,37.598424243608,0 -0.697965729231488,37.5984204444023,0 -0.697969484342959,37.5984168358013,0 -0.697973422232785,37.5984134275926,0 -0.697977532220282,37.5984102290201,0 -0.697981803157987,37.5984072487593,0 -0.697986223461893,37.5984044948935,0 -0.697990781142872,37.598401974892,0 -0.697995463839186,37.5983996955898,0 -0.698000258850024,37.598397663169,0 -0.698005153169942,37.5983958831421,0 -0.698010133524144,37.598394360337,0 -0.922209295383437,37.5361783006113,0 -0.922214283635264,37.5361770535385,0 -0.92221932939364,37.5361760645141,0 -0.922224419318667,37.5361753361528,0 -0.922229539953679,37.5361748703803,0 -0.92223467776082,37.536174668428,0 -0.922239819156833,37.5361747308298,0 -0.922244950548974,37.5361750574207,0 -0.922250058370948,37.5361756473373,0 -0.922255129118772,37.53617649902,0 -1.06771371292369,37.564470749641,0 -1.067714988368,37.5644709631948,0 -1.0677159094344,37.5644700554502,0 -1.11384761540827,37.5165570983827,0 -1.11385129964106,37.5165534649156,0 -1.113855166893,37.5165500268905,0 -1.11385920680926,37.5165467935128,0 -1.11386340857272,37.5165437734402,0 -1.11386776093286,37.5165409747591,0 -1.11387225223597,37.5165384049632,0 -1.11387687045628,37.5165360709333,0 -1.11388160322821,37.5165339789189,0 -1.11388643787944,37.5165321345214,0 -1.11389136146489,37.5165305426794,0 -1.11389636080134,37.5165292076552,0 -1.11390142250272,37.5165281330234,0 -1.11390653301601,37.5165273216613,0 -1.11391167865747,37.5165267757414,0 -1.11391684564931,37.5165264967255,0 -1.11392202015657,37.5165264853606,0 -1.11392718832417,37.5165267416773,0 -1.113932336314,37.5165272649891,0 -1.11393745034198,37.5165280538949,0 -1.11394251671497,37.5165291062823,0 -1.11394752186742,37.5165304193335,0 -1.11395245239771,37.5165319895327,0 -1.23368071801221,37.5581025548841,0 -1.23368200338673,37.5581029624414,0 -1.23368334093468,37.5581027913977,0 -1.31997270636394,37.5446792012443,0 -1.31997398850595,37.5446789672576,0 -1.31997513557121,37.5446783484851,0 -1.42807878800112,37.482655695364,0 -1.42807997399486,37.4826549701393,0 -1.42808085527081,37.4826538950185,0 -1.48661593007588,37.4070285187857,0 -1.48661926727829,37.4070244344749,0 -1.48662281518385,37.4070205317989,0 -1.4866265639228,37.4070168216142,0 -1.48663050306671,37.407013314242,0 -1.48663462165747,37.4070100194394,0 -1.48663890823776,37.4070069463719,0 -1.48664335088296,37.4070041035885,0 -1.48664793723429,37.4070014989972,0 -1.4866526545332,37.4069991398437,0 -1.48665748965687,37.4069970326908,0 -1.66098882946334,37.3364334737945,0 -1.66098998206847,37.3364329730234,0 -1.6609908899917,37.336432104147,0 -1.77806002932046,37.2185919770722,0 -1.77806096729269,37.2185909794136,0 -1.77806146114147,37.2185897022182,0 -1.87766170328361,36.9382866064186,0 -1.87766365353781,36.9382815556125,0 -1.8776658742967,36.9382766177624,0 -1.87766835905032,36.9382718073431,0 -1.87767110051483,36.9382671384561,0 -1.87767409065386,36.9382626247877,0 -1.87767732070208,36.9382582795694,0 -1.87768078119087,36.9382541155387,0 -1.87768446197613,36.9382501449023,0 -1.87768835226794,36.9382463792997,0 -1.87769244066225,36.9382428297693,0 -1.8776967151743,36.9382395067164,0 -1.8777011632737,36.9382364198822,0 -1.87770577192126,36.9382335783155,0 -1.97557383284863,36.8814886767263,0 -1.9755749686064,36.8814879765951,0 -1.97557531533981,36.881486688222,0 -1.98901460410783,36.8255807660754,0 -1.98901592420349,36.825575832574,0 -1.98901749445244,36.8255709729026,0 -1.98901931075916,36.8255661997361,0 -1.98902136838634,36.825561525524,0 -1.98902366196726,36.8255569624576,0 -1.98902618551978,36.8255525224383,0 -1.98902893246194,36.8255482170467,0 -1.98903189562915,36.8255440575121,0 -1.98903506729285,36.8255400546833,0 -1.98903843918068,36.8255362190008,0 -1.98904200249805,36.8255325604686,0 -1.98904574795109,36.825529088629,0 -2.10869660982139,36.7201699546685,0 -2.10870068286803,36.7201665556227,0 -2.1087049304398,36.7201633773597,0 -2.10870934058266,36.7201604288243,0 -2.10871390088506,36.7201577183145,0 -2.10871859851283,36.7201552534586,0 -2.10872342024533,36.7201530411934,0 -2.10872835251266,36.7201510877451,0 -2.10873338143382,36.7201493986113,0 -2.10873849285582,36.7201479785456,0 -2.10874367239347,36.7201468315447,0 -2.19533264336143,36.7033680139017,0 -2.19533788667172,36.7033671417691,0 -2.19534316891556,36.7033665494703,0 -2.19534847516909,36.7033662386786,0 -2.19535379044058,36.7033662102722,0 -2.19535909971284,36.7033664643312,0 -2.19536438798563,36.7033670001379,0 -2.19536964031803,36.7033678161785,0 -2.19537484187068,36.7033689101474,0 -2.19537997794766,36.7033702789539,0 -2.19538503403807,36.7033719187306,0 -2.19538999585697,36.7033738248448,0 -2.19539484938578,36.703375991911,0 -2.19539958091186,36.7033784138067,0 -2.19540417706726,36.7033810836894,0 -2.19540862486652,36.7033839940158,0 -2.36605694169181,36.8216382666235,0 -2.36605800341267,36.8216389625976,0 -2.36605917355684,36.8216384702631,0 -2.430370331496,36.7926087810389,0 -2.43037511216865,36.7926067706198,0 -2.4303799906413,36.7926050107561,0 -2.4303849537925,36.792603506181,0 -2.43038998827305,36.7926022609415,0 -2.4303950805419,36.7926012783868,0 -2.43040021690258,36.7926005611597,0 -2.43040538354002,36.7926001111891,0 -2.4304105665577,36.7925999296855,0 -2.43041575201506,36.792600017137,0 -2.55198369152671,36.797805943967,0 -2.55198498193913,36.7978059653964,0 -2.55198570223152,36.7978048945078,0 -2.60583147566339,36.7130378650234,0 -2.60583442923911,36.7130334762971,0 -2.60583761076629,36.7130292499023,0 -2.60584101134156,36.7130251976663,0 -2.60584462144858,36.7130213309293,0 -2.60584843098463,36.713017660512,0 -2.60585242928891,36.7130141966859,0 -2.60585660517235,36.7130109491444,0 -2.60586094694893,36.7130079269756,0 -2.60586544246841,36.7130051386368,0 -2.60587007915028,36.7130025919312,0 -2.69877256128876,36.6651296239587,0 -2.69877729477054,36.6651273401457,0 -2.69878214170231,36.6651253081752,0 -2.69878708869605,36.66512353366,0 -2.69879212208735,36.6651220215014,0 -2.69879722797313,36.6651207758763,0 -2.69880239225012,36.6651198002253,0 -2.69880760065371,36.6651190972434,0 -2.69881283879744,36.6651186688723,0 -2.69881809221268,36.6651185162952,0 -2.69882334638865,36.6651186399335,0 -2.69882858681244,36.6651190394459,0 -2.86424337831494,36.6821120597014,0 -2.86424842994651,36.68211270904,0 -2.86425344196461,36.6821136147423,0 -2.86425840136775,36.6821147744589,0 -2.86426329529093,36.6821161851814,0 -2.86426811103902,36.6821178432502,0 -2.86427283611967,36.6821197443644,0 -2.86427745827571,36.6821218835922,0 -2.86428196551699,36.6821242553843,0 -2.86428634615145,36.6821268535883,0 -2.86429058881544,36.6821296714641,0 -2.86429468250324,36.6821327017021,0 -2.92846392724164,36.7322111628063,0 -2.92846501278086,36.7322119634178,0 -2.92846636071108,36.7322120129975,0 -3.24661758371167,36.7352509864716,0 -3.24661899352863,36.7352509600014,0 -3.24662033976916,36.7352505405713,0 -3.41946641072584,36.6759788037284,0 -3.41947150242912,36.6759772081935,0 -3.41947667198891,36.6759758865183,0 -3.41948190468689,36.6759748424658,0 -3.41948718562494,36.6759740790085,0 -3.41949249976761,36.6759735983201,0 -3.41949783198493,36.6759734017691,0 -3.41950316709543,36.6759734899151,0 -3.41950848990943,36.6759738625072,0 -3.41951378527225,36.6759745184845,0 -3.41951903810739,36.6759754559795,0 -3.41952423345939,36.6759766723229,0 -3.61244477289893,36.7266086779473,0 -3.61244600093028,36.7266089671539,0 -3.61244724336235,36.7266087479178,0 -3.73705912758122,36.7013446372088,0 -3.73706414459059,36.7013437524543,0 -3.73706920014812,36.7013431243528,0 -3.73707428113305,36.7013427545345,0 -3.7370793743586,36.7013426439591,0 -3.73708446660623,36.7013427929135,0 -3.73708954465996,36.7013432010113,0 -3.73709459534061,36.7013438671932,0 -3.73709960554008,36.7013447897303,0 -3.73710456225529,36.7013459662284,0 -3.85631273597206,36.732868665748,0 -3.85631400349796,36.7328689656997,0 -3.85631530547926,36.7328689277866,0 -4.39230972604704,36.7032200704695,0 -4.39231098431006,36.7032199686105,0 -4.39231182098622,36.7032190233203,0 -4.49424387632133,36.581956371047,0 -4.49424732551509,36.5819524779582,0 -4.49425097246436,36.5819487694761,0 -4.49425480730303,36.5819452556334,0 -4.49425881965668,36.5819419459361,0 -4.49426299867066,36.5819388493379,0 -4.49426733303944,36.5819359742161,0 -4.49427181103723,36.5819333283488,0 -4.49427642054966,36.5819309188938,0 -4.49428114910659,36.5819287523695,0 -4.49428598391581,36.581926834637,0 -4.59033972367819,36.5466894682193,0 -4.59034097775893,36.5466889690748,0 -4.59034184999574,36.5466879389939,0 -4.63657164956943,36.4889816506477,0 -4.63657491346444,36.4889777814118,0 -4.63657836897631,36.4889740822991,0 -4.63658200725064,36.4889705627882,0 -4.63658581896472,36.4889672318975,0 -4.6365897943514,36.4889640981621,0 -4.63659392322417,36.4889611696118,0 -4.63659819500319,36.4889584537508,0 -4.63660259874246,36.4889559575381,0 -4.63660712315785,36.4889536873702,0 -4.63661175665598,36.488951649064,0 -4.63661648736399,36.4889498478425,0 -4.63662130315992,36.4889482883212,0 -4.63662619170376,36.4889469744962,0 -4.73547797544696,36.4650453582011,0 -4.7354830973911,36.4650442608989,0 -4.73548826976714,36.4650434333061,0 -4.73549347838292,36.4650428776933,0 -4.73549870894683,36.4650425955852,0 -4.73550394710705,36.4650425877557,0 -4.73550917849092,36.4650428542263,0 -4.73551438874437,36.465043394266,0 -4.90867065335912,36.4875888246636,0 -4.90867199566843,36.4875889624845,0 -4.90867327125205,36.4875885223994,0 -5.1408248307789,36.4003707821444,0 -5.14082975983124,36.4003690756555,0 -5.14083477116001,36.4003676285048,0 -5.14083985113056,36.4003664446296,0 -5.14084498592147,36.4003655272509,0 -5.14085016156217,36.4003648788647,0 -5.14085536397096,36.4003645012352,0 -5.14086057899331,36.4003643953898,0 -5.14086579244035,36.4003645616164,0 -5.14087099012751,36.4003649994628,0 -5.1408761579131,36.4003657077377,0 -5.1408812817368,36.400366684514,0 -5.14088634765786,36.4003679271343,0 -5.14089134189311,36.4003694322175,0 -5.1408962508544,36.4003711956688,0 -5.14090106118559,36.4003732126901,0 -5.1409057597989,36.4003754777937,0 -5.14091033391049,36.4003779848167,0 -5.14091477107529,36.4003807269382,0 -5.1409190592208,36.4003836966973,0 -5.14092318667999,36.4003868860141,0 -5.14092714222299,36.4003902862113,0 -5.14093091508771,36.4003938880377,0 -5.14093449500906,36.4003976816935,0 -5.14093787224692,36.4004016568571,0 -5.1409410376126,36.400405802713,0 -5.14094398249389,36.4004101079814,0 -5.14094669887845,36.4004145609485,0 -5.14094917937564,36.4004191494989,0 -5.14095141723661,36.4004238611483,0 -5.14095340637266,36.4004286830773,0 -5.14095514137181,36.4004336021665,0 -5.14095661751354,36.4004386050324,0 -5.14095783078161,36.4004436780632,0 -5.140958777875,36.4004488074565,0 -5.1409594562169,36.4004539792563,0 -5.14095986396169,36.4004591793915,0 -5.14096,36.4004643937136,0 -5.14096,36.443301406003,0 -5.1409598659542,36.4433065820239,0 -5.14095946417615,36.4433117441683,0 -5.14095879574299,36.443316878597,0 -5.14095786244674,36.443321971545,0 -5.14095666678948,36.4433270093584,0 -5.14095521197667,36.4433319785315,0 -5.14095350190853,36.4433368657421,0 -5.14095154116963,36.4433416578882,0 -5.14094933501654,36.4433463421223,0 -5.14094688936376,36.4433509058865,0 -5.14094421076789,36.4433553369456,0 -5.14094130641001,36.4433596234204,0 -5.14093818407648,36.4433637538192,0 -5.14093485213799,36.4433677170687,0 -5.14093131952721,36.4433715025438,0 -5.14092759571475,36.443375100096,0 -5.14092369068386,36.4433785000805,0 -5.14091961490359,36.4433816933822,0 -5.14091537930077,36.4433846714402,0 -5.14091099523069,36.4433874262706,0 -5.14090647444667,36.4433899504879,0 -5.14090182906856,36.4433922373248,0 -5.14089707155023,36.4433942806506,0 -5.14089221464618,36.4433960749872,0 -5.14088727137737,36.4433976155242,0 -5.0173592380334,36.4784126490693,0 -5.01735802881578,36.4784130257058,0</coordinates></LinearRing></outerBoundaryIs><innerBoundaryIs><LinearRing><coordinates>-0.834319933061081,37.7222710223253,0 -0.834318699357784,37.7222707803331,0 -0.807872340963452,37.7178042264768,0 -0.807870997829687,37.7178040370426,0 -0.807869641763982,37.7178040683321,0 -0.765534296959992,37.7199339347507,0 -0.765533041390124,37.7199340306582,0 -0.76553331557306,37.7199352596731,0 -0.780352683406072,37.7790897362519,0 -0.780353017111385,37.7790909349154,0 -0.780353897198827,37.7790900553702,0 -0.834319091603077,37.7222719564199,0 -0.834319933061081,37.7222710223253,0</coordinates></LinearRing></innerBoundaryIs></Polygon><Polygon><outerBoundaryIs><LinearRing><coordinates>-0.490303899738557,38.1491824159997,0 -0.490308858300858,38.1491805201188,0 -0.490313910486237,38.149178890049,0 -0.490319042056773,38.1491775303842,0 -0.490324238550826,38.1491764449561,0 -0.490329485323791,38.1491756368237,0 -0.490334767589366,38.1491751082644,0 -0.490340070461228,38.1491748607677,0 -0.490345378994978,38.1491748950312,0 -0.490350678230265,38.1491752109583,0 -0.49035595323294,38.1491758076587,0 -0.490361189137145,38.1491766834508,0 -0.490366371187211,38.1491778358664,0 -0.490371484779238,38.1491792616578,0 -0.49037651550225,38.1491809568069,0 -0.490381449178814,38.1491829165365,0 -0.490386271904987,38.1491851353237,0 -0.490390970089506,38.1491876069157,0 -0.490395530492085,38.149190324347,0 -0.490399940260733,38.1491932799595,0 -0.49040418696797,38.1491964654237,0 -0.49040825864585,38.1491998717624,0 -0.490412143819693,38.1492034893761,0 -0.490415831540415,38.1492073080697,0 -0.490419311415391,38.1492113170814,0 -0.49042257363774,38.1492155051131,0 -0.490425609013964,38.1492198603623,0 -0.490428408989854,38.1492243705552,0 -0.490430965674602,38.1492290229812,0 -0.490433271863034,38.149233804529,0 -0.490435321055918,38.1492387017234,0 -0.49043710747828,38.1492437007633,0 -0.490438626095676,38.1492487875605,0 -0.498907208664226,38.1806314250593,0 -0.4989084429615,38.1806365280897,0 -0.498909407731592,38.1806416888676,0 -0.49891010031517,38.1806468931675,0 -0.498910518803168,38.1806521266441,0 -0.498910662042048,38.1806573748716,0 -0.498910529636981,38.1806626233836,0 -0.498910121952933,38.1806678577129,0 -0.498909440113663,38.1806730634313,0 -0.498908485998619,38.1806782261897,0 -0.498907262237763,38.1806833317571,0 -0.498905772204319,38.1806883660604,0 -0.498904020005478,38.1806933152228,0 -0.498902010471071,38.1806981656023,0 -0.498899749140261,38.180702903829,0 -0.498897242246274,38.1807075168423,0 -0.498894496699214,38.1807119919267,0 -0.498891520067019,38.180716316747,0 -0.498888320554602,38.1807204793819,0 -0.498884906981228,38.1807244683575,0 -0.49888128875621,38.1807282726784,0 -0.498877475852974,38.1807318818581,0 -0.49887347878156,38.1807352859482,0 -0.498869308559661,38.1807384755655,0 -0.498864976682247,38.1807414419181,0 -0.498860495089881,38.1807441768293,0 -0.498855876135809,38.1807466727605,0 -0.498851132551905,38.1807489228319,0 -0.498846277413578,38.1807509208412,0 -0.49884132410373,38.180752661281,0 -0.498836286275866,38.1807541393541,0 -0.498831177816461,38.180755350986,0 -0.498826012806684,38.180756292837,0 -0.498820805483576,38.180756962311,0 -0.498815570200819,38.1807573575626,0 -0.498810321389158,38.1807574775023,0 -0.498805073516634,38.1807573217996,0 -0.498799841048696,38.1807568908835,0 -0.498794638408335,38.1807561859419,0 -0.49878947993632,38.1807552089179,0 -0.443408063314572,38.1687518532716,0 -0.443402930996322,38.1687505980722,0 -0.443397872138136,38.1687490735493,0 -0.443392900862431,38.1687472839588,0 -0.443388031047128,38.1687452342966,0 -0.44338327628691,38.1687429302845,0 -0.443378649855267,38.1687403783546,0 -0.443374164667447,38.1687375856307,0 -0.443369833244396,38.1687345599092,0 -0.443365667677808,38.1687313096367,0 -0.44336167959637,38.1687278438868,0 -0.443357880133296,38.1687241723344,0 -0.443354279895249,38.1687203052293,0 -0.443350888932732,38.1687162533668,0 -0.443347716712028,38.1687120280583,0 -0.443344772088778,38.1687076410992,0 -0.443342063283256,38.1687031047363,0 -0.443339597857422,38.1686984316333,0 -0.443337382693811,38.1686936348357,0 -0.443335423976323,38.1686887277345,0 -0.443333727172955,38.1686837240285,0 -0.443332297020541,38.1686786376859,0 -0.443331137511525,38.1686734829061,0 -0.443330251882817,38.1686682740792,0 -0.443329642606758,38.1686630257462,0 -0.443329311384216,38.1686577525586,0 -0.443329259139838,38.168652469237,0 -0.443329486019472,38.1686471905305,0 -0.443329991389755,38.1686419311753,0 -0.443330773839885,38.1686367058535,0 -0.443331831185557,38.1686315291522,0 -0.443333160475062,38.1686264155228,0 -0.443334757997527,38.1686213792406,0 -0.443336619293273,38.1686164343651,0 -0.443338739166266,38.1686115947003,0 -0.443341111698625,38.1686068737569,0 -0.443343730267135,38.168602284714,0 -0.443346587561745,38.1685978403824,0 -0.443349675605969,38.1685935531689,0 -0.443352985779156,38.1685894350419,0 -0.443356508840555,38.1685854974977,0 -0.443360234955112,38.1685817515283,0 -0.443364153720924,38.1685782075911,0 -0.44336825419828,38.1685748755795,0 -0.4433725249402,38.1685717647951,0 -0.443376954024387,38.168568883922,0 -0.443381529086514,38.1685662410027,0 -0.443386237354739,38.168563843415,0 -0.443391065685359,38.1685616978522,0 -0.490303899738557,38.1491824159997,0</coordinates></LinearRing></outerBoundaryIs></Polygon><Polygon><outerBoundaryIs><LinearRing><coordinates>-0.723361375187584,38.1196980936324,0 -0.723366469835619,38.1196983114122,0 -0.723371546758249,38.1196987886157,0 -0.723376592754017,38.1196995240022,0 -0.723381594701889,38.1197005156595,0 -0.723386539595366,38.1197017610089,0 -0.723391414576309,38.1197032568122,0 -0.723396206968368,38.1197049991798,0 -0.723400904309951,38.1197069835811,0 -0.723405494386622,38.1197092048562,0 -0.723409965262868,38.1197116572289,0 -0.723414305313128,38.1197143343226,0 -0.723418503252027,38.1197172291759,0 -0.723422548163721,38.1197203342614,0 -0.72342642953028,38.119723641505,0 -0.723430137259037,38.1197271423069,0 -0.723433661708836,38.1197308275641,0 -0.723436993715097,38.1197346876937,0 -0.723440124613648,38.1197387126584,0 -0.723443046263257,38.1197428919921,0 -0.755880860637023,38.1687598784737,0 -0.755883591411136,38.1687642452952,0 -0.755886093730737,38.1687687469232,0 -0.755888360958108,38.1687733714164,0 -0.755890387079144,38.1687781065078,0 -0.755892166719302,38.1687829396371,0 -0.755893695157864,38.1687878579837,0 -0.755894968340455,38.168792848501,0 -0.755895982889797,38.1687978979512,0 -0.75589673611467,38.1688029929399,0 -0.755897226017052,38.168808119952,0 -0.755897451297414,38.1688132653875,0 -0.755897411358172,38.1688184155975,0 -0.755897106305269,38.1688235569203,0 -0.755896536947898,38.168828675718,0 -0.755895704796349,38.1688337584122,0 -0.75589461205801,38.1688387915207,0 -0.755893261631506,38.1688437616923,0 -0.755891657099014,38.1688486557431,0 -0.755889802716758,38.1688534606909,0 -0.755887703403719,38.1688581637901,0 -0.75588536472859,38.1688627525652,0 -0.755882792895001,38.1688672148437,0 -0.755879994725063,38.1688715387889,0 -0.737351743889076,38.1959476910878,0 -0.737348625033683,38.1959519984227,0 -0.737345281608291,38.195956133867,0 -0.737341723068238,38.1959600857256,0 -0.737337959477215,38.1959638428223,0 -0.737334001478806,38.1959673945319,0 -0.737329860266385,38.1959707308102,0 -0.737325547551464,38.195973842222,0 -0.73732107553057,38.195976719968,0 -0.737316456850754,38.1959793559099,0 -0.737311704573825,38.1959817425932,0 -0.737306832139408,38.1959838732682,0 -0.737301853326939,38.1959857419093,0 -0.737296782216695,38.1959873432318,0 -0.737291633149977,38.1959886727073,0 -0.737286420688546,38.1959897265758,0 -0.737281159573449,38.1959905018571,0 -0.737275864683325,38.1959909963585,0 -0.737270550992333,38.1959912086816,0 -0.737265233527799,38.195991138226,0 -0.737259927327722,38.1959907851908,0 -0.737254647398245,38.1959901505746,0 -0.737249408671215,38.1959892361719,0 -0.737244225961958,38.1959880445689,0 -0.73723911392738,38.1959865791353,0 -0.737234087024516,38.1959848440155,0 -0.737229159469645,38.1959828441165,0 -0.684808584754634,38.1730656722742,0 -0.684803897031062,38.1730634766795,0 -0.68479932920323,38.173061041451,0 -0.684794893510807,38.1730583731142,0 -0.684790601839405,38.1730554788189,0 -0.684786465688724,38.1730523663205,0 -0.68478249614174,38.1730490439591,0 -0.684778703835009,38.1730455206371,0 -0.684775098930164,38.1730418057953,0 -0.684771691086688,38.1730379093878,0 -0.684768489436029,38.1730338418551,0 -0.684765502557135,38.1730296140965,0 -0.684762738453464,38.1730252374403,0 -0.684760204531539,38.173020723614,0 -0.684757907581103,38.1730160847124,0 -0.684755853756923,38.1730113331659,0 -0.684754048562302,38.1730064817062,0 -0.684752496834327,38.1730015433331,0 -0.684751202730916,38.1729965312791,0 -0.684750169719667,38.1729914589743,0 -0.684749400568576,38.17298634001,0 -0.684748897338611,38.1729811881028,0 -0.684748661378198,38.1729760170573,0 -0.684748693319602,38.1729708407296,0 -0.684748993077233,38.1729656729899,0 -0.689266167128571,38.119204223444,0 -0.689266735233283,38.1191990683648,0 -0.689267569841317,38.1191939496722,0 -0.689268668707779,38.1191888811342,0 -0.689270028876983,38.1191838763841,0 -0.689271646690403,38.1191789488833,0 -0.689273517796512,38.1191741118856,0 -0.689275637162485,38.1191693784014,0 -0.689277999087742,38.1191647611627,0 -0.689280597219272,38.1191602725886,0 -0.68928342456873,38.1191559247525,0 -0.689286473531229,38.1191517293488,0 -0.689289735905797,38.1191476976622,0 -0.689293202917433,38.119143840537,0 -0.689296865240713,38.1191401683479,0 -0.689300713024874,38.1191366909722,0 -0.689304735920304,38.1191334177633,0 -0.689308923106388,38.1191303575252,0 -0.689313263320605,38.1191275184893,0 -0.689317744888827,38.1191249082918,0 -0.68932235575672,38.1191225339536,0 -0.689327083522162,38.1191204018611,0 -0.689331915468606,38.1191185177491,0 -0.689336838599283,38.1191168866854,0 -0.689341839672161,38.1191155130572,0 -0.689346905235562,38.1191144005591,0 -0.689352021664344,38.1191135521836,0 -0.689357175196549,38.1191129702126,0 -0.689362351970421,38.1191126562114,0 -0.689367538061688,38.1191126110246,0 -0.723361375187584,38.1196980936324,0</coordinates></LinearRing></outerBoundaryIs></Polygon><Polygon><outerBoundaryIs><LinearRing><coordinates>-2.73595989914224,36.7451362880184,0 -2.73596595179538,36.7451362797328,0 -2.73597199386294,36.7451366376411,0 -2.73597800321,36.7451373604319,0 -2.76898078932167,36.750124253224,0 -2.76898594416556,36.7501251707754,0 -2.7689910439183,36.7501263568773,0 -2.76899607459928,36.7501278082783,0 -2.76900102241723,36.7501295209994,0 -2.76900587380805,36.7501314903453,0 -2.76901061547197,36.7501337109171,0 -2.76901523441005,36.7501361766273,0 -2.7690197179598,36.7501388807164,0 -2.76902405382985,36.7501418157712,0 -2.76902823013373,36.7501449737456,0 -2.76903223542238,36.750148345982,0 -2.76903605871557,36.7501519232359,0 -2.76903968953201,36.7501556957003,0 -2.76904311791807,36.7501596530334,0 -2.76904633447505,36.7501637843863,0 -2.769049330385,36.7501680784333,0 -2.76905209743481,36.7501725234025,0 -2.76905462803883,36.7501771071084,0 -2.76905691525956,36.7501818169849,0 -2.76905895282676,36.7501866401204,0 -2.76906073515456,36.7501915632925,0 -2.76906225735684,36.7501965730047,0 -2.76906351526059,36.7502016555232,0 -2.76906450541735,36.7502067969146,0 -2.76906522511267,36.7502119830842,0 -2.76906567237355,36.7502171998143,0 -2.76906584597387,36.7502224328038,0 -2.76906574543771,36.7502276677067,0 -2.76906537104067,36.7502328901719,0 -2.76906472380916,36.7502380858824,0 -2.76906380551749,36.7502432405945,0 -2.76354752765866,36.7771136208973,0 -2.76354632216848,36.7771187919846,0 -2.76354484390308,36.7771238917965,0 -2.76354309703019,36.7771289059549,0 -2.76354108647481,36.7771338203234,0 -2.76353881790539,36.7771386210465,0 -2.76353629771778,36.7771432945896,0 -2.76353353301722,36.7771478277762,0 -2.76353053159835,36.7771522078258,0 -2.76352730192316,36.7771564223897,0 -2.76352385309719,36.7771604595854,0 -2.76352019484384,36.7771643080309,0 -2.76351633747695,36.777167956876,0 -2.76351229187172,36.7771713958335,0 -2.76350806943408,36.7771746152077,0 -2.76350368206849,36.7771776059222,0 -2.7634991421444,36.7771803595452,0 -2.76349446246139,36.7771828683132,0 -2.76348965621303,36.7771851251532,0 -2.76348473694977,36.7771871237025,0 -2.76347971854065,36.7771888583264,0 -2.76347461513424,36.7771903241344,0 -2.76346944111877,36.777191516994,0 -2.7634642110815,36.777192433542,0 -2.76345893976768,36.7771930711945,0 -2.76345364203889,36.7771934281536,0 -2.76344833283122,36.777193503413,0 -2.76344302711309,36.7771932967605,0 -2.70621883641443,36.7734408254401,0 -2.70621366289484,36.773440350945,0 -2.70620852099983,36.7734396084044,0 -2.70620342460763,36.7734385998226,0 -2.70619838747362,36.7734373279217,0 -2.70619342319327,36.7734357961348,0 -2.70618854516537,36.7734340085961,0 -2.70618376655595,36.7734319701303,0 -2.7061791002627,36.7734296862393,0 -2.70617455888014,36.7734271630875,0 -2.70617015466568,36.7734244074849,0 -2.70616589950648,36.773421426869,0 -2.70616180488742,36.7734182292847,0 -2.70615788186006,36.7734148233624,0 -2.70615414101281,36.7734112182947,0 -2.70615059244241,36.773407423812,0 -2.7061472457266,36.7734034501558,0 -2.70614410989831,36.7733993080511,0 -2.70614119342129,36.7733950086775,0 -2.70613850416724,36.7733905636395,0 -2.70613604939459,36.7733859849342,0 -2.70613383572886,36.7733812849199,0 -2.70613186914485,36.773376476282,0 -2.70613015495045,36.7733715719994,0 -2.70612869777236,36.7733665853088,0 -2.70612750154355,36.7733615296696,0 -2.70612656949272,36.7733564187273,0 -2.70612590413549,36.7733512662763,0 -2.70612550726771,36.7733460862236,0 -2.70475514250133,36.7462257730824,0 -2.70475501539882,36.7462204764083,0 -2.70475516900455,36.7462151804365,0 -2.70475560288734,36.7462099000333,0 -2.70475631582924,36.7462046500213,0 -2.70475730582895,36.7461994451378,0 -2.70475857010745,36.7461942999933,0 -2.7047601051158,36.7461892290308,0 -2.7047619065451,36.7461842464848,0 -2.70476396933855,36.7461793663419,0 -2.70476628770573,36.746174602301,0 -2.70476885513875,36.7461699677352,0 -2.7047716644306,36.7461654756543,0 -2.70477470769534,36.7461611386678,0 -2.70477797639025,36.7461569689501,0 -2.7047814613398,36.746152978206,0 -2.70478515276142,36.7461491776379,0 -2.70478904029296,36.7461455779142,0 -2.70479311302176,36.7461421891398,0 -2.7047973595153,36.7461390208272,0 -2.70480176785328,36.7461360818702,0 -2.7048063256611,36.7461333805188,0 -2.70481102014458,36.7461309243557,0 -2.70481583812587,36.7461287202758,0 -2.70482076608045,36.7461267744661,0 -2.70482579017512,36.7461250923886,0 -2.70483089630678,36.7461236787651,0 -2.70483607014205,36.7461225375637,0 -2.7048412971575,36.746121671988,0 -2.70484656268043,36.7461210844676,0 -2.70485185193003,36.7461207766518,0 -2.73595989914224,36.7451362880184,0</coordinates></LinearRing></outerBoundaryIs></Polygon><Polygon><outerBoundaryIs><LinearRing><coordinates>-2.93663956760681,35.2804162467618,0 -2.93664390123699,35.2804132770964,0 -2.93664838484446,35.2804105391177,0 -2.9366530060548,35.2804080403824,0 -2.9366577521138,35.2804057877867,0 -2.9366626099227,35.2804037875478,0 -2.9366675660743,35.280402045186,0 -2.93667260688998,35.2804005655102,0 -2.93667771845748,35.2803993526042,0 -2.93668288666922,35.2803984098155,0 -2.93668809726135,35.2803977397461,0 -2.93669333585299,35.2803973442454,0 -2.93669858798603,35.280397224405,0 -2.93670383916497,35.2803973805555,0 -2.93670907489693,35.2803978122661,0 -2.93671428073169,35.2803985183452,0 -2.93671944230153,35.280399496844,0 -2.93672454536088,35.2804007450621,0 -2.93672957582569,35.2804022595545,0 -2.93673451981224,35.2804040361411,0 -2.93673936367549,35.2804060699189,0 -2.93674409404674,35.2804083552747,0 -2.93674869787051,35.2804108859011,0 -2.93675316244059,35.2804136548137,0 -2.93675747543509,35.2804166543706,0 -2.93676162495046,35.2804198762932,0 -2.93676559953436,35.2804233116893,0 -2.93676938821721,35.2804269510774,0 -2.93677298054254,35.280430784413,0 -2.93677636659578,35.2804348011164,0 -2.93677953703169,35.2804389901019,0 -2.9367824831001,35.2804433398081,0 -2.93678519667007,35.2804478382302,0 -2.93678767025234,35.2804524729528,0 -2.93678989702002,35.2804572311845,0 -2.93679187082739,35.2804620997929,0 -2.93679358622689,35.280467065341,0 -2.93679503848414,35.2804721141243,0 -2.93679622359101,35.2804772322084,0 -2.93679713827671,35.2804824054678,0 -2.93679778001675,35.2804876196248,0 -2.93679814704,35.2804928602886,0 -2.93679823833349,35.2804981129954,0 -2.93634311609187,35.3316801217094,0 -2.9363429359701,35.3316852972672,0 -2.93634248815356,35.3316904565602,0 -2.93634177384326,35.3316955857515,0 -2.93634079495488,35.3317006710854,0 -2.9363395541137,35.3317056989235,0 -2.93633805464751,35.3317106557818,0 -2.9363363005777,35.3317155283665,0 -2.93633429660848,35.33172030361,0 -2.93633204811426,35.3317249687056,0 -2.93632956112526,35.331729511142,0 -2.93632684231127,35.331733918737,0 -2.93632389896386,35.3317381796698,0 -2.93632073897674,35.3317422825133,0 -2.93631737082462,35.331746216264,0 -2.9363138035405,35.331749970372,0 -2.93631004669143,35.3317535347693,0 -2.93630611035283,35.3317568998965,0 -2.93630200508152,35.3317600567288,0 -2.93629774188735,35.3317629968,0 -2.93629333220373,35.3317657122251,0 -2.9362887878569,35.3317681957216,0 -2.93628412103429,35.3317704406291,0 -2.93627934425177,35.331772440927,0 -2.93627447032011,35.3317741912507,0 -2.93626951231065,35.3317756869061,0 -2.93626448352019,35.3317769238821,0 -2.93625939743535,35.3317778988611,0 -2.93625426769644,35.3317786092284,0 -2.93624910806082,35.3317790530788,0 -2.93624393236604,35.3317792292221,0 -2.9362387544927,35.3317791371858,0 -2.93623358832727,35.3317787772167,0 -2.93622844772481,35.3317781502803,0 -2.93622334647181,35.3317772580579,0 -2.93621829824924,35.3317761029424,0 -2.93621331659587,35.3317746880316,0 -2.93620841487189,35.3317730171201,0 -2.93620360622318,35.3317710946892,0 -2.93619890354596,35.3317689258946,0 -2.93619431945228,35.3317665165528,0 -2.93618986623614,35.3317638731253,0 -2.93618555584055,35.3317610027015,0 -2.93618139982551,35.3317579129795,0 -2.93617740933695,35.3317546122456,0 -2.93617359507691,35.3317511093521,0 -2.90611665599762,35.3026776552366,0 -2.90611295255789,35.3026738783344,0 -2.90610945401459,35.3026699108855,0 -2.9061061701568,35.302665763991,0 -2.90610311017289,35.3026614492542,0 -2.90610028262485,35.3026569787477,0 -2.90609769542429,35.3026523649804,0 -2.9060953558103,35.3026476208617,0 -2.90609327032924,35.3026427596659,0 -2.90609144481637,35.3026377949949,0 -2.90608988437957,35.3026327407399,0 -2.90608859338501,35.3026276110432,0 -2.90608757544494,35.3026224202577,0 -2.90608683340762,35.3026171829076,0 -2.9060863693493,35.3026119136471,0 -2.90608618456842,35.30260662722,0 -2.90608627958203,35.3026013384178,0 -2.90608665412426,35.302596062039,0 -2.90608730714713,35.302590812847,0 -2.90608823682345,35.3025856055292,0 -2.90608944055195,35.3025804546562,0 -2.90609091496453,35.3025753746401,0 -2.90609265593573,35.3025703796951,0 -2.90609465859422,35.3025654837974,0 -2.90609691733649,35.3025607006458,0 -2.90609942584245,35.3025560436238,0 -2.90610217709321,35.3025515257621,0 -2.90610516339063,35.3025471597016,0 -2.90610837637892,35.302542957659,0 -2.90611180706799,35.3025389313918,0 -2.90611544585861,35.3025350921654,0 -2.90611928256929,35.3025314507225,0 -2.90612330646474,35.3025280172517,0 -2.9061275062859,35.3025248013603,0 -2.93663956760681,35.2804162467618,0</coordinates></LinearRing></outerBoundaryIs></Polygon><Polygon><outerBoundaryIs><LinearRing><coordinates>-3.04589747081797,35.9557676892296,0 -3.04589654399217,35.9557728147777,0 -3.04589535154126,35.9557778851141,0 -3.04589389670037,35.9557828864827,0 -3.04589218341653,35.9557878053147,0 -3.04589021633793,35.9557926282653,0 -3.04588800080129,35.9557973422495,0 -3.04588554281742,35.9558019344783,0 -3.04588284905489,35.9558063924928,0 -3.04587992682195,35.9558107041984,0 -3.04587678404669,35.9558148578972,0 -3.04587342925553,35.9558188423201,0 -3.04586987155012,35.9558226466574,0 -3.04586612058259,35.9558262605878,0 -3.04586218652941,35.9558296743065,0 -3.04585808006376,35.9558328785522,0 -3.0458538123266,35.9558358646314,0 -3.04584939489639,35.9558386244431,0 -3.04584483975775,35.9558411504997,0 -3.04584015926886,35.955843435948,0 -3.04583536612801,35.9558454745875,0 -3.04583047333913,35.9558472608873,0 -3.04582549417646,35.9558487900011,0 -3.04582044214859,35.9558500577805,0 -3.04581533096181,35.9558510607858,0 -3.04581017448289,35.955851796296,0 -3.0458049867015,35.9558522623156,0 -3.0457997816922,35.9558524575802,0 -3.04579457357632,35.9558523815601,0 -3.04578937648361,35.9558520344615,0 -3.04578420451391,35.9558514172261,0 -3.04577907169891,35.9558505315285,0 -3.04577399196405,35.9558493797717,0 -3.0457689790908,35.9558479650803,0 -3.04576404667919,35.9558462912924,0 -3.04575920811098,35.9558443629491,0 -3.04575447651334,35.9558421852821,0 -3.0457498647232,35.9558397641993,0 -3.04574538525246,35.9558371062693,0 -3.04574105025405,35.9558342187031,0 -3.04573687148891,35.9558311093346,0 -3.04573286029415,35.9558277865998,0 -3.04572902755224,35.9558242595133,0 -3.01689580564876,35.9278690610865,0 -3.01689218354631,35.9278653626558,0 -3.01688875768889,35.9278614817389,0 -3.01688553725712,35.9278574287357,0 -3.01688253088112,35.9278532145076,0 -3.01687974661737,35.9278488503478,0 -3.01687719192716,35.9278443479514,0 -3.01687487365655,35.927839719384,0 -3.01687279801803,35.9278349770491,0 -3.01687097057392,35.9278301336553,0 -3.01686939622139,35.9278252021819,0 -3.0168680791794,35.9278201958444,0 -3.01686702297737,35.9278151280586,0 -3.01686623044569,35.9278100124053,0 -3.01686570370821,35.9278048625934,0 -3.01686544417647,35.9277996924233,0 -3.01686545254596,35.9277945157501,0 -3.01686572879427,35.9277893464462,0 -3.01686627218109,35.9277841983644,0 -3.01686708125025,35.9277790853005,0 -3.01686815383362,35.9277740209565,0 -3.01686948705689,35.9277690189039,0 -3.01687107734727,35.927764092547,0 -3.01687292044311,35.9277592550876,0 -3.01687501140527,35.9277545194892,0 -3.0168773446304,35.9277498984421,0 -3.0168799138659,35.92774540433,0 -3.01688271222675,35.927741049196,0 -3.01688573221388,35.9277368447111,0 -3.01688896573434,35.9277328021425,0 -3.01689240412293,35.9277289323235,0 -3.01689603816544,35.9277252456244,0 -3.01689985812337,35.9277217519248,0 -3.01690385376,35.9277184605872,0 -3.01690801436779,35.9277153804316,0 -3.01691232879716,35.9277125197124,0 -3.01691678548629,35.9277098860956,0 -3.01692137249213,35.9277074866389,0 -3.01692607752242,35.9277053277722,0 -3.01693088796861,35.9277034152809,0 -3.01693579093966,35.9277017542902,0 -3.01694077329659,35.9277003492511,0 -3.01694582168766,35.9276992039289,0 -3.01695092258419,35.9276983213928,0 -3.01695606231679,35.9276977040079,0 -3.05058228272536,35.9245389972276,0 -3.05058746254262,35.9245386460198,0 -3.05059265360662,35.9245385641157,0 -3.05059784192546,35.9245387517362,0 -3.0506030135146,35.9245392083756,0 -3.05060815443463,35.924539932803,0 -3.05061325082878,35.9245409230658,0 -3.05061828896031,35.9245421764949,0 -3.05062325524952,35.9245436897117,0 -3.05062813631033,35.9245454586377,0 -3.05063291898641,35.9245474785049,0 -3.0506375903866,35.9245497438689,0 -3.05064213791968,35.9245522486237,0 -3.0506465493283,35.924554986018,0 -3.05065081272201,35.9245579486735,0 -3.05065491660931,35.9245611286048,0 -3.05065884992866,35.9245645172406,0 -3.05066260207824,35.9245681054473,0 -3.05066616294456,35.9245718835533,0 -3.05066952292972,35.9245758413751,0 -3.05067267297725,35.9245799682449,0 -3.05067560459658,35.9245842530392,0 -3.05067830988584,35.9245886842087,0 -3.05068078155326,35.9245932498099,0 -3.05068301293672,35.9245979375366,0 -3.0506849980218,35.9246027347536,0 -3.05068673145792,35.9246076285306,0 -3.0506882085728,35.9246126056769,0 -3.05068942538506,35.9246176527772,0 -3.05069037861491,35.9246227562277,0 -3.05069106569302,35.9246279022725,0 -3.05069148476747,35.9246330770411,0 -3.05069163470868,35.9246382665856,0 -3.05069151511251,35.924643456918,0 -3.05069112630131,35.9246486340484,0 -3.05069046932307,35.9246537840225,0 -3.04589747081797,35.9557676892296,0</coordinates></LinearRing></outerBoundaryIs></Polygon></MultiGeometry>
  </Placemark>
</Folder>
</Document></kml>
